,NUMBER_OWN_CHILDREN,AMOUNT_NEEDED_TO_MEET_HOUSEHOLD_FOOD_NEED,FOODSTAMPS_AMT_PERMONTH,HOUSEHOLD_PURCHASES_RESTAURANTS,HOUSEHOLD_PURCHASES_GROCERIES,FAMILY_INCOME
7,0,180.0,,,,
8,0,180.0,,,,
30,0,20.0,,,,
31,0,20.0,,,,
61,0,100.0,,,,
108,0,20.0,,,,
109,0,20.0,,,,
145,2,60.0,,,,
146,2,60.0,,,,
147,0,60.0,,,,
148,0,60.0,,,,
173,0,100.0,,,,
174,0,100.0,,,,
180,0,30.0,,,,
183,0,50.0,,,,
184,0,50.0,,,,
234,0,80.0,,,,
235,0,80.0,,,,
236,0,80.0,,,,
237,0,80.0,,,,
238,0,80.0,,,,
250,3,200.0,,,,
251,3,200.0,,,,
252,0,200.0,,,,
253,0,200.0,,,,
254,0,200.0,,,,
255,0,200.0,,,,
273,2,80.0,,,,
274,2,80.0,,,,
275,0,80.0,,,,
276,0,80.0,,,,
279,0,20.0,,,,
290,0,50.0,,,,
295,2,100.0,,,,
296,0,100.0,,,,
297,0,100.0,,,,
299,0,-2.0,,,,
328,0,40.0,,,,
334,0,40.0,,,,
335,0,40.0,,,,
336,0,40.0,,,,
352,0,50.0,,,,
353,0,50.0,,,,
354,0,50.0,,,,
355,0,10.0,,,,
368,0,50.0,,,,
369,0,50.0,,,,
400,0,30.0,,,,
401,0,50.0,,,,
402,0,50.0,,,,
440,0,30.0,,,,
441,0,30.0,,,,
466,0,30.0,,,,
470,0,150.0,,,,
471,0,150.0,,,,
472,0,150.0,,,,
481,0,100.0,,,,
482,0,60.0,,,,
485,0,20.0,,,,
486,0,20.0,,,,
490,0,50.0,,,,
491,0,50.0,,,,
492,0,50.0,,,,
493,0,40.0,,,,
546,0,50.0,,,,
547,0,50.0,,,,
571,0,30.0,,,,
572,1,100.0,,,,
573,0,100.0,,,,
586,0,50.0,,,,
592,0,100.0,,,,
593,1,100.0,,,,
594,0,100.0,,,,
595,0,100.0,,,,
596,0,10.0,,,,
597,0,10.0,,,,
603,0,20.0,,,,
604,0,20.0,,,,
611,0,10.0,,,,
612,0,10.0,,,,
635,0,50.0,,,,
637,0,30.0,,,,
687,0,60.0,,,,
698,0,30.0,,,,
699,0,30.0,,,,
705,0,80.0,,,,
706,0,80.0,,,,
748,1,20.0,,,,
749,0,20.0,,,,
784,0,70.0,,,,
785,0,70.0,,,,
788,0,40.0,,,,
789,0,40.0,,,,
795,0,30.0,,,,
796,0,30.0,,,,
797,0,30.0,,,,
798,0,20.0,,,,
799,0,20.0,,,,
800,0,20.0,,,,
810,0,50.0,,,,
817,1,150.0,,,,
818,0,150.0,,,,
822,0,150.0,,,,
833,0,100.0,,,,
834,0,100.0,,,,
835,0,100.0,,,,
852,0,50.0,,,,
859,0,50.0,,,,
860,0,50.0,,,,
861,0,50.0,,,,
862,0,50.0,,,,
869,0,130.0,,,,
870,0,130.0,,,,
871,0,130.0,,,,
875,0,100.0,,,,
889,1,40.0,,,,
890,1,40.0,,,,
891,0,40.0,,,,
893,0,50.0,,,,
894,0,50.0,,,,
898,0,150.0,,,,
899,0,150.0,,,,
900,0,150.0,,,,
901,0,150.0,,,,
902,0,150.0,,,,
903,0,150.0,,,,
904,0,150.0,,,,
907,0,50.0,,,,
908,0,50.0,,,,
909,0,50.0,,,,
910,0,50.0,,,,
912,1,50.0,,,,
913,1,50.0,,,,
914,0,50.0,,,,
930,1,30.0,,,,
931,1,30.0,,,,
932,0,30.0,,,,
963,0,30.0,,,,
969,0,50.0,,,,
970,1,50.0,,,,
971,1,50.0,,,,
972,0,50.0,,,,
987,1,30.0,,,,
988,1,30.0,,,,
989,0,30.0,,,,
1008,0,4.0,,,,
1010,0,20.0,,,,
1011,0,20.0,,,,
1012,0,20.0,,,,
1013,0,20.0,,,,
1014,0,100.0,,,,
1015,0,100.0,,,,
1021,2,200.0,,,,
1022,0,200.0,,,,
1023,0,200.0,,,,
1037,1,100.0,,,,
1038,0,100.0,,,,
1039,0,100.0,,,,
1040,0,100.0,,,,
1086,3,50.0,,,,
1087,0,50.0,,,,
1088,0,50.0,,,,
1089,0,50.0,,,,
1140,2,40.0,,,,
1141,0,40.0,,,,
1142,0,40.0,,,,
1150,0,40.0,,,,
1151,0,40.0,,,,
1156,0,30.0,,,,
1157,0,30.0,,,,
1169,0,-2.0,,,,
1170,0,-2.0,,,,
1195,0,60.0,,,,
1196,0,60.0,,,,
1198,0,100.0,,,,
1199,0,100.0,,,,
1268,0,80.0,,,,
1269,0,80.0,,,,
1270,0,80.0,,,,
1272,0,50.0,,,,
1273,0,50.0,,,,
1293,0,50.0,,,,
1294,0,50.0,,,,
1306,0,30.0,,,,
1307,0,30.0,,,,
1308,0,30.0,,,,
1309,0,30.0,,,,
1310,0,30.0,,,,
1317,0,20.0,,,,
1318,0,20.0,,,,
1327,2,150.0,,,,
1328,0,150.0,,,,
1329,0,150.0,,,,
1330,0,150.0,,,,
1341,0,50.0,,,,
1342,0,30.0,,,,
1343,0,30.0,,,,
1383,0,100.0,,,,
1384,0,100.0,,,,
1385,0,100.0,,,,
1386,0,100.0,,,,
1387,0,100.0,,,,
1388,0,100.0,,,,
1389,0,100.0,,,,
1464,0,30.0,,,,
1479,0,30.0,,,,
1495,0,40.0,,,,
1496,0,40.0,,,,
1497,0,40.0,,,,
1500,0,60.0,,,,
1514,2,20.0,,,,
1515,2,20.0,,,,
1516,0,20.0,,,,
1517,0,20.0,,,,
1525,0,20.0,,,,
1549,1,20.0,,,,
1550,0,20.0,,,,
1576,0,50.0,,,,
1577,0,50.0,,,,
1585,0,40.0,,,,
1586,0,40.0,,,,
1593,0,30.0,,,,
1594,0,30.0,,,,
1616,0,50.0,,,,
1617,0,50.0,,,,
1618,0,50.0,,,,
1682,2,30.0,,,,
1683,2,30.0,,,,
1684,0,30.0,,,,
1685,0,30.0,,,,
1709,0,100.0,,,,
1713,2,100.0,,,,
1714,0,100.0,,,,
1715,0,100.0,,,,
1716,0,100.0,,,,
1759,1,150.0,,,,
1760,0,150.0,,,,
1763,0,50.0,,,,
1773,0,20.0,,,,
1774,0,20.0,,,,
1819,2,100.0,,,,
1820,0,100.0,,,,
1821,0,100.0,,,,
1846,0,60.0,,,,
1847,0,60.0,,,,
1848,0,60.0,,,,
1849,0,60.0,,,,
1850,0,60.0,,,,
1851,0,60.0,,,,
1852,0,50.0,,,,
1853,0,50.0,,,,
1893,0,40.0,,,,
1894,0,40.0,,,,
1895,0,40.0,,,,
1896,1,100.0,,,,
1897,0,100.0,,,,
1910,0,100.0,,,,
1911,0,100.0,,,,
1912,0,100.0,,,,
1934,1,30.0,,,,
1935,1,30.0,,,,
1936,0,30.0,,,,
1943,0,200.0,,,,
1945,0,50.0,,,,
1955,0,40.0,,,,
1956,2,40.0,,,,
1957,0,40.0,,,,
1958,0,40.0,,,,
1959,0,40.0,,,,
1966,0,200.0,,,,
1968,0,30.0,,,,
1969,0,30.0,,,,
1980,1,30.0,,,,
1981,1,30.0,,,,
1982,0,30.0,,,,
2048,0,80.0,,,,
2059,0,30.0,,,,
2060,0,30.0,,,,
2098,0,30.0,,,,
2099,0,30.0,,,,
2102,0,50.0,,,,
2103,0,50.0,,,,
2132,2,100.0,,,,
2133,0,100.0,,,,
2134,0,100.0,,,,
2135,1,200.0,,,,
2136,1,200.0,,,,
2137,0,200.0,,,,
2242,0,80.0,,,,
2243,0,80.0,,,,
2245,2,60.0,,,,
2246,0,60.0,,,,
2247,0,60.0,,,,
2438,3,30.0,,,,
2439,3,30.0,,,,
2440,0,30.0,,,,
2441,0,30.0,,,,
2442,0,30.0,,,,
10,2,,540.0,,,
11,0,,540.0,,,
12,0,,540.0,,,
52,0,,200.0,,,
53,0,,200.0,,,
54,0,,200.0,,,
95,0,,130.0,,,
108,0,,20.0,,,
109,0,,200.0,,,
137,1,,500.0,,,
138,1,,500.0,,,
139,0,,500.0,,,
180,0,,190.0,,,
185,0,,100.0,,,
203,2,,500.0,,,
204,1,,500.0,,,
205,0,,500.0,,,
206,0,,500.0,,,
210,0,,180.0,,,
250,3,,600.0,,,
251,3,,600.0,,,
252,0,,600.0,,,
253,0,,600.0,,,
254,0,,600.0,,,
255,0,,600.0,,,
260,2,,220.0,,,
261,0,,220.0,,,
262,0,,220.0,,,
334,0,,70.0,,,
335,0,,70.0,,,
336,0,,70.0,,,
400,0,,160.0,,,
443,0,,180.0,,,
444,0,,180.0,,,
445,0,,180.0,,,
446,0,,180.0,,,
473,0,,170.0,,,
474,0,,120.0,,,
484,0,,70.0,,,
488,0,,90.0,,,
489,0,,90.0,,,
493,0,,110.0,,,
524,0,,20.0,,,
534,0,,300.0,,,
535,0,,300.0,,,
536,0,,300.0,,,
572,1,,200.0,,,
573,0,,200.0,,,
592,0,,170.0,,,
593,1,,170.0,,,
594,0,,170.0,,,
595,0,,170.0,,,
598,0,,260.0,,,
599,0,,260.0,,,
600,0,,260.0,,,
637,0,,30.0,,,
642,0,,350.0,,,
643,0,,350.0,,,
644,0,,350.0,,,
674,0,,190.0,,,
675,3,,600.0,,,
676,0,,600.0,,,
677,0,,600.0,,,
678,0,,600.0,,,
713,1,,200.0,,,
714,0,,200.0,,,
732,0,,130.0,,,
788,0,,270.0,,,
789,0,,270.0,,,
810,0,,200.0,,,
817,1,,200.0,,,
818,0,,200.0,,,
859,0,,100.0,,,
860,0,,100.0,,,
861,0,,100.0,,,
862,0,,100.0,,,
866,0,,90.0,,,
875,0,,10.0,,,
907,0,,300.0,,,
908,0,,300.0,,,
909,0,,300.0,,,
910,0,,300.0,,,
1001,0,,280.0,,,
1002,1,,280.0,,,
1003,0,,280.0,,,
1004,3,,380.0,,,
1005,0,,380.0,,,
1006,0,,380.0,,,
1007,0,,380.0,,,
1027,0,,220.0,,,
1028,0,,220.0,,,
1029,0,,220.0,,,
1034,1,,220.0,,,
1035,1,,220.0,,,
1036,0,,220.0,,,
1053,0,,200.0,,,
1068,3,,200.0,,,
1069,0,,200.0,,,
1070,0,,200.0,,,
1071,0,,200.0,,,
1072,0,,200.0,,,
1073,0,,200.0,,,
1086,3,,648.0,,,
1087,0,,648.0,,,
1088,0,,648.0,,,
1089,0,,648.0,,,
1090,0,,150.0,,,
1091,0,,150.0,,,
1092,2,,150.0,,,
1093,0,,150.0,,,
1094,0,,150.0,,,
1110,0,,400.0,,,
1111,0,,400.0,,,
1112,0,,400.0,,,
1166,0,,190.0,,,
1167,0,,190.0,,,
1198,0,,360.0,,,
1199,0,,360.0,,,
1219,0,,90.0,,,
1220,0,,90.0,,,
1274,1,,500.0,,,
1275,1,,500.0,,,
1276,0,,500.0,,,
1282,0,,190.0,,,
1293,0,,50.0,,,
1294,0,,50.0,,,
1295,0,,220.0,,,
1296,0,,220.0,,,
1297,0,,220.0,,,
1306,0,,648.0,,,
1307,0,,648.0,,,
1308,0,,648.0,,,
1309,0,,648.0,,,
1310,0,,648.0,,,
1344,0,,20.0,,,
1345,0,,20.0,,,
1346,0,,20.0,,,
1370,0,,648.0,,,
1371,0,,648.0,,,
1372,0,,648.0,,,
1373,0,,648.0,,,
1422,0,,30.0,,,
1464,0,,200.0,,,
1507,0,,400.0,,,
1508,0,,400.0,,,
1514,2,,540.0,,,
1515,2,,540.0,,,
1516,0,,540.0,,,
1517,0,,540.0,,,
1578,0,,100.0,,,
1580,0,,300.0,,,
1581,0,,300.0,,,
1582,0,,300.0,,,
1583,0,,300.0,,,
1584,0,,300.0,,,
1611,2,,400.0,,,
1612,0,,400.0,,,
1613,0,,400.0,,,
1620,0,,140.0,,,
1621,0,,140.0,,,
1622,0,,140.0,,,
1623,0,,140.0,,,
1624,0,,140.0,,,
1625,0,,140.0,,,
1626,0,,140.0,,,
1627,0,,140.0,,,
1628,0,,140.0,,,
1731,1,,200.0,,,
1732,1,,200.0,,,
1733,0,,200.0,,,
1759,1,,300.0,,,
1760,0,,300.0,,,
1763,0,,170.0,,,
1793,2,,360.0,,,
1794,0,,360.0,,,
1795,0,,360.0,,,
1846,0,,20.0,,,
1847,0,,20.0,,,
1848,0,,20.0,,,
1849,0,,20.0,,,
1850,0,,20.0,,,
1851,0,,20.0,,,
1879,0,,130.0,,,
1896,1,,260.0,,,
1897,0,,260.0,,,
1910,0,,180.0,,,
1911,0,,180.0,,,
1912,0,,180.0,,,
1943,0,,190.0,,,
1944,0,,160.0,,,
1966,0,,390.0,,,
1971,0,,190.0,,,
1972,0,,190.0,,,
1980,1,,300.0,,,
1981,1,,300.0,,,
1982,0,,300.0,,,
2026,2,,600.0,,,
2027,0,,600.0,,,
2028,0,,600.0,,,
2053,2,,4.0,,,
2054,0,,4.0,,,
2055,0,,4.0,,,
2182,3,,648.0,,,
2183,3,,648.0,,,
2184,0,,648.0,,,
2185,0,,648.0,,,
2186,0,,648.0,,,
2191,0,,180.0,,,
2196,2,,40.0,,,
2197,0,,40.0,,,
2198,0,,40.0,,,
2199,0,,40.0,,,
2245,2,,350.0,,,
2246,0,,350.0,,,
2247,0,,350.0,,,
2349,0,,100.0,,,
2438,3,,360.0,,,
2439,3,,360.0,,,
2440,0,,360.0,,,
2441,0,,360.0,,,
2442,0,,360.0,,,
2445,3,,280.0,,,
2446,0,,280.0,,,
2447,0,,280.0,,,
2448,0,,280.0,,,
1,0,,,10.0,,
2,0,,,30.0,,
3,0,,,30.0,,
7,0,,,60.0,,
8,0,,,60.0,,
9,0,,,4.0,,
10,2,,,60.0,,
11,0,,,60.0,,
12,0,,,60.0,,
13,1,,,10.0,,
14,0,,,10.0,,
30,0,,,30.0,,
31,0,,,30.0,,
32,0,,,40.0,,
33,0,,,40.0,,
40,0,,,60.0,,
42,0,,,30.0,,
43,0,,,30.0,,
49,0,,,10.0,,
50,0,,,10.0,,
52,0,,,10.0,,
53,0,,,10.0,,
54,0,,,10.0,,
73,0,,,40.0,,
75,0,,,150.0,,
76,0,,,150.0,,
82,0,,,50.0,,
83,0,,,50.0,,
88,0,,,20.0,,
89,0,,,20.0,,
90,0,,,20.0,,
91,0,,,20.0,,
100,1,,,50.0,,
101,0,,,50.0,,
102,0,,,50.0,,
105,0,,,60.0,,
106,0,,,60.0,,
107,0,,,60.0,,
109,0,,,20.0,,
110,0,,,40.0,,
115,0,,,30.0,,
128,0,,,30.0,,
137,1,,,50.0,,
138,1,,,50.0,,
139,0,,,50.0,,
142,0,,,50.0,,
145,2,,,70.0,,
146,2,,,70.0,,
147,0,,,70.0,,
148,0,,,70.0,,
149,0,,,20.0,,
150,0,,,20.0,,
153,0,,,30.0,,
154,0,,,50.0,,
155,0,,,50.0,,
156,0,,,50.0,,
157,0,,,50.0,,
159,0,,,20.0,,
160,0,,,20.0,,
161,0,,,20.0,,
166,0,,,4.0,,
170,0,,,40.0,,
171,0,,,40.0,,
172,0,,,40.0,,
173,0,,,80.0,,
174,0,,,80.0,,
190,0,,,80.0,,
191,1,,,40.0,,
192,1,,,40.0,,
193,0,,,40.0,,
195,0,,,150.0,,
196,0,,,150.0,,
197,0,,,30.0,,
198,0,,,30.0,,
199,0,,,200.0,,
203,2,,,120.0,,
204,1,,,120.0,,
205,0,,,120.0,,
206,0,,,120.0,,
215,0,,,150.0,,
216,0,,,150.0,,
221,0,,,40.0,,
222,0,,,40.0,,
231,0,,,20.0,,
234,0,,,40.0,,
235,0,,,40.0,,
236,0,,,40.0,,
237,0,,,40.0,,
238,0,,,40.0,,
239,3,,,50.0,,
240,3,,,50.0,,
241,0,,,50.0,,
242,0,,,50.0,,
243,0,,,50.0,,
246,0,,,100.0,,
247,0,,,100.0,,
248,0,,,100.0,,
249,0,,,100.0,,
250,3,,,50.0,,
251,3,,,50.0,,
252,0,,,50.0,,
253,0,,,50.0,,
254,0,,,50.0,,
255,0,,,50.0,,
260,2,,,60.0,,
261,0,,,60.0,,
262,0,,,60.0,,
282,0,,,20.0,,
283,2,,,20.0,,
284,0,,,20.0,,
285,0,,,20.0,,
290,0,,,10.0,,
294,0,,,60.0,,
295,2,,,80.0,,
296,0,,,80.0,,
297,0,,,80.0,,
314,0,,,4.0,,
322,2,,,4.0,,
323,2,,,4.0,,
324,0,,,4.0,,
325,0,,,4.0,,
328,0,,,4.0,,
329,0,,,40.0,,
330,0,,,40.0,,
341,0,,,30.0,,
342,0,,,30.0,,
343,0,,,30.0,,
344,0,,,50.0,,
345,0,,,50.0,,
346,0,,,50.0,,
347,0,,,20.0,,
348,0,,,20.0,,
351,0,,,20.0,,
361,0,,,20.0,,
362,0,,,20.0,,
366,0,,,150.0,,
367,0,,,150.0,,
370,0,,,30.0,,
371,0,,,60.0,,
372,0,,,60.0,,
373,0,,,60.0,,
374,0,,,40.0,,
375,0,,,40.0,,
380,1,,,50.0,,
381,1,,,50.0,,
382,0,,,50.0,,
386,0,,,4.0,,
387,1,,,30.0,,
388,1,,,30.0,,
389,0,,,30.0,,
400,0,,,20.0,,
404,0,,,20.0,,
405,0,,,20.0,,
413,2,,,60.0,,
414,2,,,60.0,,
415,0,,,60.0,,
416,0,,,60.0,,
418,0,,,30.0,,
419,0,,,30.0,,
421,0,,,20.0,,
422,0,,,20.0,,
428,0,,,60.0,,
429,0,,,60.0,,
430,0,,,50.0,,
431,0,,,50.0,,
432,0,,,30.0,,
437,1,,,90.0,,
438,0,,,90.0,,
439,0,,,90.0,,
470,0,,,20.0,,
471,0,,,20.0,,
472,0,,,20.0,,
476,0,,,60.0,,
477,0,,,60.0,,
479,0,,,80.0,,
480,0,,,100.0,,
481,0,,,10.0,,
484,0,,,30.0,,
487,0,,,30.0,,
498,0,,,70.0,,
499,0,,,70.0,,
506,0,,,30.0,,
507,0,,,30.0,,
511,0,,,60.0,,
512,0,,,60.0,,
513,0,,,30.0,,
515,2,,,40.0,,
516,2,,,40.0,,
517,0,,,40.0,,
518,0,,,40.0,,
521,0,,,60.0,,
522,0,,,60.0,,
532,0,,,200.0,,
533,0,,,200.0,,
546,0,,,40.0,,
547,0,,,40.0,,
553,0,,,20.0,,
554,1,,,20.0,,
555,1,,,20.0,,
556,0,,,20.0,,
569,0,,,100.0,,
570,0,,,100.0,,
585,0,,,30.0,,
588,0,,,100.0,,
589,0,,,100.0,,
592,0,,,20.0,,
593,1,,,20.0,,
594,0,,,20.0,,
595,0,,,20.0,,
605,1,,,50.0,,
606,1,,,50.0,,
607,0,,,50.0,,
613,0,,,20.0,,
630,0,,,70.0,,
631,0,,,70.0,,
632,0,,,70.0,,
633,0,,,70.0,,
637,0,,,50.0,,
638,0,,,40.0,,
639,0,,,40.0,,
640,0,,,30.0,,
641,0,,,30.0,,
642,0,,,40.0,,
643,0,,,40.0,,
644,0,,,40.0,,
647,0,,,20.0,,
657,0,,,80.0,,
658,0,,,80.0,,
662,2,,,50.0,,
663,2,,,50.0,,
664,0,,,50.0,,
665,0,,,50.0,,
668,1,,,100.0,,
669,1,,,100.0,,
670,0,,,100.0,,
679,0,,,80.0,,
680,0,,,80.0,,
681,0,,,80.0,,
682,3,,,50.0,,
683,3,,,50.0,,
684,0,,,50.0,,
685,0,,,50.0,,
686,0,,,50.0,,
694,2,,,100.0,,
695,2,,,100.0,,
696,0,,,100.0,,
697,0,,,100.0,,
701,0,,,20.0,,
713,1,,,30.0,,
714,0,,,30.0,,
716,0,,,20.0,,
717,0,,,20.0,,
722,0,,,30.0,,
724,2,,,4.0,,
725,1,,,4.0,,
726,0,,,4.0,,
727,0,,,4.0,,
740,0,,,20.0,,
743,0,,,20.0,,
744,0,,,20.0,,
753,0,,,20.0,,
754,0,,,20.0,,
769,0,,,30.0,,
770,0,,,30.0,,
771,1,,,30.0,,
772,0,,,30.0,,
773,0,,,30.0,,
774,0,,,30.0,,
782,0,,,50.0,,
783,0,,,50.0,,
784,0,,,10.0,,
785,0,,,10.0,,
786,0,,,50.0,,
795,0,,,40.0,,
796,0,,,40.0,,
798,0,,,20.0,,
799,0,,,20.0,,
800,0,,,20.0,,
804,0,,,200.0,,
805,0,,,200.0,,
808,0,,,90.0,,
809,0,,,90.0,,
811,0,,,30.0,,
823,1,,,50.0,,
824,1,,,50.0,,
825,0,,,50.0,,
826,0,,,50.0,,
828,3,,,200.0,,
829,3,,,200.0,,
830,0,,,200.0,,
831,0,,,200.0,,
832,0,,,200.0,,
836,0,,,20.0,,
837,0,,,80.0,,
838,0,,,80.0,,
839,1,,,30.0,,
840,1,,,30.0,,
841,0,,,30.0,,
842,1,,,80.0,,
843,1,,,80.0,,
844,0,,,80.0,,
850,0,,,30.0,,
851,0,,,30.0,,
852,0,,,20.0,,
853,0,,,70.0,,
854,0,,,70.0,,
855,0,,,70.0,,
856,0,,,70.0,,
859,0,,,40.0,,
860,0,,,40.0,,
861,0,,,40.0,,
862,0,,,40.0,,
866,0,,,20.0,,
869,0,,,40.0,,
870,0,,,40.0,,
871,0,,,40.0,,
875,0,,,50.0,,
876,0,,,50.0,,
877,0,,,50.0,,
878,0,,,50.0,,
879,0,,,200.0,,
880,0,,,200.0,,
881,0,,,200.0,,
882,0,,,200.0,,
883,0,,,200.0,,
884,0,,,30.0,,
885,0,,,30.0,,
886,0,,,40.0,,
887,0,,,40.0,,
911,0,,,60.0,,
912,1,,,100.0,,
913,1,,,100.0,,
914,0,,,100.0,,
919,0,,,60.0,,
928,0,,,40.0,,
929,0,,,40.0,,
934,1,,,80.0,,
935,1,,,80.0,,
936,0,,,80.0,,
937,0,,,80.0,,
942,0,,,20.0,,
943,0,,,20.0,,
945,1,,,50.0,,
946,1,,,50.0,,
947,0,,,50.0,,
948,0,,,50.0,,
949,0,,,60.0,,
950,0,,,60.0,,
956,0,,,30.0,,
957,0,,,30.0,,
958,0,,,30.0,,
963,0,,,50.0,,
969,0,,,20.0,,
970,1,,,20.0,,
971,1,,,20.0,,
972,0,,,20.0,,
975,0,,,20.0,,
981,2,,,60.0,,
982,2,,,60.0,,
983,0,,,60.0,,
984,0,,,60.0,,
990,0,,,20.0,,
991,0,,,30.0,,
996,0,,,20.0,,
997,0,,,20.0,,
1001,0,,,80.0,,
1002,1,,,80.0,,
1003,0,,,80.0,,
1004,3,,,150.0,,
1005,0,,,150.0,,
1006,0,,,150.0,,
1007,0,,,150.0,,
1008,0,,,4.0,,
1010,0,,,30.0,,
1011,0,,,30.0,,
1012,0,,,30.0,,
1013,0,,,30.0,,
1016,2,,,100.0,,
1017,2,,,100.0,,
1018,0,,,100.0,,
1019,0,,,100.0,,
1021,2,,,100.0,,
1022,0,,,100.0,,
1023,0,,,100.0,,
1037,1,,,200.0,,
1038,0,,,200.0,,
1039,0,,,200.0,,
1040,0,,,200.0,,
1041,2,,,30.0,,
1042,2,,,30.0,,
1043,0,,,30.0,,
1044,0,,,30.0,,
1045,0,,,20.0,,
1053,0,,,10.0,,
1054,0,,,10.0,,
1055,1,,,50.0,,
1056,0,,,50.0,,
1068,3,,,30.0,,
1069,0,,,30.0,,
1070,0,,,30.0,,
1071,0,,,30.0,,
1072,0,,,30.0,,
1073,0,,,30.0,,
1090,0,,,100.0,,
1091,0,,,100.0,,
1092,2,,,100.0,,
1093,0,,,100.0,,
1094,0,,,100.0,,
1116,0,,,10.0,,
1117,0,,,10.0,,
1139,0,,,10.0,,
1150,0,,,20.0,,
1151,0,,,20.0,,
1156,0,,,10.0,,
1157,0,,,10.0,,
1159,0,,,100.0,,
1164,0,,,30.0,,
1165,0,,,30.0,,
1173,0,,,30.0,,
1174,0,,,30.0,,
1195,0,,,30.0,,
1196,0,,,30.0,,
1204,2,,,20.0,,
1205,0,,,20.0,,
1206,0,,,20.0,,
1216,0,,,4.0,,
1217,0,,,4.0,,
1218,0,,,4.0,,
1228,0,,,40.0,,
1229,0,,,40.0,,
1230,0,,,40.0,,
1232,0,,,30.0,,
1233,0,,,30.0,,
1234,0,,,40.0,,
1235,0,,,40.0,,
1236,0,,,40.0,,
1242,0,,,50.0,,
1246,0,,,30.0,,
1247,0,,,30.0,,
1248,0,,,30.0,,
1254,0,,,40.0,,
1255,0,,,40.0,,
1256,0,,,60.0,,
1257,3,,,60.0,,
1258,0,,,60.0,,
1259,0,,,60.0,,
1260,0,,,60.0,,
1261,0,,,40.0,,
1264,2,,,100.0,,
1265,0,,,100.0,,
1266,0,,,100.0,,
1267,0,,,100.0,,
1272,0,,,200.0,,
1273,0,,,200.0,,
1274,1,,,40.0,,
1275,1,,,40.0,,
1276,0,,,40.0,,
1278,0,,,30.0,,
1279,0,,,30.0,,
1280,0,,,10.0,,
1289,0,,,30.0,,
1290,1,,,40.0,,
1291,0,,,40.0,,
1292,0,,,40.0,,
1298,0,,,40.0,,
1299,0,,,40.0,,
1304,0,,,10.0,,
1314,0,,,40.0,,
1315,0,,,40.0,,
1316,0,,,100.0,,
1317,0,,,70.0,,
1318,0,,,70.0,,
1322,0,,,40.0,,
1323,0,,,40.0,,
1337,0,,,10.0,,
1338,0,,,10.0,,
1344,0,,,30.0,,
1345,0,,,30.0,,
1346,0,,,30.0,,
1353,1,,,30.0,,
1354,0,,,30.0,,
1355,0,,,30.0,,
1356,0,,,140.0,,
1357,0,,,140.0,,
1370,0,,,4.0,,
1371,0,,,4.0,,
1372,0,,,4.0,,
1373,0,,,4.0,,
1376,2,,,10.0,,
1377,0,,,10.0,,
1378,0,,,10.0,,
1383,0,,,70.0,,
1384,0,,,70.0,,
1385,0,,,70.0,,
1386,0,,,70.0,,
1387,0,,,70.0,,
1388,0,,,70.0,,
1389,0,,,70.0,,
1391,0,,,200.0,,
1392,0,,,200.0,,
1393,0,,,200.0,,
1394,0,,,200.0,,
1395,0,,,200.0,,
1396,0,,,200.0,,
1397,0,,,200.0,,
1400,2,,,100.0,,
1401,2,,,100.0,,
1402,0,,,100.0,,
1403,0,,,100.0,,
1417,0,,,20.0,,
1418,0,,,20.0,,
1426,0,,,40.0,,
1427,1,,,50.0,,
1428,1,,,50.0,,
1429,0,,,50.0,,
1431,3,,,60.0,,
1432,3,,,60.0,,
1433,0,,,60.0,,
1434,0,,,60.0,,
1435,0,,,60.0,,
1436,0,,,60.0,,
1449,0,,,20.0,,
1478,0,,,50.0,,
1490,1,,,100.0,,
1491,1,,,100.0,,
1492,0,,,100.0,,
1509,1,,,50.0,,
1510,0,,,50.0,,
1514,2,,,70.0,,
1515,2,,,70.0,,
1516,0,,,70.0,,
1517,0,,,70.0,,
1518,0,,,40.0,,
1519,0,,,40.0,,
1520,0,,,40.0,,
1521,0,,,40.0,,
1524,0,,,10.0,,
1525,0,,,30.0,,
1528,1,,,80.0,,
1529,1,,,80.0,,
1530,0,,,80.0,,
1541,0,,,20.0,,
1542,0,,,20.0,,
1567,1,,,4.0,,
1568,0,,,4.0,,
1569,1,,,50.0,,
1570,0,,,50.0,,
1571,0,,,50.0,,
1572,0,,,60.0,,
1573,0,,,60.0,,
1574,0,,,20.0,,
1575,0,,,20.0,,
1591,0,,,50.0,,
1593,0,,,10.0,,
1594,0,,,10.0,,
1595,2,,,60.0,,
1596,2,,,60.0,,
1597,0,,,60.0,,
1598,0,,,60.0,,
1599,0,,,100.0,,
1614,0,,,30.0,,
1615,0,,,30.0,,
1629,2,,,100.0,,
1630,2,,,100.0,,
1631,0,,,100.0,,
1632,0,,,100.0,,
1633,0,,,100.0,,
1634,0,,,100.0,,
1635,0,,,100.0,,
1643,0,,,30.0,,
1644,0,,,30.0,,
1645,0,,,50.0,,
1649,0,,,20.0,,
1658,0,,,20.0,,
1667,1,,,60.0,,
1668,1,,,60.0,,
1669,0,,,60.0,,
1670,0,,,60.0,,
1671,2,,,20.0,,
1672,2,,,20.0,,
1673,0,,,20.0,,
1674,0,,,20.0,,
1689,0,,,10.0,,
1690,0,,,10.0,,
1691,0,,,10.0,,
1692,0,,,10.0,,
1694,2,,,80.0,,
1695,2,,,80.0,,
1696,0,,,80.0,,
1697,0,,,80.0,,
1698,0,,,80.0,,
1699,0,,,80.0,,
1700,0,,,80.0,,
1705,2,,,40.0,,
1706,2,,,40.0,,
1707,0,,,40.0,,
1708,0,,,40.0,,
1709,0,,,20.0,,
1710,0,,,20.0,,
1711,0,,,30.0,,
1712,0,,,30.0,,
1713,2,,,30.0,,
1714,0,,,30.0,,
1715,0,,,30.0,,
1716,0,,,30.0,,
1719,0,,,170.0,,
1720,0,,,170.0,,
1723,1,,,50.0,,
1724,1,,,50.0,,
1725,0,,,50.0,,
1729,0,,,10.0,,
1730,0,,,10.0,,
1731,1,,,30.0,,
1732,1,,,30.0,,
1733,0,,,30.0,,
1737,1,,,40.0,,
1738,0,,,40.0,,
1761,0,,,50.0,,
1762,0,,,50.0,,
1764,0,,,50.0,,
1765,0,,,50.0,,
1769,0,,,20.0,,
1773,0,,,20.0,,
1774,0,,,20.0,,
1775,3,,,50.0,,
1776,3,,,50.0,,
1777,0,,,50.0,,
1778,0,,,50.0,,
1779,0,,,50.0,,
1784,2,,,60.0,,
1785,0,,,60.0,,
1786,0,,,60.0,,
1787,1,,,30.0,,
1788,1,,,30.0,,
1789,0,,,30.0,,
1790,0,,,30.0,,
1791,0,,,30.0,,
1798,0,,,80.0,,
1799,0,,,80.0,,
1800,0,,,80.0,,
1819,2,,,40.0,,
1820,0,,,40.0,,
1821,0,,,40.0,,
1825,0,,,80.0,,
1826,0,,,80.0,,
1834,0,,,50.0,,
1835,0,,,50.0,,
1838,0,,,80.0,,
1839,0,,,80.0,,
1843,0,,,50.0,,
1844,0,,,50.0,,
1845,0,,,50.0,,
1873,0,,,100.0,,
1874,0,,,100.0,,
1875,2,,,80.0,,
1876,2,,,80.0,,
1877,0,,,80.0,,
1878,0,,,80.0,,
1880,0,,,40.0,,
1881,0,,,40.0,,
1882,0,,,40.0,,
1887,2,,,200.0,,
1888,2,,,200.0,,
1889,0,,,200.0,,
1890,0,,,200.0,,
1910,0,,,20.0,,
1911,0,,,20.0,,
1912,0,,,20.0,,
1913,0,,,60.0,,
1914,0,,,60.0,,
1918,0,,,30.0,,
1930,1,,,50.0,,
1931,0,,,50.0,,
1932,0,,,40.0,,
1937,1,,,100.0,,
1938,1,,,100.0,,
1939,0,,,100.0,,
1940,0,,,100.0,,
1941,0,,,50.0,,
1942,0,,,50.0,,
1944,0,,,30.0,,
1945,0,,,50.0,,
1947,0,,,50.0,,
1948,0,,,50.0,,
1949,1,,,50.0,,
1950,0,,,50.0,,
1953,0,,,40.0,,
1954,0,,,10.0,,
1961,0,,,30.0,,
1962,0,,,30.0,,
1965,0,,,70.0,,
1966,0,,,20.0,,
1976,0,,,40.0,,
2001,0,,,150.0,,
2002,0,,,150.0,,
2003,0,,,150.0,,
2004,0,,,150.0,,
2005,0,,,150.0,,
2006,0,,,30.0,,
2015,0,,,20.0,,
2016,0,,,20.0,,
2017,0,,,20.0,,
2018,0,,,20.0,,
2025,0,,,50.0,,
2026,2,,,50.0,,
2027,0,,,50.0,,
2028,0,,,50.0,,
2043,1,,,30.0,,
2044,0,,,30.0,,
2053,2,,,40.0,,
2054,0,,,40.0,,
2055,0,,,40.0,,
2061,1,,,20.0,,
2062,1,,,20.0,,
2063,0,,,20.0,,
2069,0,,,40.0,,
2070,1,,,40.0,,
2071,0,,,40.0,,
2072,0,,,40.0,,
2073,0,,,40.0,,
2074,1,,,40.0,,
2075,0,,,20.0,,
2076,0,,,30.0,,
2080,0,,,60.0,,
2081,0,,,60.0,,
2094,0,,,20.0,,
2095,0,,,20.0,,
2100,0,,,100.0,,
2101,0,,,100.0,,
2105,2,,,200.0,,
2106,2,,,200.0,,
2107,0,,,200.0,,
2108,0,,,200.0,,
2109,0,,,20.0,,
2110,0,,,20.0,,
2114,0,,,40.0,,
2115,0,,,40.0,,
2135,1,,,50.0,,
2136,1,,,50.0,,
2137,0,,,50.0,,
2151,0,,,30.0,,
2152,0,,,100.0,,
2157,2,,,100.0,,
2158,2,,,100.0,,
2159,0,,,100.0,,
2160,0,,,100.0,,
2163,0,,,10.0,,
2164,0,,,10.0,,
2165,0,,,50.0,,
2166,0,,,50.0,,
2171,0,,,120.0,,
2172,0,,,120.0,,
2178,3,,,30.0,,
2179,0,,,30.0,,
2180,0,,,30.0,,
2181,0,,,30.0,,
2182,3,,,50.0,,
2183,3,,,50.0,,
2184,0,,,50.0,,
2185,0,,,50.0,,
2186,0,,,50.0,,
2192,2,,,100.0,,
2193,2,,,100.0,,
2194,0,,,100.0,,
2195,0,,,100.0,,
2200,0,,,80.0,,
2201,0,,,80.0,,
2202,0,,,80.0,,
2203,0,,,80.0,,
2205,0,,,150.0,,
2206,0,,,150.0,,
2211,0,,,100.0,,
2229,3,,,30.0,,
2230,3,,,30.0,,
2231,0,,,30.0,,
2232,0,,,30.0,,
2233,0,,,30.0,,
2263,0,,,90.0,,
2264,0,,,90.0,,
2280,0,,,110.0,,
2281,0,,,110.0,,
2282,0,,,110.0,,
2283,0,,,110.0,,
2284,0,,,110.0,,
2285,0,,,110.0,,
2312,1,,,40.0,,
2313,1,,,40.0,,
2314,0,,,40.0,,
2340,0,,,50.0,,
2346,0,,,30.0,,
2355,0,,,200.0,,
2356,0,,,200.0,,
2368,1,,,30.0,,
2369,1,,,30.0,,
2370,0,,,30.0,,
2373,0,,,30.0,,
2403,0,,,20.0,,
2404,0,,,20.0,,
2409,0,,,20.0,,
2421,2,,,20.0,,
2422,2,,,20.0,,
2423,0,,,20.0,,
2424,0,,,20.0,,
2438,3,,,4.0,,
2439,3,,,4.0,,
2440,0,,,4.0,,
2441,0,,,4.0,,
2442,0,,,4.0,,
2455,2,,,20.0,,
2456,2,,,20.0,,
2457,0,,,20.0,,
2458,0,,,20.0,,
2480,0,,,70.0,,
2483,0,,,20.0,,
2486,1,,,40.0,,
2487,1,,,40.0,,
2488,0,,,40.0,,
2489,0,,,40.0,,
2512,0,,,20.0,,
2513,0,,,20.0,,
1,0,,,,50.0,
2,0,,,,90.0,
3,0,,,,90.0,
5,0,,,,100.0,
6,0,,,,100.0,
7,0,,,,130.0,
8,0,,,,130.0,
10,2,,,,100.0,
11,0,,,,100.0,
12,0,,,,100.0,
30,0,,,,30.0,
31,0,,,,30.0,
32,0,,,,110.0,
33,0,,,,110.0,
36,0,,,,130.0,
40,0,,,,60.0,
41,0,,,,20.0,
42,0,,,,100.0,
43,0,,,,100.0,
45,0,,,,150.0,
49,0,,,,80.0,
50,0,,,,80.0,
55,0,,,,150.0,
56,0,,,,150.0,
71,0,,,,80.0,
72,0,,,,80.0,
75,0,,,,150.0,
76,0,,,,150.0,
78,2,,,,150.0,
79,2,,,,150.0,
80,0,,,,150.0,
81,0,,,,150.0,
82,0,,,,70.0,
83,0,,,,70.0,
84,0,,,,80.0,
85,0,,,,80.0,
88,0,,,,200.0,
89,0,,,,200.0,
90,0,,,,200.0,
91,0,,,,200.0,
95,0,,,,60.0,
97,0,,,,130.0,
98,0,,,,130.0,
100,1,,,,120.0,
101,0,,,,120.0,
102,0,,,,120.0,
104,0,,,,110.0,
105,0,,,,160.0,
106,0,,,,160.0,
107,0,,,,160.0,
108,0,,,,60.0,
109,0,,,,160.0,
111,0,,,,60.0,
113,0,,,,100.0,
114,0,,,,100.0,
128,0,,,,250.0,
131,0,,,,120.0,
132,0,,,,120.0,
133,0,,,,120.0,
134,0,,,,120.0,
137,1,,,,220.0,
138,1,,,,220.0,
139,0,,,,220.0,
142,0,,,,130.0,
145,2,,,,120.0,
146,2,,,,120.0,
147,0,,,,120.0,
148,0,,,,120.0,
149,0,,,,110.0,
150,0,,,,50.0,
153,0,,,,80.0,
154,0,,,,100.0,
155,0,,,,100.0,
156,0,,,,130.0,
157,0,,,,130.0,
159,0,,,,180.0,
160,0,,,,180.0,
161,0,,,,180.0,
166,0,,,,80.0,
169,0,,,,40.0,
173,0,,,,350.0,
174,0,,,,350.0,
175,0,,,,50.0,
176,0,,,,50.0,
180,0,,,,100.0,
190,0,,,,100.0,
191,1,,,,80.0,
192,1,,,,80.0,
193,0,,,,80.0,
195,0,,,,100.0,
196,0,,,,100.0,
197,0,,,,50.0,
198,0,,,,50.0,
199,0,,,,80.0,
203,2,,,,130.0,
204,1,,,,130.0,
205,0,,,,130.0,
206,0,,,,130.0,
211,0,,,,60.0,
212,0,,,,60.0,
215,0,,,,150.0,
216,0,,,,150.0,
217,0,,,,60.0,
227,0,,,,200.0,
231,0,,,,30.0,
239,3,,,,250.0,
240,3,,,,250.0,
241,0,,,,250.0,
242,0,,,,250.0,
243,0,,,,250.0,
244,0,,,,100.0,
245,0,,,,100.0,
250,3,,,,100.0,
251,3,,,,100.0,
252,0,,,,100.0,
253,0,,,,100.0,
254,0,,,,100.0,
255,0,,,,100.0,
260,2,,,,80.0,
261,0,,,,80.0,
262,0,,,,80.0,
263,0,,,,250.0,
264,0,,,,250.0,
265,0,,,,200.0,
266,0,,,,200.0,
268,2,,,,180.0,
269,2,,,,180.0,
270,0,,,,180.0,
271,0,,,,180.0,
273,2,,,,200.0,
274,2,,,,200.0,
275,0,,,,200.0,
276,0,,,,200.0,
279,0,,,,40.0,
282,0,,,,150.0,
283,2,,,,150.0,
284,0,,,,150.0,
285,0,,,,150.0,
288,0,,,,200.0,
290,0,,,,100.0,
294,0,,,,130.0,
299,0,,,,80.0,
303,0,,,,150.0,
305,0,,,,250.0,
306,0,,,,250.0,
307,1,,,,250.0,
308,0,,,,250.0,
314,0,,,,4.0,
316,0,,,,40.0,
322,2,,,,200.0,
323,2,,,,200.0,
324,0,,,,200.0,
325,0,,,,200.0,
326,0,,,,150.0,
327,0,,,,150.0,
328,0,,,,30.0,
329,0,,,,60.0,
330,0,,,,60.0,
331,0,,,,150.0,
332,0,,,,150.0,
334,0,,,,100.0,
335,0,,,,100.0,
336,0,,,,100.0,
341,0,,,,200.0,
342,0,,,,200.0,
343,0,,,,200.0,
344,0,,,,150.0,
345,0,,,,150.0,
346,0,,,,150.0,
347,0,,,,100.0,
348,0,,,,100.0,
351,0,,,,300.0,
352,0,,,,180.0,
353,0,,,,180.0,
354,0,,,,180.0,
355,0,,,,30.0,
361,0,,,,50.0,
362,0,,,,50.0,
366,0,,,,130.0,
367,0,,,,130.0,
368,0,,,,110.0,
369,0,,,,110.0,
370,0,,,,50.0,
371,0,,,,80.0,
372,0,,,,80.0,
373,0,,,,80.0,
374,0,,,,90.0,
375,0,,,,90.0,
380,1,,,,100.0,
381,1,,,,100.0,
382,0,,,,100.0,
383,0,,,,150.0,
384,0,,,,150.0,
385,0,,,,150.0,
386,0,,,,30.0,
387,1,,,,80.0,
388,1,,,,80.0,
389,0,,,,80.0,
390,0,,,,120.0,
391,0,,,,120.0,
400,0,,,,80.0,
401,0,,,,150.0,
402,0,,,,150.0,
404,0,,,,40.0,
405,0,,,,40.0,
406,0,,,,50.0,
407,0,,,,50.0,
408,0,,,,130.0,
412,0,,,,80.0,
413,2,,,,120.0,
414,2,,,,120.0,
415,0,,,,120.0,
416,0,,,,120.0,
418,0,,,,100.0,
419,0,,,,100.0,
420,0,,,,100.0,
421,0,,,,80.0,
422,0,,,,80.0,
425,0,,,,150.0,
426,0,,,,150.0,
427,0,,,,70.0,
428,0,,,,80.0,
429,0,,,,80.0,
430,0,,,,100.0,
431,0,,,,100.0,
432,0,,,,60.0,
433,0,,,,60.0,
434,0,,,,60.0,
435,0,,,,60.0,
437,1,,,,350.0,
438,0,,,,350.0,
439,0,,,,350.0,
440,0,,,,200.0,
441,0,,,,200.0,
443,0,,,,350.0,
444,0,,,,350.0,
445,0,,,,350.0,
446,0,,,,350.0,
448,0,,,,300.0,
449,0,,,,300.0,
453,0,,,,140.0,
454,0,,,,200.0,
455,0,,,,200.0,
456,0,,,,200.0,
457,0,,,,50.0,
458,0,,,,50.0,
459,0,,,,90.0,
460,0,,,,130.0,
461,0,,,,150.0,
462,0,,,,150.0,
464,0,,,,130.0,
465,0,,,,130.0,
466,0,,,,4.0,
470,0,,,,100.0,
471,0,,,,100.0,
472,0,,,,100.0,
474,0,,,,220.0,
478,0,,,,80.0,
481,0,,,,80.0,
482,0,,,,150.0,
487,0,,,,30.0,
488,0,,,,60.0,
489,0,,,,60.0,
491,0,,,,20.0,
492,0,,,,20.0,
498,0,,,,100.0,
499,0,,,,100.0,
506,0,,,,100.0,
507,0,,,,100.0,
511,0,,,,70.0,
512,0,,,,70.0,
515,2,,,,200.0,
516,2,,,,200.0,
517,0,,,,200.0,
518,0,,,,200.0,
521,0,,,,140.0,
522,0,,,,140.0,
524,0,,,,40.0,
525,0,,,,40.0,
537,0,,,,50.0,
544,0,,,,170.0,
545,0,,,,170.0,
546,0,,,,80.0,
547,0,,,,80.0,
553,0,,,,50.0,
554,1,,,,210.0,
555,1,,,,210.0,
556,0,,,,210.0,
567,0,,,,30.0,
569,0,,,,100.0,
570,0,,,,100.0,
571,0,,,,60.0,
572,1,,,,50.0,
573,0,,,,50.0,
581,2,,,,170.0,
582,2,,,,170.0,
583,0,,,,170.0,
584,0,,,,170.0,
585,0,,,,60.0,
586,0,,,,50.0,
588,0,,,,150.0,
589,0,,,,150.0,
590,0,,,,120.0,
591,0,,,,120.0,
592,0,,,,100.0,
593,1,,,,100.0,
594,0,,,,100.0,
595,0,,,,100.0,
596,0,,,,30.0,
597,0,,,,30.0,
603,0,,,,80.0,
604,0,,,,80.0,
605,1,,,,250.0,
606,1,,,,250.0,
607,0,,,,250.0,
611,0,,,,80.0,
612,0,,,,80.0,
613,0,,,,150.0,
616,0,,,,70.0,
617,0,,,,70.0,
618,0,,,,60.0,
619,0,,,,60.0,
622,0,,,,100.0,
625,1,,,,200.0,
626,1,,,,200.0,
627,0,,,,200.0,
630,0,,,,150.0,
631,0,,,,150.0,
632,0,,,,150.0,
633,0,,,,150.0,
634,0,,,,80.0,
635,0,,,,100.0,
636,0,,,,70.0,
637,0,,,,120.0,
638,0,,,,100.0,
639,0,,,,100.0,
640,0,,,,80.0,
641,0,,,,80.0,
642,0,,,,100.0,
643,0,,,,100.0,
644,0,,,,100.0,
645,0,,,,180.0,
646,0,,,,180.0,
647,0,,,,50.0,
648,0,,,,150.0,
657,0,,,,50.0,
658,0,,,,50.0,
659,0,,,,150.0,
660,0,,,,150.0,
661,0,,,,150.0,
662,2,,,,100.0,
663,2,,,,100.0,
664,0,,,,100.0,
665,0,,,,100.0,
666,0,,,,100.0,
667,0,,,,100.0,
668,1,,,,150.0,
669,1,,,,150.0,
670,0,,,,150.0,
674,0,,,,190.0,
675,3,,,,140.0,
676,0,,,,140.0,
677,0,,,,140.0,
678,0,,,,140.0,
679,0,,,,200.0,
680,0,,,,200.0,
681,0,,,,200.0,
682,3,,,,250.0,
683,3,,,,250.0,
684,0,,,,250.0,
685,0,,,,250.0,
686,0,,,,250.0,
687,0,,,,70.0,
694,2,,,,350.0,
695,2,,,,350.0,
696,0,,,,350.0,
697,0,,,,350.0,
698,0,,,,50.0,
699,0,,,,50.0,
701,0,,,,60.0,
703,0,,,,100.0,
704,0,,,,100.0,
705,0,,,,150.0,
706,0,,,,150.0,
707,1,,,,130.0,
708,1,,,,130.0,
709,0,,,,130.0,
710,1,,,,100.0,
711,1,,,,100.0,
712,0,,,,100.0,
713,1,,,,60.0,
714,0,,,,60.0,
716,0,,,,150.0,
717,0,,,,150.0,
718,0,,,,100.0,
719,0,,,,100.0,
722,0,,,,80.0,
724,2,,,,200.0,
725,1,,,,200.0,
726,0,,,,200.0,
727,0,,,,200.0,
729,0,,,,50.0,
730,0,,,,50.0,
731,0,,,,50.0,
732,0,,,,50.0,
740,0,,,,110.0,
743,0,,,,110.0,
744,0,,,,110.0,
745,0,,,,110.0,
746,0,,,,110.0,
748,1,,,,150.0,
749,0,,,,150.0,
751,0,,,,200.0,
752,0,,,,200.0,
755,0,,,,150.0,
756,0,,,,150.0,
757,0,,,,170.0,
758,0,,,,170.0,
759,1,,,,170.0,
760,0,,,,170.0,
761,0,,,,170.0,
769,0,,,,200.0,
770,0,,,,200.0,
771,1,,,,200.0,
772,0,,,,200.0,
773,0,,,,50.0,
774,0,,,,50.0,
779,0,,,,90.0,
780,0,,,,90.0,
781,0,,,,20.0,
782,0,,,,80.0,
783,0,,,,80.0,
784,0,,,,80.0,
785,0,,,,80.0,
788,0,,,,100.0,
789,0,,,,100.0,
793,0,,,,90.0,
794,0,,,,90.0,
795,0,,,,100.0,
796,0,,,,100.0,
797,0,,,,80.0,
798,0,,,,50.0,
799,0,,,,50.0,
800,0,,,,50.0,
802,0,,,,80.0,
804,0,,,,200.0,
805,0,,,,200.0,
808,0,,,,80.0,
809,0,,,,80.0,
810,0,,,,30.0,
811,0,,,,80.0,
812,0,,,,90.0,
817,1,,,,70.0,
818,0,,,,70.0,
822,0,,,,50.0,
823,1,,,,150.0,
824,1,,,,150.0,
825,0,,,,150.0,
826,0,,,,150.0,
828,3,,,,180.0,
829,3,,,,180.0,
830,0,,,,180.0,
831,0,,,,180.0,
832,0,,,,180.0,
833,0,,,,80.0,
834,0,,,,80.0,
835,0,,,,80.0,
836,0,,,,70.0,
837,0,,,,120.0,
838,0,,,,120.0,
839,1,,,,100.0,
840,1,,,,100.0,
841,0,,,,100.0,
842,1,,,,200.0,
843,1,,,,200.0,
844,0,,,,200.0,
847,0,,,,150.0,
848,0,,,,150.0,
849,0,,,,150.0,
850,0,,,,200.0,
851,0,,,,200.0,
852,0,,,,50.0,
853,0,,,,280.0,
854,0,,,,280.0,
855,0,,,,280.0,
856,0,,,,280.0,
857,0,,,,200.0,
858,0,,,,200.0,
859,0,,,,150.0,
860,0,,,,150.0,
861,0,,,,150.0,
862,0,,,,150.0,
863,0,,,,20.0,
866,0,,,,80.0,
867,0,,,,50.0,
868,0,,,,50.0,
869,0,,,,50.0,
870,0,,,,50.0,
871,0,,,,50.0,
872,0,,,,50.0,
873,0,,,,100.0,
874,0,,,,100.0,
875,0,,,,100.0,
876,0,,,,100.0,
877,0,,,,100.0,
878,0,,,,100.0,
879,0,,,,300.0,
880,0,,,,300.0,
881,0,,,,300.0,
882,0,,,,300.0,
883,0,,,,300.0,
884,0,,,,130.0,
885,0,,,,130.0,
886,0,,,,130.0,
887,0,,,,130.0,
889,1,,,,200.0,
890,1,,,,200.0,
891,0,,,,200.0,
907,0,,,,300.0,
908,0,,,,300.0,
909,0,,,,300.0,
910,0,,,,300.0,
911,0,,,,180.0,
912,1,,,,80.0,
913,1,,,,80.0,
914,0,,,,80.0,
920,1,,,,100.0,
921,1,,,,100.0,
922,0,,,,100.0,
923,0,,,,250.0,
924,0,,,,250.0,
925,0,,,,50.0,
926,0,,,,80.0,
927,0,,,,80.0,
928,0,,,,100.0,
929,0,,,,100.0,
930,1,,,,200.0,
931,1,,,,200.0,
932,0,,,,200.0,
934,1,,,,100.0,
935,1,,,,100.0,
936,0,,,,100.0,
937,0,,,,100.0,
938,0,,,,200.0,
939,0,,,,200.0,
942,0,,,,10.0,
943,0,,,,10.0,
945,1,,,,100.0,
946,1,,,,100.0,
947,0,,,,100.0,
948,0,,,,100.0,
949,0,,,,200.0,
950,0,,,,200.0,
952,0,,,,60.0,
953,0,,,,60.0,
954,0,,,,80.0,
955,0,,,,80.0,
956,0,,,,100.0,
957,0,,,,100.0,
958,0,,,,100.0,
963,0,,,,200.0,
973,0,,,,100.0,
974,0,,,,100.0,
976,0,,,,150.0,
977,0,,,,150.0,
978,0,,,,150.0,
981,2,,,,250.0,
982,2,,,,250.0,
983,0,,,,250.0,
984,0,,,,250.0,
987,1,,,,90.0,
988,1,,,,90.0,
989,0,,,,90.0,
992,2,,,,350.0,
993,2,,,,350.0,
994,0,,,,350.0,
995,0,,,,350.0,
996,0,,,,70.0,
997,0,,,,70.0,
998,0,,,,40.0,
999,0,,,,40.0,
1001,0,,,,300.0,
1002,1,,,,300.0,
1003,0,,,,300.0,
1004,3,,,,200.0,
1005,0,,,,200.0,
1006,0,,,,200.0,
1007,0,,,,200.0,
1008,0,,,,30.0,
1010,0,,,,250.0,
1011,0,,,,250.0,
1012,0,,,,250.0,
1013,0,,,,250.0,
1014,0,,,,90.0,
1015,0,,,,90.0,
1020,0,,,,60.0,
1021,2,,,,200.0,
1022,0,,,,200.0,
1023,0,,,,200.0,
1027,0,,,,70.0,
1028,0,,,,70.0,
1029,0,,,,70.0,
1032,0,,,,90.0,
1033,0,,,,90.0,
1034,1,,,,50.0,
1035,1,,,,50.0,
1036,0,,,,50.0,
1041,2,,,,60.0,
1042,2,,,,60.0,
1043,0,,,,60.0,
1044,0,,,,60.0,
1053,0,,,,100.0,
1054,0,,,,70.0,
1055,1,,,,80.0,
1056,0,,,,80.0,
1057,0,,,,80.0,
1058,0,,,,80.0,
1068,3,,,,130.0,
1069,0,,,,130.0,
1070,0,,,,130.0,
1071,0,,,,130.0,
1072,0,,,,130.0,
1073,0,,,,130.0,
1084,0,,,,60.0,
1085,0,,,,60.0,
1086,3,,,,40.0,
1087,0,,,,40.0,
1088,0,,,,40.0,
1089,0,,,,40.0,
1090,0,,,,100.0,
1091,0,,,,100.0,
1092,2,,,,100.0,
1093,0,,,,100.0,
1094,0,,,,100.0,
1100,0,,,,300.0,
1105,3,,,,300.0,
1106,0,,,,300.0,
1107,0,,,,300.0,
1108,0,,,,300.0,
1109,0,,,,300.0,
1110,0,,,,150.0,
1111,0,,,,150.0,
1112,0,,,,150.0,
1114,0,,,,60.0,
1115,0,,,,60.0,
1116,0,,,,260.0,
1117,0,,,,260.0,
1132,0,,,,60.0,
1133,0,,,,30.0,
1134,0,,,,180.0,
1135,0,,,,180.0,
1138,0,,,,30.0,
1139,0,,,,80.0,
1140,2,,,,120.0,
1141,0,,,,120.0,
1142,0,,,,120.0,
1143,0,,,,300.0,
1144,0,,,,300.0,
1145,0,,,,300.0,
1146,0,,,,300.0,
1147,0,,,,300.0,
1148,0,,,,50.0,
1150,0,,,,50.0,
1151,0,,,,50.0,
1156,0,,,,50.0,
1157,0,,,,50.0,
1158,0,,,,250.0,
1159,0,,,,350.0,
1160,1,,,,150.0,
1161,1,,,,150.0,
1162,0,,,,150.0,
1164,0,,,,100.0,
1165,0,,,,100.0,
1166,0,,,,150.0,
1167,0,,,,150.0,
1171,0,,,,100.0,
1172,0,,,,100.0,
1173,0,,,,180.0,
1174,0,,,,180.0,
1175,0,,,,60.0,
1176,0,,,,60.0,
1177,0,,,,60.0,
1178,1,,,,150.0,
1179,1,,,,150.0,
1180,0,,,,150.0,
1195,0,,,,80.0,
1196,0,,,,80.0,
1198,0,,,,200.0,
1199,0,,,,200.0,
1204,2,,,,150.0,
1205,0,,,,150.0,
1206,0,,,,150.0,
1216,0,,,,80.0,
1217,0,,,,80.0,
1218,0,,,,90.0,
1219,0,,,,100.0,
1220,0,,,,100.0,
1232,0,,,,80.0,
1233,0,,,,80.0,
1234,0,,,,100.0,
1235,0,,,,100.0,
1236,0,,,,100.0,
1242,0,,,,40.0,
1245,0,,,,40.0,
1246,0,,,,350.0,
1247,0,,,,350.0,
1248,0,,,,350.0,
1249,3,,,,300.0,
1250,3,,,,300.0,
1251,0,,,,300.0,
1252,0,,,,300.0,
1253,0,,,,300.0,
1254,0,,,,150.0,
1255,0,,,,150.0,
1256,0,,,,120.0,
1257,3,,,,120.0,
1258,0,,,,120.0,
1259,0,,,,120.0,
1260,0,,,,120.0,
1264,2,,,,150.0,
1265,0,,,,150.0,
1266,0,,,,150.0,
1267,0,,,,150.0,
1268,0,,,,240.0,
1269,0,,,,240.0,
1270,0,,,,240.0,
1271,0,,,,50.0,
1272,0,,,,120.0,
1273,0,,,,120.0,
1274,1,,,,150.0,
1275,1,,,,150.0,
1276,0,,,,150.0,
1278,0,,,,150.0,
1279,0,,,,150.0,
1280,0,,,,40.0,
1282,0,,,,140.0,
1287,1,,,,60.0,
1288,0,,,,60.0,
1289,0,,,,140.0,
1290,1,,,,150.0,
1291,0,,,,150.0,
1292,0,,,,150.0,
1293,0,,,,100.0,
1294,0,,,,100.0,
1295,0,,,,130.0,
1296,0,,,,130.0,
1297,0,,,,130.0,
1298,0,,,,100.0,
1299,0,,,,100.0,
1304,0,,,,100.0,
1306,0,,,,100.0,
1307,0,,,,100.0,
1308,0,,,,100.0,
1309,0,,,,100.0,
1310,0,,,,100.0,
1314,0,,,,100.0,
1315,0,,,,100.0,
1316,0,,,,100.0,
1317,0,,,,150.0,
1318,0,,,,150.0,
1319,0,,,,200.0,
1320,0,,,,200.0,
1321,0,,,,150.0,
1322,0,,,,150.0,
1323,0,,,,150.0,
1324,0,,,,50.0,
1325,0,,,,50.0,
1326,0,,,,50.0,
1327,2,,,,200.0,
1328,0,,,,200.0,
1329,0,,,,200.0,
1330,0,,,,200.0,
1332,0,,,,300.0,
1333,0,,,,300.0,
1334,0,,,,300.0,
1335,0,,,,300.0,
1336,0,,,,300.0,
1337,0,,,,80.0,
1338,0,,,,80.0,
1341,0,,,,100.0,
1344,0,,,,200.0,
1345,0,,,,200.0,
1346,0,,,,200.0,
1348,1,,,,70.0,
1349,1,,,,70.0,
1350,0,,,,70.0,
1353,1,,,,180.0,
1354,0,,,,180.0,
1355,0,,,,180.0,
1360,0,,,,200.0,
1361,0,,,,200.0,
1370,0,,,,60.0,
1371,0,,,,60.0,
1372,0,,,,60.0,
1373,0,,,,60.0,
1376,2,,,,200.0,
1377,0,,,,200.0,
1378,0,,,,200.0,
1379,0,,,,50.0,
1380,0,,,,50.0,
1383,0,,,,260.0,
1384,0,,,,260.0,
1385,0,,,,260.0,
1386,0,,,,260.0,
1387,0,,,,260.0,
1388,0,,,,260.0,
1389,0,,,,260.0,
1391,0,,,,200.0,
1392,0,,,,200.0,
1393,0,,,,200.0,
1394,0,,,,200.0,
1395,0,,,,200.0,
1396,0,,,,200.0,
1397,0,,,,200.0,
1398,1,,,,80.0,
1399,0,,,,80.0,
1400,2,,,,350.0,
1401,2,,,,350.0,
1402,0,,,,350.0,
1403,0,,,,350.0,
1417,0,,,,120.0,
1418,0,,,,120.0,
1422,0,,,,40.0,
1426,0,,,,50.0,
1427,1,,,,200.0,
1428,1,,,,200.0,
1429,0,,,,200.0,
1431,3,,,,150.0,
1432,3,,,,150.0,
1433,0,,,,150.0,
1434,0,,,,150.0,
1435,0,,,,150.0,
1436,0,,,,150.0,
1449,0,,,,200.0,
1460,0,,,,100.0,
1461,1,,,,100.0,
1462,0,,,,100.0,
1463,0,,,,100.0,
1464,0,,,,270.0,
1465,0,,,,100.0,
1466,0,,,,100.0,
1468,2,,,,200.0,
1469,2,,,,200.0,
1470,0,,,,200.0,
1471,0,,,,200.0,
1472,0,,,,200.0,
1473,0,,,,200.0,
1474,0,,,,150.0,
1475,2,,,,150.0,
1476,0,,,,150.0,
1477,0,,,,150.0,
1478,0,,,,150.0,
1479,0,,,,30.0,
1480,2,,,,150.0,
1481,2,,,,150.0,
1482,0,,,,150.0,
1483,0,,,,150.0,
1488,0,,,,50.0,
1490,1,,,,200.0,
1491,1,,,,200.0,
1492,0,,,,200.0,
1493,0,,,,80.0,
1494,0,,,,80.0,
1498,0,,,,150.0,
1499,0,,,,150.0,
1500,0,,,,80.0,
1507,0,,,,50.0,
1508,0,,,,50.0,
1509,1,,,,150.0,
1510,0,,,,150.0,
1514,2,,,,110.0,
1515,2,,,,110.0,
1516,0,,,,110.0,
1517,0,,,,110.0,
1518,0,,,,210.0,
1519,0,,,,210.0,
1520,0,,,,210.0,
1521,0,,,,210.0,
1523,0,,,,90.0,
1524,0,,,,100.0,
1526,0,,,,50.0,
1528,1,,,,150.0,
1529,1,,,,150.0,
1530,0,,,,150.0,
1539,0,,,,110.0,
1540,0,,,,110.0,
1541,0,,,,250.0,
1542,0,,,,250.0,
1543,0,,,,110.0,
1544,0,,,,110.0,
1545,0,,,,100.0,
1546,0,,,,100.0,
1547,0,,,,80.0,
1548,0,,,,80.0,
1549,1,,,,80.0,
1550,0,,,,80.0,
1555,1,,,,80.0,
1556,1,,,,80.0,
1557,0,,,,80.0,
1558,0,,,,130.0,
1559,0,,,,130.0,
1560,0,,,,130.0,
1561,0,,,,130.0,
1562,1,,,,340.0,
1563,1,,,,340.0,
1564,0,,,,340.0,
1565,0,,,,340.0,
1566,0,,,,340.0,
1569,1,,,,100.0,
1570,0,,,,100.0,
1571,0,,,,100.0,
1572,0,,,,250.0,
1573,0,,,,250.0,
1574,0,,,,80.0,
1575,0,,,,80.0,
1576,0,,,,160.0,
1577,0,,,,160.0,
1580,0,,,,200.0,
1581,0,,,,200.0,
1582,0,,,,200.0,
1583,0,,,,200.0,
1584,0,,,,200.0,
1585,0,,,,30.0,
1586,0,,,,30.0,
1588,0,,,,100.0,
1589,0,,,,100.0,
1591,0,,,,120.0,
1593,0,,,,80.0,
1594,0,,,,80.0,
1611,2,,,,200.0,
1612,0,,,,200.0,
1613,0,,,,200.0,
1614,0,,,,150.0,
1615,0,,,,150.0,
1616,0,,,,80.0,
1617,0,,,,80.0,
1618,0,,,,80.0,
1629,2,,,,200.0,
1630,2,,,,200.0,
1631,0,,,,200.0,
1632,0,,,,200.0,
1633,0,,,,150.0,
1634,0,,,,150.0,
1635,0,,,,150.0,
1636,2,,,,300.0,
1637,2,,,,300.0,
1638,0,,,,300.0,
1639,0,,,,300.0,
1640,0,,,,30.0,
1641,0,,,,50.0,
1642,0,,,,50.0,
1643,0,,,,50.0,
1644,0,,,,50.0,
1645,0,,,,100.0,
1646,1,,,,100.0,
1647,1,,,,100.0,
1648,0,,,,100.0,
1649,0,,,,150.0,
1658,0,,,,80.0,
1659,0,,,,50.0,
1660,0,,,,210.0,
1661,0,,,,210.0,
1662,0,,,,210.0,
1663,0,,,,210.0,
1664,0,,,,210.0,
1665,1,,,,100.0,
1666,0,,,,100.0,
1667,1,,,,80.0,
1668,1,,,,80.0,
1669,0,,,,80.0,
1670,0,,,,80.0,
1682,2,,,,90.0,
1683,2,,,,90.0,
1684,0,,,,90.0,
1685,0,,,,90.0,
1689,0,,,,120.0,
1690,0,,,,120.0,
1691,0,,,,120.0,
1692,0,,,,120.0,
1694,2,,,,230.0,
1695,2,,,,230.0,
1696,0,,,,230.0,
1697,0,,,,230.0,
1698,0,,,,100.0,
1699,0,,,,100.0,
1700,0,,,,100.0,
1705,2,,,,250.0,
1706,2,,,,250.0,
1707,0,,,,250.0,
1708,0,,,,250.0,
1709,0,,,,150.0,
1710,0,,,,20.0,
1711,0,,,,130.0,
1712,0,,,,130.0,
1713,2,,,,80.0,
1714,0,,,,80.0,
1715,0,,,,80.0,
1716,0,,,,80.0,
1717,0,,,,120.0,
1718,0,,,,120.0,
1719,0,,,,100.0,
1720,0,,,,100.0,
1723,1,,,,150.0,
1724,1,,,,150.0,
1725,0,,,,150.0,
1726,1,,,,100.0,
1727,1,,,,100.0,
1728,0,,,,100.0,
1729,0,,,,130.0,
1730,0,,,,130.0,
1731,1,,,,230.0,
1732,1,,,,230.0,
1733,0,,,,230.0,
1739,0,,,,120.0,
1740,0,,,,120.0,
1745,0,,,,150.0,
1746,0,,,,150.0,
1750,1,,,,60.0,
1751,0,,,,60.0,
1752,0,,,,60.0,
1753,0,,,,60.0,
1754,1,,,,60.0,
1755,0,,,,100.0,
1756,0,,,,100.0,
1759,1,,,,150.0,
1760,0,,,,150.0,
1761,0,,,,60.0,
1762,0,,,,60.0,
1763,0,,,,100.0,
1764,0,,,,200.0,
1765,0,,,,200.0,
1769,0,,,,80.0,
1773,0,,,,150.0,
1774,0,,,,150.0,
1775,3,,,,100.0,
1776,3,,,,100.0,
1777,0,,,,100.0,
1778,0,,,,100.0,
1779,0,,,,100.0,
1784,2,,,,180.0,
1785,0,,,,180.0,
1786,0,,,,180.0,
1787,1,,,,250.0,
1788,1,,,,250.0,
1789,0,,,,250.0,
1790,0,,,,250.0,
1791,0,,,,250.0,
1798,0,,,,150.0,
1799,0,,,,150.0,
1800,0,,,,150.0,
1810,1,,,,150.0,
1811,1,,,,150.0,
1812,0,,,,150.0,
1823,0,,,,210.0,
1824,0,,,,210.0,
1825,0,,,,100.0,
1826,0,,,,100.0,
1828,0,,,,150.0,
1829,0,,,,150.0,
1831,0,,,,50.0,
1832,0,,,,50.0,
1834,0,,,,200.0,
1835,0,,,,200.0,
1838,0,,,,100.0,
1839,0,,,,100.0,
1841,0,,,,200.0,
1842,0,,,,200.0,
1843,0,,,,130.0,
1844,0,,,,130.0,
1845,0,,,,130.0,
1852,0,,,,150.0,
1853,0,,,,150.0,
1857,0,,,,100.0,
1858,0,,,,100.0,
1859,0,,,,100.0,
1873,0,,,,200.0,
1874,0,,,,200.0,
1875,2,,,,150.0,
1876,2,,,,150.0,
1877,0,,,,150.0,
1878,0,,,,150.0,
1879,0,,,,70.0,
1880,0,,,,140.0,
1881,0,,,,140.0,
1882,0,,,,140.0,
1887,2,,,,300.0,
1888,2,,,,300.0,
1889,0,,,,300.0,
1890,0,,,,300.0,
1893,0,,,,80.0,
1894,0,,,,80.0,
1895,0,,,,80.0,
1896,1,,,,160.0,
1897,0,,,,160.0,
1898,2,,,,200.0,
1899,0,,,,200.0,
1900,0,,,,200.0,
1901,0,,,,200.0,
1902,0,,,,200.0,
1905,0,,,,350.0,
1906,0,,,,350.0,
1907,0,,,,350.0,
1908,0,,,,350.0,
1910,0,,,,200.0,
1911,0,,,,200.0,
1912,0,,,,200.0,
1913,0,,,,100.0,
1914,0,,,,100.0,
1918,0,,,,130.0,
1919,1,,,,80.0,
1920,1,,,,80.0,
1921,0,,,,80.0,
1922,0,,,,150.0,
1923,0,,,,150.0,
1924,0,,,,130.0,
1925,0,,,,130.0,
1926,0,,,,130.0,
1927,0,,,,100.0,
1928,0,,,,100.0,
1930,1,,,,160.0,
1931,0,,,,160.0,
1932,0,,,,100.0,
1934,1,,,,80.0,
1935,1,,,,80.0,
1936,0,,,,80.0,
1937,1,,,,100.0,
1938,1,,,,100.0,
1939,0,,,,100.0,
1940,0,,,,100.0,
1941,0,,,,200.0,
1942,0,,,,200.0,
1943,0,,,,190.0,
1944,0,,,,30.0,
1945,0,,,,100.0,
1947,0,,,,200.0,
1948,0,,,,200.0,
1949,1,,,,200.0,
1950,0,,,,200.0,
1951,0,,,,100.0,
1952,0,,,,100.0,
1953,0,,,,100.0,
1954,0,,,,80.0,
1961,0,,,,70.0,
1962,0,,,,70.0,
1963,0,,,,100.0,
1964,0,,,,100.0,
1965,0,,,,100.0,
1966,0,,,,150.0,
1968,0,,,,60.0,
1969,0,,,,60.0,
1976,0,,,,150.0,
1983,1,,,,210.0,
1984,1,,,,210.0,
1985,0,,,,210.0,
1998,1,,,,100.0,
1999,1,,,,100.0,
2000,0,,,,100.0,
2001,0,,,,350.0,
2002,0,,,,350.0,
2003,0,,,,350.0,
2004,0,,,,350.0,
2005,0,,,,350.0,
2006,0,,,,50.0,
2010,1,,,,200.0,
2011,0,,,,200.0,
2012,0,,,,200.0,
2013,0,,,,200.0,
2014,1,,,,200.0,
2015,0,,,,40.0,
2016,0,,,,40.0,
2017,0,,,,40.0,
2018,0,,,,40.0,
2025,0,,,,60.0,
2026,2,,,,100.0,
2027,0,,,,100.0,
2028,0,,,,100.0,
2035,2,,,,200.0,
2036,0,,,,200.0,
2037,0,,,,200.0,
2043,1,,,,60.0,
2044,0,,,,60.0,
2049,2,,,,220.0,
2050,2,,,,220.0,
2051,0,,,,220.0,
2052,0,,,,220.0,
2053,2,,,,60.0,
2054,0,,,,60.0,
2055,0,,,,60.0,
2059,0,,,,70.0,
2060,0,,,,70.0,
2061,1,,,,250.0,
2062,1,,,,250.0,
2063,0,,,,250.0,
2064,0,,,,150.0,
2065,0,,,,150.0,
2069,0,,,,200.0,
2070,1,,,,200.0,
2071,0,,,,200.0,
2072,0,,,,200.0,
2073,0,,,,200.0,
2074,1,,,,200.0,
2076,0,,,,60.0,
2080,0,,,,50.0,
2081,0,,,,50.0,
2084,0,,,,100.0,
2085,0,,,,100.0,
2086,2,,,,200.0,
2087,2,,,,200.0,
2088,0,,,,200.0,
2089,0,,,,200.0,
2094,0,,,,230.0,
2095,0,,,,230.0,
2098,0,,,,70.0,
2099,0,,,,70.0,
2100,0,,,,130.0,
2101,0,,,,130.0,
2102,0,,,,80.0,
2103,0,,,,80.0,
2105,2,,,,100.0,
2106,2,,,,100.0,
2107,0,,,,100.0,
2108,0,,,,100.0,
2109,0,,,,300.0,
2110,0,,,,300.0,
2114,0,,,,50.0,
2115,0,,,,100.0,
2117,3,,,,100.0,
2118,0,,,,100.0,
2119,0,,,,100.0,
2120,0,,,,100.0,
2132,2,,,,60.0,
2133,0,,,,60.0,
2134,0,,,,60.0,
2135,1,,,,100.0,
2136,1,,,,100.0,
2137,0,,,,100.0,
2138,0,,,,60.0,
2139,0,,,,50.0,
2146,0,,,,90.0,
2147,0,,,,90.0,
2148,0,,,,90.0,
2149,0,,,,130.0,
2150,0,,,,130.0,
2151,0,,,,120.0,
2152,0,,,,40.0,
2153,0,,,,40.0,
2155,0,,,,150.0,
2156,0,,,,150.0,
2157,2,,,,150.0,
2158,2,,,,150.0,
2159,0,,,,150.0,
2160,0,,,,150.0,
2163,0,,,,50.0,
2164,0,,,,50.0,
2165,0,,,,100.0,
2166,0,,,,100.0,
2171,0,,,,90.0,
2172,0,,,,90.0,
2174,3,,,,150.0,
2175,0,,,,150.0,
2176,0,,,,150.0,
2177,0,,,,150.0,
2178,3,,,,150.0,
2179,0,,,,150.0,
2180,0,,,,150.0,
2181,0,,,,150.0,
2182,3,,,,200.0,
2183,3,,,,200.0,
2184,0,,,,200.0,
2185,0,,,,200.0,
2186,0,,,,200.0,
2191,0,,,,50.0,
2192,2,,,,150.0,
2193,2,,,,150.0,
2194,0,,,,150.0,
2195,0,,,,150.0,
2200,0,,,,300.0,
2201,0,,,,300.0,
2202,0,,,,300.0,
2203,0,,,,300.0,
2204,0,,,,100.0,
2207,0,,,,150.0,
2208,0,,,,150.0,
2212,0,,,,100.0,
2213,0,,,,100.0,
2214,1,,,,100.0,
2215,0,,,,100.0,
2229,3,,,,100.0,
2230,3,,,,100.0,
2231,0,,,,100.0,
2232,0,,,,100.0,
2233,0,,,,100.0,
2237,0,,,,300.0,
2238,0,,,,300.0,
2239,1,,,,300.0,
2240,0,,,,300.0,
2242,0,,,,330.0,
2243,0,,,,330.0,
2245,2,,,,150.0,
2246,0,,,,150.0,
2247,0,,,,150.0,
2263,0,,,,100.0,
2264,0,,,,100.0,
2280,0,,,,330.0,
2281,0,,,,330.0,
2282,0,,,,330.0,
2283,0,,,,330.0,
2284,0,,,,330.0,
2285,0,,,,330.0,
2312,1,,,,150.0,
2313,1,,,,150.0,
2314,0,,,,150.0,
2335,0,,,,150.0,
2336,0,,,,150.0,
2338,0,,,,100.0,
2340,0,,,,80.0,
2341,1,,,,200.0,
2342,1,,,,200.0,
2343,0,,,,200.0,
2344,0,,,,60.0,
2346,0,,,,110.0,
2368,1,,,,150.0,
2369,1,,,,150.0,
2370,0,,,,150.0,
2373,0,,,,40.0,
2403,0,,,,150.0,
2404,0,,,,150.0,
2414,3,,,,180.0,
2415,3,,,,180.0,
2416,0,,,,180.0,
2417,0,,,,180.0,
2418,0,,,,180.0,
2421,2,,,,150.0,
2422,2,,,,150.0,
2423,0,,,,150.0,
2424,0,,,,150.0,
2438,3,,,,150.0,
2439,3,,,,150.0,
2440,0,,,,150.0,
2441,0,,,,150.0,
2442,0,,,,150.0,
2445,3,,,,180.0,
2446,0,,,,180.0,
2447,0,,,,180.0,
2448,0,,,,180.0,
2455,2,,,,130.0,
2456,2,,,,130.0,
2457,0,,,,130.0,
2458,0,,,,130.0,
2460,0,,,,100.0,
2480,0,,,,100.0,
2483,0,,,,50.0,
2486,1,,,,300.0,
2487,1,,,,300.0,
2488,0,,,,300.0,
2489,0,,,,300.0,
2492,0,,,,130.0,
2512,0,,,,100.0,
2513,0,,,,100.0,
7,0,,,,,6250.0
8,0,,,,,6250.0
30,0,,,,,125000.0
31,0,,,,,125000.0
61,0,,,,,13750.0
108,0,,,,,13750.0
109,0,,,,,11250.0
145,2,,,,,125000.0
146,2,,,,,125000.0
147,0,,,,,125000.0
148,0,,,,,125000.0
173,0,,,,,55000.0
174,0,,,,,55000.0
180,0,,,,,8750.0
183,0,,,,,6250.0
184,0,,,,,6250.0
234,0,,,,,87500.0
235,0,,,,,87500.0
236,0,,,,,87500.0
237,0,,,,,87500.0
238,0,,,,,87500.0
250,3,,,,,22500.0
251,3,,,,,22500.0
252,0,,,,,22500.0
253,0,,,,,22500.0
254,0,,,,,22500.0
255,0,,,,,22500.0
273,2,,,,,27500.0
274,2,,,,,27500.0
275,0,,,,,27500.0
276,0,,,,,27500.0
279,0,,,,,2500.0
290,0,,,,,17500.0
295,2,,,,,55000.0
296,0,,,,,55000.0
297,0,,,,,55000.0
299,0,,,,,27500.0
328,0,,,,,8750.0
334,0,,,,,17500.0
335,0,,,,,17500.0
336,0,,,,,17500.0
352,0,,,,,27500.0
353,0,,,,,27500.0
354,0,,,,,27500.0
355,0,,,,,27500.0
368,0,,,,,27500.0
369,0,,,,,27500.0
400,0,,,,,8750.0
401,0,,,,,45000.0
402,0,,,,,45000.0
440,0,,,,,22500.0
441,0,,,,,22500.0
466,0,,,,,13750.0
470,0,,,,,45000.0
471,0,,,,,45000.0
472,0,,,,,45000.0
481,0,,,,,11250.0
482,0,,,,,27500.0
485,0,,,,,45000.0
486,0,,,,,45000.0
490,0,,,,,2500.0
491,0,,,,,32500.0
492,0,,,,,32500.0
493,0,,,,,6250.0
546,0,,,,,45000.0
547,0,,,,,45000.0
571,0,,,,,13750.0
572,1,,,,,6250.0
573,0,,,,,6250.0
586,0,,,,,13750.0
592,0,,,,,13750.0
593,1,,,,,13750.0
594,0,,,,,13750.0
595,0,,,,,13750.0
596,0,,,,,87500.0
597,0,,,,,87500.0
603,0,,,,,125000.0
604,0,,,,,125000.0
611,0,,,,,45000.0
612,0,,,,,45000.0
635,0,,,,,125000.0
637,0,,,,,2500.0
687,0,,,,,13750.0
698,0,,,,,11250.0
699,0,,,,,11250.0
705,0,,,,,125000.0
706,0,,,,,125000.0
748,1,,,,,27500.0
749,0,,,,,27500.0
784,0,,,,,45000.0
785,0,,,,,45000.0
788,0,,,,,8750.0
789,0,,,,,8750.0
795,0,,,,,87500.0
796,0,,,,,87500.0
797,0,,,,,17500.0
798,0,,,,,13750.0
799,0,,,,,13750.0
800,0,,,,,13750.0
810,0,,,,,2500.0
817,1,,,,,45000.0
818,0,,,,,45000.0
822,0,,,,,8750.0
833,0,,,,,2500.0
834,0,,,,,2500.0
835,0,,,,,2500.0
852,0,,,,,13750.0
859,0,,,,,27500.0
860,0,,,,,27500.0
861,0,,,,,27500.0
862,0,,,,,27500.0
869,0,,,,,17500.0
870,0,,,,,17500.0
871,0,,,,,17500.0
875,0,,,,,45000.0
889,1,,,,,87500.0
890,1,,,,,87500.0
891,0,,,,,87500.0
893,0,,,,,37500.0
894,0,,,,,37500.0
898,0,,,,,22500.0
899,0,,,,,22500.0
900,0,,,,,22500.0
901,0,,,,,22500.0
902,0,,,,,22500.0
903,0,,,,,22500.0
904,0,,,,,22500.0
907,0,,,,,6250.0
908,0,,,,,6250.0
909,0,,,,,6250.0
910,0,,,,,6250.0
912,1,,,,,87500.0
913,1,,,,,87500.0
914,0,,,,,87500.0
930,1,,,,,32500.0
931,1,,,,,32500.0
932,0,,,,,32500.0
963,0,,,,,37500.0
969,0,,,,,37500.0
970,1,,,,,37500.0
971,1,,,,,37500.0
972,0,,,,,37500.0
987,1,,,,,87500.0
988,1,,,,,87500.0
989,0,,,,,87500.0
1008,0,,,,,32500.0
1010,0,,,,,22500.0
1011,0,,,,,22500.0
1012,0,,,,,22500.0
1013,0,,,,,22500.0
1014,0,,,,,37500.0
1015,0,,,,,37500.0
1021,2,,,,,32500.0
1022,0,,,,,32500.0
1023,0,,,,,32500.0
1037,1,,,,,17500.0
1038,0,,,,,17500.0
1039,0,,,,,17500.0
1040,0,,,,,17500.0
1086,3,,,,,8750.0
1087,0,,,,,8750.0
1088,0,,,,,8750.0
1089,0,,,,,8750.0
1140,2,,,,,17500.0
1141,0,,,,,17500.0
1142,0,,,,,17500.0
1150,0,,,,,6250.0
1151,0,,,,,6250.0
1156,0,,,,,11250.0
1157,0,,,,,11250.0
1169,0,,,,,32500.0
1170,0,,,,,32500.0
1195,0,,,,,22500.0
1196,0,,,,,22500.0
1198,0,,,,,2500.0
1199,0,,,,,2500.0
1268,0,,,,,27500.0
1269,0,,,,,27500.0
1270,0,,,,,27500.0
1272,0,,,,,67500.0
1273,0,,,,,67500.0
1293,0,,,,,22500.0
1294,0,,,,,22500.0
1306,0,,,,,2500.0
1307,0,,,,,2500.0
1308,0,,,,,2500.0
1309,0,,,,,2500.0
1310,0,,,,,2500.0
1317,0,,,,,67500.0
1318,0,,,,,67500.0
1327,2,,,,,17500.0
1328,0,,,,,17500.0
1329,0,,,,,17500.0
1330,0,,,,,17500.0
1341,0,,,,,13750.0
1342,0,,,,,27500.0
1343,0,,,,,27500.0
1383,0,,,,,55000.0
1384,0,,,,,55000.0
1385,0,,,,,55000.0
1386,0,,,,,55000.0
1387,0,,,,,55000.0
1388,0,,,,,55000.0
1389,0,,,,,55000.0
1464,0,,,,,6250.0
1479,0,,,,,13750.0
1495,0,,,,,37500.0
1496,0,,,,,37500.0
1497,0,,,,,37500.0
1500,0,,,,,37500.0
1514,2,,,,,45000.0
1515,2,,,,,45000.0
1516,0,,,,,45000.0
1517,0,,,,,45000.0
1525,0,,,,,27500.0
1549,1,,,,,13750.0
1550,0,,,,,13750.0
1576,0,,,,,22500.0
1577,0,,,,,22500.0
1585,0,,,,,17500.0
1586,0,,,,,17500.0
1593,0,,,,,27500.0
1594,0,,,,,27500.0
1616,0,,,,,17500.0
1617,0,,,,,17500.0
1618,0,,,,,17500.0
1682,2,,,,,17500.0
1683,2,,,,,17500.0
1684,0,,,,,17500.0
1685,0,,,,,17500.0
1709,0,,,,,37500.0
1713,2,,,,,2500.0
1714,0,,,,,2500.0
1715,0,,,,,2500.0
1716,0,,,,,2500.0
1759,1,,,,,13750.0
1760,0,,,,,13750.0
1763,0,,,,,8750.0
1773,0,,,,,125000.0
1774,0,,,,,125000.0
1819,2,,,,,27500.0
1820,0,,,,,27500.0
1821,0,,,,,27500.0
1846,0,,,,,11250.0
1847,0,,,,,11250.0
1848,0,,,,,11250.0
1849,0,,,,,11250.0
1850,0,,,,,11250.0
1851,0,,,,,11250.0
1852,0,,,,,17500.0
1853,0,,,,,17500.0
1893,0,,,,,17500.0
1894,0,,,,,17500.0
1895,0,,,,,17500.0
1896,1,,,,,32500.0
1897,0,,,,,32500.0
1910,0,,,,,32500.0
1911,0,,,,,32500.0
1912,0,,,,,32500.0
1934,1,,,,,17500.0
1935,1,,,,,17500.0
1936,0,,,,,17500.0
1943,0,,,,,11250.0
1945,0,,,,,11250.0
1955,0,,,,,87500.0
1956,2,,,,,87500.0
1957,0,,,,,87500.0
1958,0,,,,,87500.0
1959,0,,,,,87500.0
1966,0,,,,,2500.0
1968,0,,,,,8750.0
1969,0,,,,,8750.0
1980,1,,,,,2500.0
1981,1,,,,,2500.0
1982,0,,,,,2500.0
2048,0,,,,,8750.0
2059,0,,,,,11250.0
2060,0,,,,,11250.0
2098,0,,,,,45000.0
2099,0,,,,,45000.0
2102,0,,,,,87500.0
2103,0,,,,,87500.0
2132,2,,,,,37500.0
2133,0,,,,,37500.0
2134,0,,,,,37500.0
2135,1,,,,,55000.0
2136,1,,,,,55000.0
2137,0,,,,,55000.0
2242,0,,,,,45000.0
2243,0,,,,,45000.0
2245,2,,,,,27500.0
2246,0,,,,,27500.0
2247,0,,,,,27500.0
2438,3,,,,,32500.0
2439,3,,,,,32500.0
2440,0,,,,,32500.0
2441,0,,,,,32500.0
2442,0,,,,,32500.0
