,HEFAMINC,HRHTYPE,PTDTRACE,PREMPNOT,PRCHLD,HETS2O,HETS6O,HETS8CO,HESP1,HETSP3O
2981,-1,0,-1,-1,-1,-1,-1,-1,-1,-1
2982,8,7,2,1,0,50,10,-1,2,-1
2983,5,1,2,4,0,90,30,-1,2,-1
2984,5,1,2,4,0,90,30,-1,2,-1
2985,-1,0,-1,-1,-1,-1,-1,-1,-1,-1
2986,11,3,2,4,0,100,-1,-1,-1,-1
2987,11,3,2,4,0,100,-1,-1,-1,-1
2988,2,4,2,4,0,130,60,180,2,-1
2989,2,4,2,1,0,130,60,180,2,-1
2990,5,7,2,1,0,-1,4,-1,2,-1
2991,4,4,2,1,8,100,60,-1,1,540
2992,4,4,2,-1,0,100,60,-1,1,540
2993,4,4,2,-1,0,100,60,-1,1,540
2994,4,4,2,1,2,-1,10,-1,2,-1
2995,4,4,2,-1,0,-1,10,-1,2,-1
2996,10,7,2,1,0,-1,-1,-1,-1,-1
2997,7,1,1,4,0,-1,-1,-1,-1,-1
2998,7,1,1,1,0,-1,-1,-1,-1,-1
2999,14,1,1,1,4,-1,-1,-1,-1,-1
3000,14,1,1,1,4,-1,-1,-1,-1,-1
3001,14,1,1,4,0,-1,-1,-1,-1,-1
3002,9,4,1,1,2,-1,-1,-1,-1,-1
3003,9,4,1,-1,0,-1,-1,-1,-1,-1
3004,4,6,1,4,0,-1,-1,-1,2,-1
3005,14,1,2,1,11,-1,-1,-1,-1,-1
3006,14,1,2,1,11,-1,-1,-1,-1,-1
3007,14,1,2,-1,0,-1,-1,-1,-1,-1
3008,14,1,2,-1,0,-1,-1,-1,-1,-1
3009,14,1,2,-1,0,-1,-1,-1,-1,-1
3010,14,1,2,-1,0,-1,-1,-1,-1,-1
3011,15,4,2,4,0,30,30,20,2,-1
3012,15,4,2,1,0,30,30,20,2,-1
3013,14,1,2,1,0,110,40,-1,-1,-1
3014,14,1,2,1,0,110,40,-1,-1,-1
3015,-1,0,-1,-1,-1,-1,-1,-1,-1,-1
3016,12,6,1,4,0,-1,-1,-1,-1,-1
3017,12,6,1,1,0,130,-1,-1,-1,-1
3018,-1,0,-1,-1,-1,-1,-1,-1,-1,-1
3019,-1,0,-1,-1,-1,-1,-1,-1,-1,-1
3020,-1,0,-1,-1,-1,-1,-1,-1,-1,-1
3021,11,6,1,1,0,60,60,-1,-1,-1
3022,7,7,1,1,0,20,-1,-1,2,-1
3023,15,1,1,4,0,100,30,-1,-1,-1
3024,15,1,1,4,0,100,30,-1,-1,-1
3025,-1,0,-1,-1,-1,-1,-1,-1,-1,-1
3026,9,6,1,4,0,150,-1,-1,-1,-1
3027,8,3,1,4,0,-1,-1,-1,-1,-1
3028,8,3,1,4,0,-1,-1,-1,-1,-1
3029,-1,0,-1,-1,-1,-1,-1,-1,-1,-1
3030,10,1,1,1,0,80,10,-1,-1,-1
3031,10,1,1,4,0,80,10,-1,-1,-1
3032,-1,0,-1,-1,-1,-1,-1,-1,-1,-1
3033,9,6,2,4,0,-1,10,-1,1,200
3034,9,6,2,4,0,-1,10,-1,1,200
3035,9,6,2,4,0,-1,10,-1,1,200
3036,5,3,1,4,0,150,-1,-1,2,-1
3037,5,3,1,4,0,150,-1,-1,2,-1
3038,-1,0,-1,-1,-1,-1,-1,-1,-1,-1
3039,-1,0,-1,-1,-1,-1,-1,-1,-1,-1
3040,-1,0,-1,-1,-1,-1,-1,-1,-1,-1
3041,-1,0,-1,-1,-1,-1,-1,-1,-1,-1
3042,5,7,2,4,0,-1,-1,100,2,-1
3043,6,7,1,4,0,-1,-1,-1,-1,-1
3044,6,7,1,4,0,-1,-1,-1,-1,-1
3045,8,6,1,4,0,-1,-1,-1,-1,-1
3046,14,4,1,1,0,-1,-1,-1,-1,-1
3047,14,4,1,1,0,-1,-1,-1,-1,-1
3048,8,7,1,4,0,-1,-1,-1,-1,-1
3049,-1,0,-1,-1,-1,-1,-1,-1,-1,-1
3050,10,1,1,4,0,-1,-1,-1,-1,-1
3051,10,1,1,4,0,-1,-1,-1,-1,-1
3052,8,1,1,4,0,80,-1,-1,-1,-1
3053,8,1,1,4,0,80,-1,-1,-1,-1
3054,5,7,1,1,0,-1,40,-1,2,-1
3055,-1,0,-1,-1,-1,-1,-1,-1,-1,-1
3056,15,1,1,4,0,150,150,-1,-1,-1
3057,15,1,1,1,0,150,150,-1,-1,-1
3058,-1,0,-1,-1,-1,-1,-1,-1,-1,-1
3059,12,1,2,4,3,150,-1,-1,2,-1
3060,12,1,2,4,3,150,-1,-1,2,-1
3061,12,1,2,-1,0,150,-1,-1,2,-1
3062,12,1,2,-1,0,150,-1,-1,2,-1
3063,16,1,2,1,0,70,50,-1,-1,-1
3064,16,1,2,1,0,70,50,-1,-1,-1
3065,13,1,1,4,0,80,-1,-1,-1,-1
3066,13,1,1,1,0,80,-1,-1,-1,-1
3067,-1,0,-1,-1,-1,-1,-1,-1,-1,-1
3068,-1,0,-1,-1,-1,-1,-1,-1,-1,-1
3069,7,1,1,4,0,200,20,-1,2,-1
3070,7,1,1,4,0,200,20,-1,2,-1
3071,7,1,1,4,0,200,20,-1,2,-1
3072,7,1,1,1,0,200,20,-1,2,-1
3073,14,3,1,1,1,-1,-1,-1,-1,-1
3074,14,3,1,1,0,-1,-1,-1,-1,-1
3075,14,3,1,-1,0,-1,-1,-1,-1,-1
3076,3,7,1,4,0,60,-1,-1,1,130
3077,3,6,2,4,0,-1,-1,-1,-1,-1
3078,9,1,1,1,0,130,-1,-1,2,-1
3079,9,1,1,1,0,130,-1,-1,2,-1
3080,-1,0,-1,-1,-1,-1,-1,-1,-1,-1
3081,10,4,2,1,4,120,50,-1,2,-1
3082,10,4,2,4,0,120,50,-1,2,-1
3083,10,4,2,1,0,120,50,-1,2,-1
3084,-1,0,-1,-1,-1,-1,-1,-1,-1,-1
3085,9,7,1,1,0,110,-1,-1,2,-1
3086,14,1,1,1,0,160,60,-1,-1,-1
3087,14,1,1,1,0,160,60,-1,-1,-1
3088,14,1,1,2,0,160,60,-1,-1,-1
3089,5,7,2,4,0,60,-1,20,1,20
3090,4,7,1,1,0,160,20,20,1,200
3091,7,7,1,1,0,-1,40,-1,2,-1
3092,5,7,1,4,0,60,-1,-1,2,-1
3093,-1,0,-1,-1,-1,-1,-1,-1,-1,-1
3094,11,1,1,4,0,100,-1,-1,-1,-1
3095,11,1,1,4,0,100,-1,-1,-1,-1
3096,8,6,1,1,0,-2,30,-1,2,-1
3097,-1,0,-1,-1,-1,-1,-1,-1,-1,-1
3098,3,6,2,4,0,-1,-1,-1,-1,-1
3099,9,7,2,1,0,-1,-1,-1,-1,-1
3100,-1,0,-1,-1,-1,-1,-1,-1,-1,-1
3101,14,1,1,4,0,-1,-1,-1,-1,-1
3102,14,1,1,1,0,-1,-1,-1,-1,-1
3103,-1,0,-1,-1,-1,-1,-1,-1,-1,-1
3104,-1,0,-1,-1,-1,-1,-1,-1,-1,-1
3105,11,1,1,1,5,-1,-1,-1,-1,-1
3106,11,1,1,1,5,-1,-1,-1,-1,-1
3107,11,1,1,-1,0,-1,-1,-1,-1,-1
3108,11,1,1,-1,0,-1,-1,-1,-1,-1
3109,14,7,1,1,0,250,30,-1,2,-1
3110,16,1,1,1,0,-1,-1,-1,-1,-1
3111,16,1,1,4,0,-1,-1,-1,-1,-1
3112,5,4,1,4,0,120,-1,-1,2,-1
3113,5,4,1,-1,0,120,-1,-1,2,-1
3114,13,1,1,1,0,120,-1,-1,-1,-1
3115,13,1,1,4,0,120,-1,-1,-1,-1
3116,-1,0,-1,-1,-1,-1,-1,-1,-1,-1
3117,-1,0,-1,-1,-1,-1,-1,-1,-1,-1
3118,10,4,2,1,1,220,50,-1,1,500
3119,10,4,2,1,1,220,50,-1,1,500
3120,10,4,2,-1,0,220,50,-1,1,500
3121,-1,0,-1,-1,-1,-1,-1,-1,-1,-1
3122,9,7,1,4,0,-1,-1,-1,2,-1
3123,14,7,1,1,0,130,50,-1,-1,-1
3124,16,1,1,4,0,-1,-1,-1,-1,-1
3125,16,1,1,4,0,-1,-1,-1,-1,-1
3126,15,1,7,1,3,120,70,60,2,-1
3127,15,1,1,1,3,120,70,60,2,-1
3128,15,1,7,-1,0,120,70,60,2,-1
3129,15,1,7,-1,0,120,70,60,2,-1
3130,6,7,1,4,0,110,20,-1,-1,-1
3131,8,6,2,1,0,50,20,-1,2,-1
3132,-1,0,-1,-1,-1,-1,-1,-1,-1,-1
3133,-1,0,-1,-1,-1,-1,-1,-1,-1,-1
3134,15,6,1,4,0,80,30,-1,-1,-1
3135,11,1,1,4,0,100,50,-1,-1,-1
3136,11,1,1,4,0,100,50,-1,-1,-1
3137,12,1,1,4,0,130,50,-1,-1,-1
3138,12,1,1,4,0,130,50,-1,-1,-1
3139,15,6,2,4,0,-1,-2,-1,-1,-1
3140,16,1,1,1,0,180,20,-1,-1,-1
3141,16,1,1,1,0,180,20,-1,-1,-1
3142,16,1,1,1,0,180,20,-1,-1,-1
3143,-1,0,-1,-1,-1,-1,-1,-1,-1,-1
3144,-1,0,-1,-1,-1,-1,-1,-1,-1,-1
3145,-1,0,-1,-1,-1,-1,-1,-1,-1,-1
3146,-1,0,-1,-1,-1,-1,-1,-1,-1,-1
3147,10,6,2,1,0,80,4,-1,2,-1
3148,-1,0,-1,-1,-1,-1,-1,-1,-1,-1
3149,-1,0,-1,-1,-1,-1,-1,-1,-1,-1
3150,6,7,1,4,0,40,-1,-1,2,-1
3151,13,1,2,1,0,-1,40,-1,-1,-1
3152,13,1,2,1,0,-1,40,-1,-1,-1
3153,13,1,2,4,0,-1,40,-1,-1,-1
3154,12,1,2,1,0,350,80,100,2,-1
3155,12,1,2,1,0,350,80,100,2,-1
3156,10,3,2,4,0,50,-1,-1,-1,-1
3157,10,3,2,4,0,50,-1,-1,-1,-1
3158,-1,0,-1,-1,-1,-1,-1,-1,-1,-1
3159,-1,0,-1,-1,-1,-1,-1,-1,-1,-1
3160,-1,0,-1,-1,-1,-1,-1,-1,-1,-1
3161,3,7,2,4,0,100,-1,30,1,190
3162,-1,0,-1,-1,-1,-1,-1,-1,-1,-1
3163,-1,0,-1,-1,-1,-1,-1,-1,-1,-1
3164,2,3,2,4,0,-2,-1,50,2,-1
3165,2,3,2,4,0,-2,-1,50,2,-1
3166,2,7,2,4,0,-1,-1,-1,1,100
3167,-1,0,-1,-1,-1,-1,-1,-1,-1,-1
3168,-1,0,-1,-1,-1,-1,-1,-1,-1,-1
3169,10,1,1,1,0,-1,-1,-1,-1,-1
3170,10,1,1,1,0,-1,-1,-1,-1,-1
3171,13,7,2,1,0,100,80,-1,-1,-1
3172,13,1,2,1,4,80,40,-1,-1,-1
3173,13,1,2,1,4,80,40,-1,-1,-1
3174,13,1,2,4,0,80,40,-1,-1,-1
7557,5,7,1,4,0,-1,-1,-1,-1,-1
7558,11,3,1,1,0,100,150,-1,-1,-1
7559,11,3,1,2,0,100,150,-1,-1,-1
7560,16,1,1,1,0,50,30,-1,-1,-1
7561,16,1,1,1,0,50,30,-1,-1,-1
7562,12,6,1,1,0,80,200,-1,-1,-1
7563,7,4,1,4,0,-1,-1,-1,-1,-1
7564,7,4,1,4,0,-1,-1,-1,-1,-1
7565,-1,0,-1,-1,-1,-1,-1,-1,-1,-1
7566,7,4,2,1,10,130,120,-1,1,500
7567,7,4,2,4,1,130,120,-1,1,500
7568,7,4,2,-1,0,130,120,-1,1,500
7569,7,4,2,-1,0,130,120,-1,1,500
7570,7,6,2,4,0,-1,-1,-1,-1,-1
7571,3,6,2,4,0,-1,-1,-1,-1,-1
7572,3,6,2,4,0,-1,-1,-1,-1,-1
7573,4,7,2,4,0,-1,-1,-1,1,180
7574,13,1,2,4,0,60,-1,-1,-1,-1
7575,13,1,4,1,0,60,-1,-1,-1,-1
7576,12,4,2,4,0,-1,-1,-1,-1,-1
7577,12,4,2,2,0,-1,-1,-1,-1,-1
7578,15,1,2,4,0,150,150,-1,-1,-1
7579,15,1,1,1,0,150,150,-1,-1,-1
7580,5,7,1,4,0,60,-1,-1,1,-3
7581,-1,0,-1,-1,-1,-1,-1,-1,-1,-1
7582,-1,0,-1,-1,-1,-1,-1,-1,-1,-1
7583,-1,0,-1,-1,-1,-1,-1,-1,-1,-1
7584,12,1,1,1,0,-1,40,-1,-1,-1
7585,12,1,1,1,0,-1,40,-1,-1,-1
7586,-1,0,-1,-1,-1,-1,-1,-1,-1,-1
7587,-1,0,-1,-1,-1,-1,-1,-1,-1,-1
7588,-1,0,-1,-1,-1,-1,-1,-1,-1,-1
7589,6,6,1,4,0,-1,-1,-1,-1,-1
7590,14,6,2,1,0,200,-1,-1,-1,-1
7591,5,7,1,4,0,-1,-1,-1,-1,-1
7592,10,3,2,1,0,-1,-1,-1,-1,-1
7593,10,3,2,4,0,-1,-1,-1,-1,-1
7594,9,6,1,1,0,30,20,-1,-1,-1
7595,-1,0,-1,-1,-1,-1,-1,-1,-1,-1
7596,-1,0,-1,-1,-1,-1,-1,-1,-1,-1
7597,14,1,2,1,0,-1,40,80,2,-1
7598,14,1,2,4,0,-1,40,80,2,-1
7599,14,1,2,2,0,-1,40,80,2,-1
7600,14,1,2,4,0,-1,40,80,2,-1
7601,14,1,2,1,0,-1,40,80,2,-1
7602,11,1,2,1,6,250,50,-1,-1,-1
7603,11,1,2,1,6,250,50,-1,-1,-1
7604,11,1,2,-1,0,250,50,-1,-1,-1
7605,11,1,2,-1,0,250,50,-1,-1,-1
7606,11,1,2,-1,0,250,50,-1,-1,-1
7607,7,1,1,4,0,100,-1,-1,2,-1
7608,7,1,1,4,0,100,-1,-1,2,-1
7609,15,1,1,1,0,-1,100,-1,-1,-1
7610,15,1,1,1,0,-1,100,-1,-1,-1
7611,15,1,1,2,0,-1,100,-1,-1,-1
7612,15,1,1,1,0,-1,100,-1,-1,-1
7613,7,1,2,4,13,100,50,200,1,600
7614,7,1,2,4,13,100,50,200,1,600
7615,7,1,2,4,0,100,50,200,1,600
7616,7,1,2,4,0,100,50,200,1,600
7617,7,1,2,-1,0,100,50,200,1,600
7618,7,1,2,-1,0,100,50,200,1,600
7619,12,6,1,1,0,-1,-1,-1,-1,-1
7620,-1,0,-1,-1,-1,-1,-1,-1,-1,-1
7621,6,1,2,1,0,-1,-1,-1,-1,-1
7622,6,1,2,2,0,-1,-1,-1,-1,-1
7623,6,4,2,1,4,80,60,-1,1,220
7624,6,4,2,2,0,80,60,-1,1,220
7625,6,4,2,2,0,80,60,-1,1,220
7626,12,1,1,1,0,250,-1,-1,-1,-1
7627,12,1,1,4,0,250,-1,-1,-1,-1
7628,7,1,1,4,0,200,-1,-1,-1,-1
7629,7,1,1,4,0,200,-1,-1,-1,-1
7630,-1,0,-1,-1,-1,-1,-1,-1,-1,-1
7631,16,1,2,1,4,180,-1,-1,-1,-1
7632,16,1,2,1,4,180,-1,-1,-1,-1
7633,16,1,2,4,0,180,-1,-1,-1,-1
7634,16,1,2,-1,0,180,-1,-1,-1,-1
7635,-1,0,-1,-1,-1,-1,-1,-1,-1,-1
7636,8,1,2,2,5,200,-1,80,-1,-1
7637,8,1,2,1,5,200,-1,80,-1,-1
7638,8,1,2,-1,0,200,-1,80,-1,-1
7639,8,1,2,-1,0,200,-1,80,-1,-1
7640,-1,0,-1,-1,-1,-1,-1,-1,-1,-1
7641,-1,0,-1,-1,-1,-1,-1,-1,-1,-1
7642,1,7,1,4,0,40,-1,20,2,-1
7643,-1,0,-1,-1,-1,-1,-1,-1,-1,-1
7644,12,6,1,1,0,-1,-1,-1,-1,-1
7645,12,4,2,1,0,150,20,-1,2,-1
7646,12,4,2,4,5,150,20,-1,2,-1
7647,12,4,2,-1,0,150,20,-1,2,-1
7648,12,4,2,-1,0,150,20,-1,2,-1
7649,11,1,2,4,0,-1,-1,-1,-1,-1
7650,11,1,2,4,0,-1,-1,-1,-1,-1
7651,9,7,1,4,0,200,-1,-1,-1,-1
7652,-1,0,-1,-1,-1,-1,-1,-1,-1,-1
7653,6,7,1,4,0,100,10,50,2,-1
7654,-1,0,-1,-1,-1,-1,-1,-1,-1,-1
7655,-1,0,-1,-1,-1,-1,-1,-1,-1,-1
7656,-1,0,-1,-1,-1,-1,-1,-1,-1,-1
7657,16,7,1,4,0,130,60,-1,-1,-1
7658,12,4,1,1,10,-1,80,100,2,-1
7659,12,4,1,4,0,-1,80,100,2,-1
7660,12,4,1,-1,0,-1,80,100,2,-1
7661,11,6,1,4,0,-2,-1,-1,-1,-1
7662,8,6,1,4,0,80,-1,-2,2,-1
7663,-1,0,-1,-1,-1,-1,-1,-1,-1,-1
7664,6,6,1,4,0,-1,-1,-1,-1,-1
7665,-1,0,-1,-1,-1,-1,-1,-1,-1,-1
7666,12,6,1,1,0,150,-1,-1,-1,-1
7667,-1,0,-1,-1,-1,-1,-1,-1,-1,-1
7668,5,1,2,1,0,250,-1,-1,2,-1
7669,5,1,2,1,0,250,-1,-1,2,-1
7670,5,1,2,1,1,250,-1,-1,2,-1
7671,5,1,2,-1,0,250,-1,-1,2,-1
7672,-1,0,-1,-1,-1,-1,-1,-1,-1,-1
7673,4,1,1,4,0,-1,-1,-1,-1,-1
7674,4,1,1,4,0,-1,-1,-1,-1,-1
7675,10,6,4,4,0,-1,-1,-1,-1,-1
7676,-1,0,-1,-1,-1,-1,-1,-1,-1,-1
7677,9,7,2,4,0,4,4,-1,-1,-1
7678,11,7,1,1,0,-1,-1,-1,-1,-1
7679,8,6,2,1,0,40,-1,-1,-1,-1
7680,-1,0,-1,-1,-1,-1,-1,-1,-1,-1
7681,-1,0,-1,-1,-1,-1,-1,-1,-1,-1
7682,-1,0,-1,-1,-1,-1,-1,-1,-1,-1
7683,-1,0,-1,-1,-1,-1,-1,-1,-1,-1
7684,-1,0,-1,-1,-1,-1,-1,-1,-1,-1
9612,14,1,1,1,10,200,4,-1,-1,-1
9613,14,1,1,4,10,200,4,-1,-1,-1
9614,14,1,1,-1,0,200,4,-1,-1,-1
9615,14,1,1,-1,0,200,4,-1,-1,-1
9616,10,1,2,1,0,150,-1,-1,2,-1
9617,10,1,2,4,0,150,-1,-1,2,-1
9618,3,7,2,4,0,30,4,40,1,-3
9619,4,1,1,4,0,60,40,-1,2,-1
9620,4,1,1,4,0,60,40,-1,2,-1
9621,12,6,1,4,0,150,-1,-1,2,-1
9622,12,6,1,4,0,150,-1,-1,2,-1
9623,13,7,2,4,0,-1,-1,-1,-1,-1
9624,6,3,2,4,0,100,-1,40,1,70
9625,6,3,1,4,0,100,-1,40,1,70
9626,6,3,1,4,0,100,-1,40,1,70
9627,15,1,1,1,3,-1,-1,-1,-1,-1
9628,15,1,1,1,3,-1,-1,-1,-1,-1
9629,15,1,1,4,0,-1,-1,-1,-1,-1
9630,15,1,1,-1,0,-1,-1,-1,-1,-1
9631,15,1,2,4,0,200,30,-1,2,-1
9632,15,1,2,1,0,200,30,-1,2,-1
9633,15,1,2,1,0,200,30,-1,2,-1
9634,14,1,1,2,0,150,50,-1,-1,-1
9635,14,1,1,1,0,150,50,-1,-1,-1
9636,14,1,1,4,0,150,50,-1,-1,-1
9637,10,1,1,1,0,100,20,-1,-1,-1
9638,10,1,1,4,0,100,20,-1,-1,-1
9639,10,1,1,4,0,-1,-1,-1,-1,-1
9640,10,1,1,4,0,-1,-1,-1,-1,-1
9641,15,7,1,4,0,300,20,-1,-1,-1
9642,8,1,2,4,0,180,-1,50,2,-1
9643,8,1,2,4,0,180,-1,50,2,-1
9644,8,1,2,4,0,180,-1,50,2,-1
9645,8,7,1,4,0,30,-1,10,2,-1
9646,3,6,2,4,0,-1,-1,-1,-1,-1
9647,13,7,2,1,0,-1,-1,-1,-1,-1
11360,12,4,2,4,0,-1,-1,-1,-1,-1
11361,12,4,2,1,0,-1,-1,-1,-1,-1
11362,12,4,2,1,0,-1,-1,-1,-1,-1
11363,13,1,1,4,0,50,20,-1,-1,-1
11364,13,1,1,4,0,50,20,-1,-1,-1
11365,10,1,1,4,0,-1,-1,-1,-1,-1
11366,10,1,1,4,0,-1,-1,-1,-1,-1
11367,10,1,1,4,0,-1,-1,-1,-1,-1
11368,16,1,1,1,0,130,150,-1,-1,-1
11369,16,1,1,1,0,130,150,-1,-1,-1
11370,8,1,1,4,0,110,-1,50,2,-1
11371,8,1,1,4,0,110,-1,50,2,-1
11372,8,6,1,4,0,50,30,-1,2,-1
11373,13,1,1,1,0,80,60,-1,-1,-1
11374,13,1,1,4,0,80,60,-1,-1,-1
11375,13,1,1,4,0,80,60,-1,-1,-1
11376,11,1,1,1,0,90,40,-1,-1,-1
11377,11,1,1,4,0,90,40,-1,-1,-1
11378,11,6,2,4,0,-1,-1,-1,-1,-1
11379,12,7,4,4,0,-1,-1,-1,-1,-1
11380,15,1,1,4,0,-2,-1,-1,-1,-1
11381,15,1,1,4,0,-2,-1,-1,-1,-1
11382,4,1,7,1,4,100,50,-1,2,-1
11383,4,1,7,4,4,100,50,-1,2,-1
11384,4,1,7,1,0,100,50,-1,2,-1
11385,10,1,1,4,0,150,-2,-1,2,-1
11386,10,1,1,1,0,150,-2,-1,2,-1
11387,10,1,1,1,0,150,-2,-1,2,-1
11388,10,6,1,1,0,30,4,-1,2,-1
11389,11,1,1,1,1,80,30,-1,-1,-1
11390,11,1,1,4,1,80,30,-1,-1,-1
11391,11,1,1,-1,0,80,30,-1,-1,-1
11392,12,1,1,1,0,120,-1,-1,2,-1
11393,12,1,1,4,0,120,-1,-1,2,-1
25641,15,7,2,4,0,-1,-1,-1,-1,-1
25642,11,1,1,4,10,-1,-1,-1,-1,-1
25643,11,1,1,1,10,-1,-1,-1,-1,-1
25644,11,1,1,4,0,-1,-1,-1,-1,-1
25645,11,1,1,-1,0,-1,-1,-1,-1,-1
25646,11,1,1,-1,0,-1,-1,-1,-1,-1
25647,11,1,1,-1,0,-1,-1,-1,-1,-1
25648,6,6,1,4,0,-1,-1,-1,-1,-1
25649,3,7,2,4,0,80,20,30,1,160
25650,11,4,1,4,0,150,-1,50,-1,-1
25651,11,4,1,4,0,150,-1,50,-1,-1
25652,-1,0,-1,-1,-1,-1,-1,-1,-1,-1
25653,10,4,2,4,0,40,20,-1,2,-1
25654,10,4,2,4,0,40,20,-1,2,-1
25655,16,1,2,1,0,50,-1,-1,-1,-1
25656,16,1,2,1,0,50,-1,-1,-1,-1
25657,15,7,1,1,0,130,-1,-1,-1,-1
25658,9,7,1,4,0,-1,-1,-1,-1,-1
25659,13,1,1,4,0,-1,-1,-1,-1,-1
25660,13,1,1,4,0,-1,-1,-1,-1,-1
25661,12,7,2,1,0,80,-1,-1,-1,-1
25662,16,1,1,1,3,120,60,-1,-1,-1
25663,16,1,1,1,3,120,60,-1,-1,-1
25664,16,1,1,-1,0,120,60,-1,-1,-1
25665,16,1,1,-1,0,120,60,-1,-1,-1
25666,1,7,1,4,0,-1,-1,-1,2,-1
25667,10,1,1,4,0,100,30,-1,-1,-1
25668,10,1,1,4,0,100,30,-1,-1,-1
25669,4,7,2,4,0,100,-1,-1,2,-1
25670,12,1,1,4,0,80,20,-1,-1,-1
25671,12,1,1,1,0,80,20,-1,-1,-1
25672,-1,0,-1,-1,-1,-1,-1,-1,-1,-1
25673,-1,0,-1,-1,-1,-1,-1,-1,-1,-1
25674,13,1,2,1,0,150,-1,-1,-1,-1
25675,13,1,2,1,0,150,-1,-1,-1,-1
25676,11,7,1,4,0,70,-1,-1,-1,-1
25677,14,1,1,1,0,80,60,-1,-1,-1
25678,14,1,1,1,0,80,60,-1,-1,-1
25679,14,1,1,4,0,100,50,-1,-1,-1
25680,14,1,1,4,0,100,50,-1,-1,-1
25681,10,6,1,4,0,60,30,-1,-1,-1
25682,7,4,1,4,0,60,-1,-1,2,-1
25683,7,4,1,1,0,60,-1,-1,2,-1
25684,14,7,2,4,0,60,-1,-1,-1,-1
25685,-1,0,-1,-1,-1,-1,-1,-1,-1,-1
25686,11,3,1,1,4,350,90,-1,-1,-1
25687,11,3,1,1,0,350,90,-1,-1,-1
25688,11,3,1,4,0,350,90,-1,-1,-1
25689,7,6,1,1,0,200,-1,30,2,-1
25690,7,6,1,4,0,200,-1,30,2,-1
25691,-1,0,-1,-1,-1,-1,-1,-1,-1,-1
25692,5,4,2,4,0,350,-1,-1,1,180
25693,5,4,2,4,0,350,-1,-1,1,180
25694,5,4,2,4,0,350,-1,-1,1,180
25695,5,4,2,-1,0,350,-1,-1,1,180
25696,-1,0,-1,-1,-1,-1,-1,-1,-1,-1
25697,12,1,1,4,0,300,-1,-1,-1,-1
25698,12,1,1,4,0,300,-1,-1,-1,-1
25699,-1,0,-1,-1,-1,-1,-1,-1,-1,-1
25700,-1,0,-1,-1,-1,-1,-1,-1,-1,-1
25701,-1,0,-1,-1,-1,-1,-1,-1,-1,-1
25702,9,7,1,4,0,140,-1,-1,-1,-1
25703,14,1,1,1,0,200,-1,-1,-1,-1
25704,14,1,1,1,0,200,-1,-1,-1,-1
25705,14,1,1,4,0,200,-1,-1,-1,-1
25706,14,1,1,4,0,50,-1,-1,-1,-1
25707,14,1,1,4,0,50,-1,-1,-1,-1
25708,12,6,1,1,0,90,-1,-1,-1,-1
25709,7,6,1,4,0,130,-1,-1,2,-1
25710,6,6,1,1,0,150,-1,-1,2,-1
25711,6,6,1,1,0,150,-1,-1,2,-1
25712,-1,0,-1,-1,-1,-1,-1,-1,-1,-1
25713,9,1,1,4,0,130,-1,-1,2,-1
25714,9,1,1,1,0,130,-1,-1,2,-1
25715,5,6,1,4,0,4,-1,30,2,-1
25716,-1,0,-1,-1,-1,-1,-1,-1,-1,-1
25717,-1,0,-1,-1,-1,-1,-1,-1,-1,-1
25718,-1,0,-1,-1,-1,-1,-1,-1,-1,-1
25719,11,4,1,4,0,100,20,150,2,-1
25720,11,4,1,1,0,100,20,150,2,-1
25721,11,4,1,4,0,100,20,150,2,-1
25722,2,7,2,4,0,-1,-1,-1,1,170
25723,5,7,2,4,0,220,-1,-1,1,120
25724,-1,0,-1,-1,-1,-1,-1,-1,-1,-1
25725,10,1,2,1,0,-2,60,-1,-1,-1
25726,10,1,2,1,0,-2,60,-1,-1,-1
25727,14,7,2,4,0,80,-1,-1,-1,-1
25728,9,6,2,1,0,-1,80,-1,-1,-1
25729,11,7,2,1,0,-1,100,-1,-1,-1
25730,4,6,2,1,0,80,10,100,2,-1
25731,8,7,2,1,0,150,-1,60,2,-1
25732,-1,0,-1,-1,-1,-1,-1,-1,-1,-1
25733,8,7,2,4,0,-1,30,-1,1,70
25734,11,1,1,4,0,-1,-1,20,-1,-1
25735,11,1,1,4,0,-1,-1,20,-1,-1
25736,6,6,1,1,0,30,30,-1,2,-1
25737,3,4,2,4,0,60,-1,-1,1,90
25738,3,4,2,4,0,60,-1,-1,1,90
25739,1,6,2,4,0,-1,-1,50,2,-1
25740,9,1,2,4,0,20,-1,50,2,-1
25741,9,1,2,4,0,20,-1,50,2,-1
25742,2,6,2,4,0,-1,-1,40,1,110
25743,10,6,2,4,0,-1,-1,-1,-1,-1
25744,12,1,1,1,0,-1,-1,-1,-1,-1
25745,12,1,1,1,0,-1,-1,-1,-1,-1
25746,-1,0,-1,-1,-1,-1,-1,-1,-1,-1
25747,13,1,1,4,0,100,70,-1,-1,-1
25748,13,1,1,4,0,100,70,-1,-1,-1
25749,13,4,1,1,8,-1,-1,-1,-1,-1
25750,13,4,1,1,0,-1,-1,-1,-1,-1
25751,13,4,1,-1,0,-1,-1,-1,-1,-1
25752,13,4,1,-1,0,-1,-1,-1,-1,-1
25753,-1,0,-1,-1,-1,-1,-1,-1,-1,-1
25754,-1,0,-1,-1,-1,-1,-1,-1,-1,-1
25755,3,3,1,4,0,100,30,-1,-1,-1
25756,3,3,1,4,0,100,30,-1,-1,-1
25757,10,1,1,4,0,-1,-1,-1,-1,-1
25758,10,1,1,4,0,-1,-1,-1,-1,-1
25759,-1,0,-1,-1,-1,-1,-1,-1,-1,-1
25760,16,2,2,-1,0,70,60,-1,-1,-1
25761,16,2,2,1,0,70,60,-1,-1,-1
25762,4,6,1,1,0,-1,30,-1,2,-1
25763,-1,0,-1,-1,-1,-1,-1,-1,-1,-1
25764,14,1,1,1,10,200,40,-1,-1,-1
25765,14,1,1,1,10,200,40,-1,-1,-1
25766,14,1,1,4,0,200,40,-1,-1,-1
25767,14,1,1,-1,0,200,40,-1,-1,-1
25768,-1,0,-1,-1,-1,-1,-1,-1,-1,-1
25769,-1,0,-1,-1,-1,-1,-1,-1,-1,-1
25770,14,1,2,1,0,140,60,-1,-1,-1
25771,14,1,2,4,0,140,60,-1,-1,-1
25772,-1,0,-1,-1,-1,-1,-1,-1,-1,-1
25773,4,6,2,4,0,40,-1,-1,1,20
25774,11,7,2,4,0,40,-1,-1,-1,-1
25775,-1,0,-1,-1,-1,-1,-1,-1,-1,-1
25776,-1,0,-1,-1,-1,-1,-1,-1,-1,-1
25777,-1,0,-1,-1,-1,-1,-1,-1,-1,-1
25778,-1,0,-1,-1,-1,-1,-1,-1,-1,-1
25779,9,7,1,4,0,-1,-1,-1,-1,-1
25780,-1,0,-1,-1,-1,-1,-1,-1,-1,-1
25781,11,4,1,1,0,-1,200,-1,-1,-1
25782,11,4,1,1,0,-1,200,-1,-1,-1
25783,6,1,2,4,0,-1,-1,-1,1,300
25784,6,1,2,4,0,-1,-1,-1,1,300
25785,6,1,2,4,0,-1,-1,-1,1,300
25786,14,6,1,4,0,50,-1,-1,-1,-1
25787,12,6,1,1,0,-1,-1,-1,-1,-1
25788,16,1,1,1,0,-1,-1,-1,-1,-1
25789,16,1,1,1,0,-1,-1,-1,-1,-1
25790,-1,0,-1,-1,-1,-1,-1,-1,-1,-1
25791,-1,0,-1,-1,-1,-1,-1,-1,-1,-1
25792,-1,0,-1,-1,-1,-1,-1,-1,-1,-1
25793,15,1,1,1,0,170,-1,-1,-1,-1
25794,15,1,1,1,0,170,-1,-1,-1,-1
25795,11,7,2,1,0,80,40,50,-1,-1
25796,11,7,2,1,0,80,40,50,-1,-1
25797,14,10,1,4,0,-1,-1,-1,-1,-1
25798,1,7,2,4,0,-1,-1,-1,-1,-1
25799,14,7,1,4,0,-1,-1,-1,-1,-1
25800,14,7,1,4,0,-1,-1,-1,-1,-1
25801,14,7,2,4,0,-1,-1,-1,-1,-1
25802,15,6,1,1,0,50,20,-1,-1,-1
25803,15,1,1,1,4,210,20,-1,-1,-1
25804,15,1,1,1,4,210,20,-1,-1,-1
25805,15,1,1,-1,0,210,20,-1,-1,-1
25806,5,7,1,4,0,-1,-1,-1,-1,-1
25807,-1,0,-1,-1,-1,-1,-1,-1,-1,-1
25808,15,1,1,1,8,-1,-1,-1,-1,-1
25809,15,1,1,1,8,-1,-1,-1,-1,-1
25810,15,1,1,4,0,-1,-1,-1,-1,-1
25811,15,1,1,-1,0,-1,-1,-1,-1,-1
25812,15,1,1,-1,0,-1,-1,-1,-1,-1
25813,15,1,1,-1,0,-1,-1,-1,-1,-1
25814,15,1,1,-1,0,-1,-1,-1,-1,-1
25815,15,1,1,4,0,-1,-1,-1,-1,-1
25816,4,7,1,4,0,30,-1,-1,2,-1
25817,-1,0,-1,-1,-1,-1,-1,-1,-1,-1
25818,13,1,1,1,0,100,100,-1,-1,-1
25819,13,1,1,1,0,100,100,-1,-1,-1
25820,5,6,2,4,0,60,-1,30,2,-1
25821,2,4,2,2,3,50,-1,100,1,200
25822,2,4,2,-1,0,50,-1,100,1,200
25823,-1,0,-1,-1,-1,-1,-1,-1,-1,-1
25824,13,1,1,1,11,-1,-1,-1,-1,-1
25825,13,1,1,1,11,-1,-1,-1,-1,-1
25826,13,1,1,-1,0,-1,-1,-1,-1,-1
25827,13,1,1,-1,0,-1,-1,-1,-1,-1
25828,13,1,1,-1,0,-1,-1,-1,-1,-1
25829,11,7,1,1,0,-1,-1,-1,-1,-1
25830,13,1,1,1,8,170,-1,-1,-1,-1
25831,13,1,1,4,8,170,-1,-1,-1,-1
25832,13,1,1,-1,0,170,-1,-1,-1,-1
25833,13,1,1,-1,0,170,-1,-1,-1,-1
25834,2,7,1,4,0,60,30,-1,-1,-1
25835,5,7,2,4,0,50,-1,50,2,-1
25836,-1,0,-1,-1,-1,-1,-1,-1,-1,-1
25837,15,1,1,1,0,150,100,-1,-1,-1
25838,15,1,1,1,0,150,100,-1,-1,-1
25839,13,1,1,1,0,120,-1,-1,-1,-1
25840,13,1,1,4,0,120,-1,-1,-1,-1
25841,5,4,2,4,0,100,20,100,1,170
25842,5,4,6,4,2,100,20,100,1,170
25843,5,4,6,1,0,100,20,100,1,170
25844,5,4,6,-1,0,100,20,100,1,170
25845,14,1,16,4,0,30,-1,10,-1,-1
25846,14,1,2,1,0,30,-1,10,-1,-1
25847,3,4,2,4,0,-1,-1,-1,1,260
25848,3,4,2,-1,0,-1,-1,-1,1,260
25849,3,4,3,4,0,-1,-1,-1,1,260
25850,5,4,1,4,0,-2,-1,-1,2,-1
25851,5,4,1,1,0,-2,-1,-1,2,-1
25852,15,1,1,4,0,80,-1,20,-1,-1
25853,15,1,1,4,0,80,-1,20,-1,-1
25854,15,1,1,1,4,250,50,-1,-1,-1
25855,15,1,1,1,4,250,50,-1,-1,-1
25856,15,1,1,4,0,250,50,-1,-1,-1
25857,-1,0,-1,-1,-1,-1,-1,-1,-1,-1
25858,-1,0,-1,-1,-1,-1,-1,-1,-1,-1
25859,-1,0,-1,-1,-1,-1,-1,-1,-1,-1
25860,11,1,2,1,0,80,-1,10,-1,-1
25861,11,1,2,1,0,80,-1,10,-1,-1
25862,6,6,2,4,0,150,20,-1,-1,-1
25863,11,4,1,1,0,-1,-1,-1,-1,-1
25864,11,4,1,1,0,-1,-1,-1,-1,-1
25865,14,1,2,1,0,70,-1,-1,2,-1
25866,14,1,2,1,0,70,-1,-1,2,-1
25867,12,3,2,3,0,60,-1,-1,2,-1
25868,12,3,2,4,0,60,-1,-1,2,-1
25869,13,1,1,4,0,-1,-1,-1,-1,-1
25870,13,1,1,4,0,-1,-1,-1,-1,-1
25871,7,7,1,4,0,100,-1,-1,2,-1
25872,13,6,1,4,0,-1,-1,-1,-1,-1
25873,9,6,1,4,0,-1,-1,-1,-1,-1
25874,13,1,1,1,1,200,-1,-1,-1,-1
25875,13,1,1,1,1,200,-1,-1,-1,-1
25876,13,1,1,-1,0,200,-1,-1,-1,-1
25877,-1,0,-1,-1,-1,-1,-1,-1,-1,-1
25878,-1,0,-1,-1,-1,-1,-1,-1,-1,-1
25879,13,4,1,4,0,150,70,-1,-1,-1
25880,13,4,1,1,0,150,70,-1,-1,-1
25881,13,4,1,4,0,150,70,-1,-1,-1
25882,13,4,1,1,0,150,70,-1,-1,-1
25883,7,6,1,4,0,80,-1,-1,2,-1
25884,15,6,2,1,0,100,-1,50,2,-1
25885,11,7,2,4,0,70,-1,-1,-1,-1
25886,1,7,2,4,0,120,50,30,1,30
25887,11,6,2,4,0,100,40,-1,-1,-1
25888,11,6,2,1,0,100,40,-1,-1,-1
25889,7,4,2,4,0,80,30,-1,2,-1
25890,7,4,2,1,0,80,30,-1,2,-1
25891,6,1,2,4,0,100,40,-1,1,350
25892,6,1,2,4,0,100,40,-1,1,350
25893,6,1,2,4,0,100,40,-1,1,350
25894,6,1,1,1,0,180,-1,-1,2,-1
25895,6,1,1,1,0,180,-1,-1,2,-1
25896,4,7,1,4,0,50,20,-1,2,-1
25897,16,7,1,1,0,150,-1,-1,-1,-1
25898,4,7,1,4,0,-1,-1,-1,-1,-1
25899,4,7,1,4,0,-1,-1,-1,-1,-1
32252,2,4,1,4,0,-1,-1,-1,-1,-1
32253,2,4,1,2,0,-1,-1,-1,-1,-1
32254,2,4,1,1,0,-1,-1,-1,-1,-1
32255,-1,0,-1,-1,-1,-1,-1,-1,-1,-1
32256,7,4,4,4,0,-1,-1,-1,-1,-1
32257,7,4,4,4,0,-1,-1,-1,-1,-1
32258,15,1,2,1,0,50,80,-1,-1,-1
32259,15,1,2,1,0,50,80,-1,-1,-1
32260,12,1,1,4,0,150,-1,-1,-1,-1
32261,12,1,1,1,0,150,-1,-1,-1,-1
32262,12,1,1,4,0,150,-1,-1,-1,-1
32263,8,1,1,1,8,100,50,-1,2,-1
32264,8,1,1,4,8,100,50,-1,2,-1
32265,8,1,1,-1,0,100,50,-1,2,-1
32266,8,1,1,-1,0,100,50,-1,2,-1
32267,12,1,1,4,0,100,-1,-1,-1,-1
32268,12,1,1,4,0,100,-1,-1,-1,-1
32269,5,1,1,4,1,150,100,-1,2,-1
32270,5,1,1,1,1,150,100,-1,2,-1
32271,5,1,1,-1,0,150,100,-1,2,-1
32272,-1,0,-1,-1,-1,-1,-1,-1,-1,-1
32273,13,7,1,4,0,-1,-1,-1,-1,-1
32274,-1,0,-1,-1,-1,-1,-1,-1,-1,-1
32275,3,7,2,4,0,190,-1,-1,1,190
32276,6,4,2,4,8,140,-1,-1,1,600
32277,6,4,2,-1,0,140,-1,-1,1,600
32278,6,4,2,-1,0,140,-1,-1,1,600
32279,6,4,2,-1,0,140,-1,-1,1,600
32280,15,1,1,4,0,200,80,-1,-1,-1
32281,15,1,1,4,0,200,80,-1,-1,-1
32282,15,1,1,4,0,200,80,-1,-1,-1
32283,5,1,1,1,3,250,50,-1,-1,-1
32284,5,1,21,4,3,250,50,-1,-1,-1
32285,5,1,21,-1,0,250,50,-1,-1,-1
32286,5,1,21,-1,0,250,50,-1,-1,-1
32287,5,1,21,-1,0,250,50,-1,-1,-1
32288,5,7,1,4,0,70,-1,60,2,-1
32289,15,1,1,1,3,-1,-1,-1,-1,-1
32290,15,1,1,1,3,-1,-1,-1,-1,-1
32291,15,1,1,-1,0,-1,-1,-1,-1,-1
32292,15,1,1,-1,0,-1,-1,-1,-1,-1
32293,6,3,1,4,0,-1,-1,-1,-1,-1
32294,6,3,1,4,0,-1,-1,-1,-1,-1
32295,16,1,1,1,3,350,100,-1,2,-1
32296,16,1,1,1,3,350,100,-1,2,-1
32297,16,1,1,-1,0,350,100,-1,2,-1
32298,16,1,1,-1,0,350,100,-1,2,-1
32299,4,7,1,1,0,50,-1,30,2,-1
32300,4,7,1,4,0,50,-1,30,2,-1
32301,-1,0,-1,-1,-1,-1,-1,-1,-1,-1
32302,15,6,1,1,0,60,20,-1,-1,-1
32303,-1,0,-1,-1,-1,-1,-1,-1,-1,-1
32304,13,1,1,4,0,100,-1,-1,-1,-1
32305,13,1,1,4,0,100,-1,-1,-1,-1
32306,15,1,2,2,0,150,-1,80,2,-1
32307,15,1,2,2,0,150,-1,80,2,-1
32308,13,1,2,1,4,130,-1,-1,-1,-1
32309,13,1,2,1,4,130,-1,-1,-1,-1
32310,13,1,2,-1,0,130,-1,-1,-1,-1
32311,7,1,2,1,3,100,-1,-1,2,-1
32312,7,1,2,4,3,100,-1,-1,2,-1
32313,7,1,2,-1,0,100,-1,-1,2,-1
32314,8,4,2,1,3,60,30,-1,1,200
32315,8,4,2,-1,0,60,30,-1,1,200
32316,-1,0,-1,-1,-1,-1,-1,-1,-1,-1
32317,12,1,1,1,0,150,20,-1,-1,-1
32318,12,1,1,1,0,150,20,-1,-1,-1
32319,7,3,2,1,0,100,-1,-1,2,-1
32320,7,3,2,1,0,100,-1,-1,2,-1
32321,10,1,1,4,0,-1,-1,-1,-1,-1
32322,10,1,1,4,0,-1,-1,-1,-1,-1
32323,14,6,1,1,0,80,30,-1,-1,-1
32324,5,7,1,4,0,-1,-1,-1,-1,-1
32325,9,3,1,1,9,200,4,-1,2,-1
32326,9,3,1,1,4,200,4,-1,2,-1
32327,9,3,1,-1,0,200,4,-1,2,-1
32328,9,3,1,-1,0,200,4,-1,2,-1
32329,-1,0,-1,-1,-1,-1,-1,-1,-1,-1
32330,12,1,1,1,0,50,-1,-1,-1,-1
32331,12,1,1,4,0,50,-1,-1,-1,-1
32332,12,1,1,1,0,50,-1,-1,-1,-1
32333,3,7,1,4,0,50,-1,-1,1,130
32334,-1,0,-1,-1,-1,-1,-1,-1,-1,-1
32335,-1,0,-1,-1,-1,-1,-1,-1,-1,-1
32336,-1,0,-1,-1,-1,-1,-1,-1,-1,-1
32337,-1,0,-1,-1,-1,-1,-1,-1,-1,-1
32338,-1,0,-1,-1,-1,-1,-1,-1,-1,-1
32339,4,1,2,4,0,-1,-1,-1,-1,-1
32340,4,1,2,4,0,-1,-1,-1,-1,-1
32341,12,6,1,1,0,110,20,-1,-1,-1
32342,9,1,1,4,0,-1,-1,-1,-1,-1
32343,9,1,1,4,0,-1,-1,-1,-1,-1
32344,10,7,1,4,0,110,20,-1,-1,-1
32345,10,7,1,1,0,110,20,-1,-1,-1
32346,8,6,1,1,0,110,-1,-1,2,-1
32347,8,6,1,1,0,110,-1,-1,2,-1
32348,1,6,2,4,0,-1,-1,-1,-1,-1
32349,8,4,2,4,1,150,-1,20,-1,-1
32350,8,4,2,-1,0,150,-1,20,-1,-1
32351,8,6,1,4,0,-1,-1,-1,2,-1
32352,16,1,1,1,0,200,-1,-1,-1,-1
32353,16,1,1,1,0,200,-1,-1,-1,-1
32354,7,3,2,1,0,-1,20,-1,-1,-1
32355,7,3,2,1,0,-1,20,-1,-1,-1
32356,11,1,1,1,0,150,-1,-1,-1,-1
32357,11,1,4,1,0,150,-1,-1,-1,-1
32358,14,1,1,1,0,170,-1,-1,-1,-1
32359,14,1,1,1,0,170,-1,-1,-1,-1
32360,14,1,1,1,2,170,-1,-1,-1,-1
32361,14,1,1,1,0,170,-1,-1,-1,-1
32362,14,1,1,-1,0,170,-1,-1,-1,-1
32363,4,7,6,4,0,-1,-1,-1,-1,-1
32364,13,4,1,1,0,-1,-1,-1,-1,-1
32365,13,4,1,4,0,-1,-1,-1,-1,-1
32366,13,4,1,1,0,-1,-1,-1,-1,-1
32367,14,1,1,1,0,-1,-1,-1,-1,-1
32368,14,1,1,4,0,-1,-1,-1,-1,-1
32369,-1,0,-1,-1,-1,-1,-1,-1,-1,-1
32370,15,1,1,1,0,200,30,-1,-1,-1
32371,15,1,1,1,0,200,30,-1,-1,-1
32372,15,1,1,1,1,200,30,-1,-1,-1
32373,15,1,1,-1,0,200,30,-1,-1,-1
32374,9,1,1,1,0,50,30,-1,2,-1
32375,9,1,1,4,0,50,30,-1,2,-1
32376,-1,0,-1,-1,-1,-1,-1,-1,-1,-1
32377,-1,0,-1,-1,-1,-1,-1,-1,-1,-1
32378,-1,0,-1,-1,-1,-1,-1,-1,-1,-1
32379,-1,0,-1,-1,-1,-1,-1,-1,-1,-1
32380,9,1,1,4,0,90,-1,-1,2,-1
32381,9,1,1,4,0,90,-1,-1,2,-1
32382,7,7,1,4,0,20,-1,-1,2,-1
32383,9,1,1,4,0,80,50,-1,2,-1
32384,9,1,1,4,0,80,50,-1,2,-1
32385,11,3,1,1,0,80,10,70,2,-1
32386,11,3,1,4,0,80,10,70,2,-1
32387,14,6,1,1,0,-1,50,-1,-1,-1
32388,-1,0,-1,-1,-1,-1,-1,-1,-1,-1
32389,3,1,1,4,0,100,-1,40,1,270
32390,3,1,1,2,0,100,-1,40,1,270
32391,-1,0,-1,-1,-1,-1,-1,-1,-1,-1
32392,-1,0,-1,-1,-1,-1,-1,-1,-1,-1
32393,-1,0,-1,-1,-1,-1,-1,-1,-1,-1
32394,7,1,2,1,0,90,-1,-1,-1,-1
32395,7,1,2,4,0,90,-1,-1,-1,-1
32396,14,1,2,4,0,100,40,30,-1,-1
32397,14,1,2,1,0,100,40,30,-1,-1
32398,6,6,2,1,0,80,-1,30,-1,-1
32399,5,4,2,1,0,50,20,20,-1,-1
32400,5,4,2,1,0,50,20,20,-1,-1
32401,5,4,2,4,0,50,20,20,-1,-1
32402,14,6,1,1,0,-1,-2,-1,-1,-1
32403,12,7,1,4,0,80,-1,-1,-1,-1
32404,11,6,1,4,0,-1,-1,-1,-1,-1
32405,14,1,2,1,0,200,200,-1,-1,-1
32406,14,1,2,1,0,200,200,-1,-1,-1
32407,-1,0,-1,-1,-1,-1,-1,-1,-1,-1
32408,-1,0,-1,-1,-1,-1,-1,-1,-1,-1
32409,15,1,1,1,0,80,90,-1,-1,-1
32410,15,1,1,1,0,80,90,-1,-1,-1
32411,1,6,1,2,0,30,-1,50,1,200
32412,13,7,1,4,0,80,30,-1,-1,-1
32413,1,7,2,4,0,90,-1,-1,2,-1
32414,-1,0,-1,-1,-1,-1,-1,-1,-1,-1
32415,-1,0,-1,-1,-1,-1,-1,-1,-1,-1
32416,-1,0,-1,-1,-1,-1,-1,-1,-1,-1
32417,-1,0,-1,-1,-1,-1,-1,-1,-1,-1
32418,11,4,2,1,4,70,-1,150,1,200
32419,11,4,2,4,0,70,-1,150,1,200
32420,4,3,2,4,0,-1,-1,-1,-1,-1
32421,4,3,2,4,0,-1,-1,-1,-1,-1
32422,13,6,2,1,0,-1,-1,-1,-1,-1
32423,3,6,2,4,0,50,-1,150,2,-1
32424,5,1,2,1,3,150,50,-1,-1,-1
32425,5,1,2,4,3,150,50,-1,-1,-1
32426,5,1,2,1,0,150,50,-1,-1,-1
32427,5,1,2,-1,0,150,50,-1,-1,-1
32428,-1,0,-1,-1,-1,-1,-1,-1,-1,-1
32429,13,1,1,1,10,180,200,-1,2,-1
32430,13,1,1,4,10,180,200,-1,2,-1
32431,13,1,1,4,0,180,200,-1,2,-1
32432,13,1,1,-1,0,180,200,-1,2,-1
32433,13,1,1,-1,0,180,200,-1,2,-1
32434,1,4,1,4,0,80,-1,100,2,-1
32435,1,4,1,2,0,80,-1,100,2,-1
32436,1,4,1,4,0,80,-1,100,2,-1
32437,8,7,1,1,0,70,20,-1,2,-1
34247,13,1,1,1,0,120,80,-1,-1,-1
34248,13,1,1,1,0,120,80,-1,-1,-1
34249,12,1,1,2,3,100,30,-1,-1,-1
34250,12,1,1,1,3,100,30,-1,-1,-1
34251,12,1,1,-1,0,100,30,-1,-1,-1
34252,13,1,1,1,2,200,80,-1,-1,-1
34253,13,1,1,1,2,200,80,-1,-1,-1
34254,13,1,1,-1,0,200,80,-1,-1,-1
34255,13,1,1,1,0,-1,-1,-1,-1,-1
34256,13,1,1,1,0,-1,-1,-1,-1,-1
34257,13,3,1,1,0,150,-1,-1,-1,-1
34258,13,3,1,1,0,150,-1,-1,-1,-1
34259,13,3,1,4,0,150,-1,-1,-1,-1
34260,9,1,1,4,0,200,30,-1,2,-1
34261,9,1,1,4,0,200,30,-1,2,-1
34262,5,6,2,4,0,50,20,50,2,-1
34263,16,1,1,1,0,280,70,-1,-1,-1
34264,16,1,1,1,0,280,70,-1,-1,-1
34265,16,1,1,4,0,280,70,-1,-1,-1
34266,16,1,1,1,0,280,70,-1,-1,-1
34267,8,1,1,4,0,200,-1,-1,-1,-1
34268,8,1,1,4,0,200,-1,-1,-1,-1
34269,8,4,1,4,0,150,40,50,1,100
34270,8,4,1,4,0,150,40,50,1,100
34271,8,4,1,2,0,150,40,50,1,100
34272,8,4,1,4,0,150,40,50,1,100
34273,15,7,2,4,0,20,-1,-1,-1,-1
34274,13,1,1,4,0,-1,-1,-1,-1,-1
34275,13,1,1,1,0,-1,-1,-1,-1,-1
34276,3,7,2,4,0,80,20,-1,1,90
35296,15,1,1,1,0,50,-1,-1,-1,-1
35297,15,1,1,1,0,50,-1,-1,-1,-1
35298,6,4,2,1,0,50,40,130,1,-2
35299,6,4,2,4,0,50,40,130,1,-2
35300,6,4,2,-1,0,50,40,130,1,-2
35301,6,7,1,4,0,50,-1,-1,2,-1
35302,8,3,2,4,0,100,-1,-1,2,-1
35303,8,3,2,4,0,100,-1,-1,2,-1
35304,11,7,2,4,0,100,50,100,1,10
35305,16,1,2,1,0,100,50,-1,-1,-1
35306,16,1,2,1,0,100,50,-1,-1,-1
35307,16,1,2,4,0,100,50,-1,-1,-1
35308,16,6,1,1,0,300,200,-1,-1,-1
35309,16,6,1,4,0,300,200,-1,-1,-1
35310,16,6,1,1,0,300,200,-1,-1,-1
35311,16,6,1,1,0,300,200,-1,-1,-1
35312,16,6,1,4,0,300,200,-1,-1,-1
35313,8,1,1,1,0,130,30,-1,2,-1
35314,8,1,1,4,0,130,30,-1,2,-1
35315,10,4,1,1,0,130,40,-1,-1,-1
35316,10,4,1,4,0,130,40,-1,-1,-1
35317,7,7,1,4,0,-1,-1,-1,2,-1
35318,14,1,1,1,4,200,-1,40,2,-1
35319,14,1,1,1,4,200,-1,40,2,-1
35320,14,1,1,4,0,200,-1,40,2,-1
50919,-1,0,-1,-1,-1,-1,-1,-1,-1,-1
50920,10,1,1,1,0,-1,-1,50,2,-1
50921,10,1,1,4,0,-1,-1,50,2,-1
50922,-1,0,-1,-1,-1,-1,-1,-1,-1,-1
50923,11,1,1,4,0,-1,-1,-1,-1,-1
50924,11,1,1,4,0,-1,-1,-1,-1,-1
50925,7,4,2,4,0,-1,-1,150,2,-1
50926,7,4,2,4,0,-1,-1,150,2,-1
50927,7,4,2,4,0,-1,-1,150,2,-1
50928,7,4,2,4,0,-1,-1,150,2,-1
50929,7,4,2,1,0,-1,-1,150,2,-1
50930,7,4,2,4,0,-1,-1,150,2,-1
50931,7,4,2,4,0,-1,-1,150,2,-1
50932,2,1,2,4,10,300,-1,50,1,300
50933,2,1,2,1,10,300,-1,50,1,300
50934,2,1,2,4,0,300,-1,50,1,300
50935,2,1,2,-1,0,300,-1,50,1,300
50936,2,1,2,-1,0,300,-1,50,1,300
50937,2,1,2,-1,0,300,-1,50,1,300
50938,11,7,1,1,0,180,60,-1,-1,-1
50939,14,1,1,1,2,80,100,50,2,-1
50940,14,1,1,1,2,80,100,50,2,-1
50941,14,1,1,-1,0,80,100,50,2,-1
50942,11,1,1,1,0,-1,-1,-1,-1,-1
50943,11,1,1,1,0,-1,-1,-1,-1,-1
50944,12,1,1,1,0,-1,-1,-1,-1,-1
50945,12,1,1,1,0,-1,-1,-1,-1,-1
50946,1,7,1,4,0,-1,60,-1,2,-1
50947,8,1,2,4,3,100,-1,-1,2,-1
50948,8,1,2,4,3,100,-1,-1,2,-1
50949,8,1,2,-1,0,100,-1,-1,2,-1
50950,9,1,2,4,0,250,-1,-1,2,-1
50951,9,1,2,4,0,250,-1,-1,2,-1
50952,2,6,1,4,0,50,-1,-1,2,-1
50953,16,4,2,4,0,80,-1,-1,-1,-1
50954,16,4,2,1,0,80,-1,-1,-1,-1
50955,4,7,2,2,0,100,40,-1,2,-1
50956,4,7,2,1,0,100,40,-1,2,-1
50957,9,1,2,1,4,200,-1,30,2,-1
50958,9,1,2,4,4,200,-1,30,2,-1
50959,9,1,2,4,0,200,-1,30,2,-1
50960,-1,0,-1,-1,-1,-1,-1,-1,-1,-1
50961,14,1,1,4,4,100,80,-1,-1,-1
50962,14,1,1,1,4,100,80,-1,-1,-1
50963,14,1,1,4,0,100,80,-1,-1,-1
50964,14,1,1,4,0,100,80,-1,-1,-1
50965,14,1,1,4,0,200,-1,-1,-1,-1
50966,14,1,1,4,0,200,-1,-1,-1,-1
50967,-1,0,-1,-1,-1,-1,-1,-1,-1,-1
50968,-1,0,-1,-1,-1,-1,-1,-1,-1,-1
50969,11,4,1,4,0,10,20,-1,-1,-1
50970,11,4,1,1,0,10,20,-1,-1,-1
50971,11,6,1,1,0,-3,-3,-1,2,-1
50972,14,1,1,1,2,100,50,-1,2,-1
50973,14,1,1,1,2,100,50,-1,2,-1
50974,14,1,1,-1,0,100,50,-1,2,-1
50975,14,1,1,-1,0,100,50,-1,2,-1
50976,14,1,1,1,0,200,60,-1,-1,-1
50977,14,1,1,1,0,200,60,-1,-1,-1
50978,12,7,2,4,0,-1,-1,-1,-1,-1
50979,12,4,2,4,0,60,-2,-1,-1,-1
50980,12,4,2,1,0,60,-2,-1,-1,-1
50981,13,1,1,4,0,80,-1,-1,-1,-1
50982,13,1,1,1,0,80,-1,-1,-1,-1
50983,10,3,2,1,0,100,30,-1,2,-1
50984,10,3,2,1,0,100,30,-1,2,-1
50985,10,3,2,4,0,100,30,-1,2,-1
50986,7,4,2,1,3,-1,-1,-1,-1,-1
50987,7,4,2,-1,0,-1,-1,-1,-1,-1
50988,10,1,1,4,0,-1,-1,-1,-1,-1
50989,10,1,1,4,0,-1,-1,-1,-1,-1
50990,10,6,1,4,0,200,50,30,2,-1
50991,-1,0,-1,-1,-1,-1,-1,-1,-1,-1
50992,-1,0,-1,-1,-1,-1,-1,-1,-1,-1
50993,-1,0,-1,-1,-1,-1,-1,-1,-1,-1
50994,4,1,2,4,0,-1,-1,-1,-1,-1
50995,4,1,2,1,0,-1,-1,-1,-1,-1
50996,10,4,1,4,0,-1,20,50,2,-1
50997,10,4,1,1,2,-1,20,50,2,-1
50998,10,4,1,1,2,-1,20,50,2,-1
50999,10,4,1,-1,0,-1,20,50,2,-1
51000,9,1,1,1,0,100,-1,-1,2,-1
51001,9,1,1,4,0,100,-1,-1,2,-1
51002,7,6,1,4,0,-1,20,-1,2,-1
51003,3,1,1,4,0,150,-1,-1,-1,-1
51004,3,1,1,4,0,150,-1,-1,-1,-1
51005,3,1,1,4,0,150,-1,-1,-1,-1
51006,-1,0,-1,-1,-1,-1,-1,-1,-1,-1
51007,-1,0,-1,-1,-1,-1,-1,-1,-1,-1
51008,14,1,1,1,10,250,60,-1,2,-1
51009,14,1,1,1,10,250,60,-1,2,-1
51010,14,1,1,-1,0,250,60,-1,2,-1
51011,14,1,1,4,0,250,60,-1,2,-1
51012,-1,0,-1,-1,-1,-1,-1,-1,-1,-1
51013,-1,0,-1,-1,-1,-1,-1,-1,-1,-1
51014,14,1,2,1,4,90,-1,30,2,-1
51015,14,1,2,1,4,90,-1,30,2,-1
51016,14,1,2,4,0,90,-1,30,2,-1
51017,13,6,1,1,0,-1,20,-1,-1,-1
51018,8,6,1,1,0,-1,30,-1,2,-1
51019,7,1,1,4,3,350,-1,-1,1,-3
51020,7,1,1,1,3,350,-1,-1,1,-3
51021,7,1,1,-1,0,350,-1,-1,1,-3
51022,7,1,1,-1,0,350,-1,-1,1,-3
51023,8,1,1,1,0,70,20,-1,2,-1
51024,8,1,1,1,0,70,20,-1,2,-1
51025,9,4,1,4,0,40,-1,-1,-1,-1
51026,9,4,1,1,0,40,-1,-1,-1,-1
51027,-1,0,-1,-1,-1,-1,-1,-1,-1,-1
51028,14,6,1,1,0,300,80,-1,1,280
51029,14,6,1,1,4,300,80,-1,1,280
51030,14,6,1,4,0,300,80,-1,1,280
51031,9,3,1,1,3,200,150,-1,1,380
51032,9,3,1,-1,0,200,150,-1,1,380
51033,9,3,1,-1,0,200,150,-1,1,380
51034,9,3,1,-1,0,200,150,-1,1,380
51035,9,6,1,1,0,30,4,4,-1,-1
51036,-1,0,-1,-1,-1,-1,-1,-1,-1,-1
51037,7,1,1,4,0,250,30,20,2,-1
51038,7,1,1,4,0,250,30,20,2,-1
51039,7,1,1,2,0,250,30,20,2,-1
51040,7,1,1,1,0,250,30,20,2,-1
51041,10,1,2,1,0,90,-1,100,2,-1
51042,10,1,2,1,0,90,-1,100,2,-1
51043,15,1,1,1,10,-1,100,-1,-1,-1
51044,15,1,1,1,10,-1,100,-1,-1,-1
51045,15,1,1,-1,0,-1,100,-1,-1,-1
51046,15,1,1,4,0,-1,100,-1,-1,-1
51047,6,7,1,4,0,60,-1,-1,2,-1
51048,9,3,2,2,3,200,100,200,2,-1
51049,9,3,2,-1,0,200,100,200,2,-1
51050,9,3,2,-1,0,200,100,200,2,-1
51051,-1,0,-1,-1,-1,-1,-1,-1,-1,-1
51052,5,7,1,4,0,-1,-1,-1,2,-1
51053,-1,0,-1,-1,-1,-1,-1,-1,-1,-1
51054,4,4,6,4,0,70,-1,-1,1,220
51055,4,4,6,4,0,70,-1,-1,1,220
51056,4,4,6,-1,0,70,-1,-1,1,220
51057,6,1,1,1,0,-2,-2,-1,2,-1
51058,6,1,1,1,0,-2,-2,-1,2,-1
51059,5,1,1,4,0,90,-1,-1,-1,-1
51060,5,1,1,4,0,90,-1,-1,-1,-1
51061,13,1,2,1,4,50,-1,-1,1,220
51062,13,1,2,1,4,50,-1,-1,1,220
51063,13,1,2,4,0,50,-1,-1,1,220
51064,6,4,2,1,4,-1,200,100,2,-1
51065,6,4,2,1,0,-1,200,100,2,-1
51066,6,4,2,4,0,-1,200,100,2,-1
51067,6,4,2,4,0,-1,200,100,2,-1
51068,13,1,2,1,3,60,30,-1,-1,-1
51069,13,1,2,1,3,60,30,-1,-1,-1
51070,13,1,2,-1,0,60,30,-1,-1,-1
51071,13,1,2,-1,0,60,30,-1,-1,-1
51072,3,7,2,4,0,-1,20,-1,-1,-1
51073,-1,0,-1,-1,-1,-1,-1,-1,-1,-1
51074,-1,0,-1,-1,-1,-1,-1,-1,-1,-1
51075,8,1,1,4,0,-1,-1,-1,2,-1
51076,8,1,1,4,0,-1,-1,-1,2,-1
51077,-1,0,-1,-1,-1,-1,-1,-1,-1,-1
51078,5,6,2,3,0,-1,-1,-1,-1,-1
51079,1,6,1,1,0,-1,-1,-1,-1,-1
51080,4,7,2,4,0,100,10,-1,1,200
51081,6,7,1,4,0,70,10,-1,2,-1
51082,8,4,2,1,4,80,50,-1,2,-1
51083,8,4,2,4,0,80,50,-1,2,-1
56043,6,1,2,4,0,80,-1,-1,2,-1
56044,6,1,2,4,0,80,-1,-1,2,-1
56045,5,4,2,1,4,-1,-1,-1,-1,-1
56046,5,4,2,1,0,-1,-1,-1,-1,-1
56047,5,4,2,1,0,-1,-1,-1,-1,-1
56048,14,1,1,4,4,-1,-1,-1,-1,-1
56049,14,1,1,1,4,-1,-1,-1,-1,-1
56050,14,1,1,1,0,-1,-1,-1,-1,-1
56051,14,1,1,4,0,-1,-1,-1,-1,-1
56052,16,1,1,1,0,-1,-1,-1,-1,-1
56053,16,1,1,1,0,-1,-1,-1,-1,-1
56054,8,4,2,4,10,130,30,-1,1,200
56055,8,4,2,4,0,130,30,-1,1,200
56056,8,4,2,4,0,130,30,-1,1,200
56057,8,4,2,4,0,130,30,-1,1,200
56058,8,4,2,-1,0,130,30,-1,1,200
56059,8,4,2,-1,0,130,30,-1,1,200
56060,8,4,2,1,0,-1,-1,-1,-1,-1
56061,8,4,2,1,0,-1,-1,-1,-1,-1
56062,8,4,2,2,0,-1,-1,-1,-1,-1
56063,6,4,2,1,14,-1,-1,-1,2,-1
56064,6,4,2,4,0,-1,-1,-1,2,-1
56065,6,4,2,-1,0,-1,-1,-1,2,-1
56066,6,4,2,-1,0,-1,-1,-1,2,-1
56067,6,4,2,1,8,-1,-1,-1,2,-1
56068,-1,0,-1,-1,-1,-1,-1,-1,-1,-1
56069,-1,0,-1,-1,-1,-1,-1,-1,-1,-1
56070,12,1,2,4,0,60,-1,-1,-1,-1
56071,12,1,2,4,0,60,-1,-1,-1,-1
56072,3,4,2,4,13,40,-1,50,1,648
56073,3,4,2,4,0,40,-1,50,1,648
56074,3,4,2,-1,0,40,-1,50,1,648
56075,3,4,2,-1,0,40,-1,50,1,648
56076,13,1,2,1,0,100,100,-1,1,150
56077,13,1,2,4,0,100,100,-1,1,150
56078,13,1,2,1,6,100,100,-1,1,150
56079,13,1,2,-1,0,100,100,-1,1,150
56080,13,1,2,-1,0,100,100,-1,1,150
56081,7,3,2,4,8,-1,-1,-1,2,-1
56082,7,3,2,1,3,-1,-1,-1,2,-1
56083,7,3,2,-1,0,-1,-1,-1,2,-1
56084,7,3,2,-1,0,-1,-1,-1,2,-1
56085,7,3,2,-1,0,-1,-1,-1,2,-1
56086,10,7,1,4,0,300,-1,-1,-1,-1
56087,14,1,1,1,0,-1,-1,-1,-1,-1
56088,14,1,1,1,0,-1,-1,-1,-1,-1
56089,14,1,1,1,0,-1,-1,-1,-1,-1
56090,14,1,1,4,0,-1,-1,-1,-1,-1
56091,12,3,1,1,11,300,-1,-1,-1,-1
56092,12,3,1,4,0,300,-1,-1,-1,-1
56093,12,3,1,-1,0,300,-1,-1,-1,-1
56094,12,3,1,-1,0,300,-1,-1,-1,-1
56095,12,3,1,-1,0,300,-1,-1,-1,-1
56096,4,1,1,4,0,150,-1,-1,1,400
56097,4,1,1,4,0,150,-1,-1,1,400
56098,4,1,1,4,0,150,-1,-1,1,400
56099,-1,0,-1,-1,-1,-1,-1,-1,-1,-1
56100,13,1,1,4,0,60,-1,-1,-1,-1
56101,13,1,1,1,0,60,-1,-1,-1,-1
56102,8,1,1,4,0,260,10,-1,2,-1
56103,8,1,1,4,0,260,10,-1,2,-1
56104,-1,0,-1,-1,-1,-1,-1,-1,-1,-1
56105,8,1,1,4,8,-1,-1,-1,-1,-1
56106,8,1,1,1,8,-1,-1,-1,-1,-1
56107,8,1,1,-1,0,-1,-1,-1,-1,-1
56108,8,1,1,-1,0,-1,-1,-1,-1,-1
56109,8,1,1,4,0,-1,-1,-1,-1,-1
56110,8,1,1,1,0,-1,-1,-1,-1,-1
56111,13,1,1,1,8,-2,-2,-1,2,-1
56112,13,1,1,1,8,-2,-2,-1,2,-1
56113,13,1,1,-1,0,-2,-2,-1,2,-1
56114,13,1,1,-1,0,-2,-2,-1,2,-1
56115,13,1,1,-1,0,-2,-2,-1,2,-1
56116,12,4,1,4,0,-1,-1,-1,-1,-1
56117,12,4,1,4,0,-1,-1,-1,-1,-1
56118,3,7,2,4,0,60,-1,-1,2,-1
56119,9,7,2,4,0,30,-1,-1,-1,-1
56120,10,1,1,4,0,180,-1,-1,-1,-1
56121,10,1,1,4,0,180,-1,-1,-1,-1
56122,-1,0,-1,-1,-1,-1,-1,-1,-1,-1
56123,-1,0,-1,-1,-1,-1,-1,-1,-1,-1
56124,6,6,2,4,0,30,-1,-1,-1,-1
56125,11,7,2,1,0,80,10,-1,-1,-1
56126,6,4,1,1,10,120,-1,40,2,-1
56127,6,4,1,4,0,120,-1,40,2,-1
56128,6,4,1,-1,0,120,-1,40,2,-1
56129,16,1,1,1,0,300,-1,-1,-1,-1
56130,16,1,1,1,0,300,-1,-1,-1,-1
56131,16,1,1,1,0,300,-1,-1,-1,-1
56132,16,1,1,1,0,300,-1,-1,-1,-1
56133,16,1,1,1,0,300,-1,-1,-1,-1
56134,8,6,2,1,0,50,-1,-1,2,-1
56135,5,6,2,4,0,-1,-1,-1,2,-1
56136,2,4,2,4,0,50,20,40,2,-1
56137,2,4,2,-1,0,50,20,40,2,-1
56138,8,3,2,4,0,-1,-1,-1,-2,-1
56139,8,3,2,4,0,-1,-1,-1,-2,-1
56140,8,3,2,4,0,-1,-1,-1,-2,-1
56141,8,6,2,1,0,-1,-1,-1,2,-1
56142,4,4,2,4,0,50,10,30,2,-1
56143,4,4,2,2,0,50,10,30,2,-1
56144,15,7,2,1,0,250,-1,-1,-1,-1
56145,14,7,2,1,0,350,100,-1,-1,-1
56146,7,1,1,4,1,150,-1,-1,2,-1
56147,7,1,1,1,1,150,-1,-1,2,-1
56148,7,1,1,-1,0,150,-1,-1,2,-1
56149,-1,0,-1,-1,-1,-1,-1,-1,-1,-1
56150,15,4,2,1,0,100,30,-1,-1,-1
56151,15,4,2,1,0,100,30,-1,-1,-1
56152,5,1,1,2,0,150,-1,-1,1,190
56153,5,1,1,1,0,150,-1,-1,1,190
56154,-1,0,-1,-1,-1,-1,-1,-1,-1,-1
56155,9,1,1,4,0,-1,-1,-2,2,-1
56156,9,1,1,4,0,-1,-1,-2,2,-1
56157,10,1,1,4,0,100,-1,-1,-1,-1
56158,10,1,1,1,0,100,-1,-1,-1,-1
56159,12,1,1,4,0,180,30,-1,-1,-1
56160,12,1,1,4,0,180,30,-1,-1,-1
56161,12,1,1,4,0,60,-1,-1,-1,-1
56162,12,1,1,4,0,60,-1,-1,-1,-1
56163,12,1,1,-1,0,60,-1,-1,-1,-1
56164,13,1,1,1,2,150,-1,-1,-1,-1
56165,13,1,1,4,2,150,-1,-1,-1,-1
56166,13,1,1,-1,0,150,-1,-1,-1,-1
56167,4,4,2,4,8,-1,-1,-1,2,-1
56168,4,4,2,-1,0,-1,-1,-1,2,-1
56169,4,4,2,-1,0,-1,-1,-1,2,-1
56170,9,1,2,1,0,-1,-1,-1,-1,-1
56171,9,1,2,1,0,-1,-1,-1,-1,-1
56172,9,1,2,4,0,-1,-1,-1,-1,-1
56173,9,1,2,4,0,-1,-1,-1,-1,-1
56174,13,4,1,4,9,-1,-1,-1,-1,-1
56175,13,4,1,1,0,-1,-1,-1,-1,-1
56176,13,4,1,-1,0,-1,-1,-1,-1,-1
56177,13,4,1,-1,0,-1,-1,-1,-1,-1
56178,-1,0,-1,-1,-1,-1,-1,-1,-1,-1
56179,-1,0,-1,-1,-1,-1,-1,-1,-1,-1
56180,-1,0,-1,-1,-1,-1,-1,-1,-1,-1
56181,7,3,2,4,0,80,30,60,2,-1
56182,7,3,2,1,0,80,30,60,2,-1
56183,-1,0,-1,-1,-1,-1,-1,-1,-1,-1
56184,1,4,2,2,0,200,-1,100,1,360
56185,1,4,2,4,0,200,-1,100,1,360
56186,14,1,2,4,0,-1,-1,-1,-1,-1
56187,14,1,2,4,0,-1,-1,-1,-1,-1
56188,-1,0,-1,-1,-1,-1,-1,-1,-1,-1
56189,4,6,1,4,0,-1,-1,-1,2,-1
56190,8,4,1,1,4,150,20,-1,2,-1
56191,8,4,1,4,0,150,20,-1,2,-1
56192,8,4,1,-1,0,150,20,-1,2,-1
56193,-1,0,-1,-1,-1,-1,-1,-1,-1,-1
56194,-1,0,-1,-1,-1,-1,-1,-1,-1,-1
56195,-1,0,-1,-1,-1,-1,-1,-1,-1,-1
56196,-1,0,-1,-1,-1,-1,-1,-1,-1,-1
56197,-1,0,-1,-1,-1,-1,-1,-1,-1,-1
56198,5,4,1,1,4,-1,-1,-1,-1,-1
56199,5,4,1,4,0,-1,-1,-1,-1,-1
56200,5,4,1,4,0,-1,-1,-1,-1,-1
56201,5,4,1,-1,0,-1,-1,-1,-1,-1
56202,9,4,1,1,0,80,4,-1,2,-1
56203,9,4,1,2,0,80,4,-1,2,-1
56204,13,6,1,1,0,90,4,-1,-1,-1
56205,5,1,1,4,0,100,-1,-1,1,90
56206,5,1,1,4,0,100,-1,-1,1,90
56207,13,1,2,4,0,-1,-1,-1,2,-1
56208,13,1,2,1,0,-1,-1,-1,2,-1
56209,13,1,2,1,1,-1,-1,-1,2,-1
56210,13,1,2,-1,0,-1,-1,-1,2,-1
56211,13,1,2,-1,0,-1,-1,-1,2,-1
56212,13,1,2,2,0,-1,-1,-1,2,-1
56213,-1,0,-1,-1,-1,-1,-1,-1,-1,-1
56214,15,1,1,1,0,-1,40,-1,-1,-1
56215,15,1,1,1,0,-1,40,-1,-1,-1
56216,15,1,1,1,0,-1,40,-1,-1,-1
56217,-1,0,-1,-1,-1,-1,-1,-1,-1,-1
56218,7,1,2,4,0,80,30,-1,-1,-1
56219,7,1,2,4,0,80,30,-1,-1,-1
56220,8,4,2,4,0,100,40,-1,2,-1
56221,8,4,2,1,0,100,40,-1,2,-1
56222,8,4,2,4,0,100,40,-1,2,-1
56223,5,4,3,1,0,-1,-1,-1,2,-1
56224,5,4,3,4,0,-1,-1,-1,2,-1
56225,1,4,1,4,0,-1,-1,-1,-1,-1
56226,1,4,1,4,0,-1,-1,-1,-1,-1
56227,1,4,1,4,0,-1,-1,-1,-1,-1
56228,10,7,2,1,0,40,50,-1,-1,-1
56229,-1,0,-1,-1,-1,-1,-1,-1,-1,-1
56230,-1,0,-1,-1,-1,-1,-1,-1,-1,-1
56231,8,7,2,4,0,40,-1,-1,2,-1
57290,15,1,1,1,0,350,30,-1,-1,-1
57291,15,1,1,4,0,350,30,-1,-1,-1
57292,15,1,1,1,0,350,30,-1,-1,-1
57293,15,1,1,4,3,300,-1,-1,-1,-1
57294,15,1,1,1,3,300,-1,-1,-1,-1
57295,15,1,1,-1,0,300,-1,-1,-1,-1
57296,15,1,1,-1,0,300,-1,-1,-1,-1
57297,15,1,1,-1,0,300,-1,-1,-1,-1
57298,7,7,1,1,0,150,40,-1,2,-1
57299,7,7,1,4,0,150,40,-1,2,-1
57300,4,3,2,4,0,120,60,-1,2,-1
57301,4,3,2,1,9,120,60,-1,2,-1
57302,4,3,2,4,0,120,60,-1,2,-1
57303,4,3,2,1,0,120,60,-1,2,-1
57304,4,3,2,-1,0,120,60,-1,2,-1
57305,10,7,2,4,0,-1,40,-1,-1,-1
57306,11,1,1,4,0,-1,-1,-1,-1,-1
57307,11,1,1,4,0,-1,-1,-1,-1,-1
57729,15,3,1,1,8,150,100,-1,-1,-1
57730,15,3,2,1,0,150,100,-1,-1,-1
57731,15,3,2,-1,0,150,100,-1,-1,-1
57732,15,3,2,-1,0,150,100,-1,-1,-1
57733,8,3,1,2,0,240,-1,80,2,-1
57734,8,3,1,4,0,240,-1,80,2,-1
57735,8,3,1,1,0,240,-1,80,2,-1
57736,3,6,2,4,0,50,-1,-1,2,-1
57737,13,1,1,4,0,120,200,50,2,-1
57738,13,1,1,1,0,120,200,50,2,-1
57739,5,4,1,4,1,150,40,-1,1,500
57740,5,4,1,1,1,150,40,-1,1,500
57741,5,4,1,-1,0,150,40,-1,1,500
57742,6,6,1,4,0,-1,-1,-1,-1,-1
57743,12,1,1,4,0,150,30,-1,2,-1
57744,12,1,1,4,0,150,30,-1,2,-1
69882,5,7,2,4,0,40,10,-1,-1,-1
69883,-1,0,-1,-1,-1,-1,-1,-1,-1,-1
69884,3,6,2,4,0,140,-1,-1,1,190
69885,7,4,2,4,0,-1,-1,-1,-1,-1
69886,7,4,2,1,0,-1,-1,-1,-1,-1
69887,7,4,2,1,0,-1,-1,-1,-1,-1
69888,10,6,1,4,0,-1,-1,-1,-1,-1
69889,14,4,2,1,3,60,-1,-1,-1,-1
69890,14,4,2,-1,0,60,-1,-1,-1,-1
69891,13,7,1,1,0,140,30,-1,-1,-1
69892,8,4,1,1,3,150,40,-1,2,-1
69893,8,4,1,4,0,150,40,-1,2,-1
69894,8,4,1,-1,0,150,40,-1,2,-1
69895,7,4,2,1,0,100,-1,50,1,50
69896,7,4,2,2,0,100,-1,50,1,50
69897,6,4,2,4,0,130,-1,-1,1,220
69898,6,4,2,4,0,130,-1,-1,1,220
69899,6,4,2,1,0,130,-1,-1,1,220
69900,8,4,2,1,0,100,40,-1,2,-1
69901,8,4,2,4,0,100,40,-1,2,-1
69902,-1,0,-1,-1,-1,-1,-1,-1,-1,-1
69903,7,1,2,1,4,-1,-1,-1,2,-1
69904,7,1,2,1,4,-1,-1,-1,2,-1
69905,7,1,2,-1,0,-1,-1,-1,2,-1
69906,3,7,2,4,0,100,10,-1,2,-1
69907,1,4,2,4,11,100,-1,30,1,648
69908,1,4,2,-1,0,100,-1,30,1,648
69909,1,4,2,-1,0,100,-1,30,1,648
69910,1,4,2,-1,0,100,-1,30,1,648
69911,1,4,2,-1,0,100,-1,30,1,648
69912,1,4,2,-1,0,100,-1,30,1,648
69913,1,7,1,1,0,-1,-1,-1,-1,-1
69914,14,1,1,1,0,-1,-1,-1,-1,-1
69915,14,1,1,1,0,-1,-1,-1,-1,-1
69916,12,1,1,4,0,100,40,-1,-1,-1
69917,12,1,1,4,0,100,40,-1,-1,-1
69918,12,6,1,4,0,100,100,-1,-1,-1
69919,13,4,1,1,0,150,70,20,-1,-1
69920,13,4,1,1,0,150,70,20,-1,-1
69921,14,1,1,4,0,200,-1,-1,-1,-1
69922,14,1,1,1,0,200,-1,-1,-1,-1
69923,13,7,2,4,0,150,-1,-1,-1,-1
69924,12,1,2,1,0,150,40,-1,-1,-1
69925,12,1,2,4,0,150,40,-1,-1,-1
69926,16,1,2,1,0,50,-1,-1,-1,-1
69927,16,1,2,4,0,50,-1,-1,-1,-1
69928,16,1,2,4,0,50,-1,-1,-1,-1
69929,6,4,2,1,4,200,-1,150,2,-1
69930,6,4,2,2,0,200,-1,150,2,-1
69931,6,4,2,1,0,200,-1,150,2,-1
69932,6,4,2,4,0,200,-1,150,2,-1
69933,2,4,2,4,14,300,-1,-1,2,-1
69934,2,4,2,4,0,300,-1,-1,2,-1
69935,2,4,2,4,0,300,-1,-1,2,-1
69936,2,4,2,-1,0,300,-1,-1,2,-1
69937,2,4,2,-1,0,300,-1,-1,2,-1
69938,2,4,2,-1,0,300,-1,-1,2,-1
69939,16,4,2,1,0,80,10,-1,-1,-1
69940,16,4,2,4,0,80,10,-1,-1,-1
69941,2,7,2,4,0,-1,-1,-1,-1,-1
69942,-1,0,-1,-1,-1,-1,-1,-1,-1,-1
69943,5,6,2,4,0,100,-1,50,2,-1
69944,8,1,1,4,0,-1,-1,30,2,-1
69945,8,1,1,4,0,-1,-1,30,2,-1
69946,7,6,1,4,0,200,30,-1,1,20
69947,7,6,1,1,0,200,30,-1,1,20
69948,7,6,1,4,0,200,30,-1,1,20
69949,-1,0,-1,-1,-1,-1,-1,-1,-1,-1
69950,2,1,4,4,4,70,-1,-1,2,-1
69951,2,1,4,4,4,70,-1,-1,2,-1
69952,2,1,4,4,0,70,-1,-1,2,-1
69953,-1,0,-1,-1,-1,-1,-1,-1,-1,-1
69954,3,6,1,4,0,-1,-1,-1,-1,-1
69955,15,4,1,1,4,180,30,-1,-1,-1
69956,15,4,1,1,0,180,30,-1,-1,-1
69957,15,4,1,4,0,180,30,-1,-1,-1
69958,12,4,1,4,0,-1,140,-1,-1,-1
69959,12,4,1,1,0,-1,140,-1,-1,-1
69960,7,1,1,4,0,-1,-1,-1,-1,-1
69961,7,1,1,4,0,-1,-1,-1,-1,-1
69962,16,1,1,1,0,200,-1,-1,-1,-1
69963,16,1,1,1,0,200,-1,-1,-1,-1
69964,12,1,1,1,0,-3,-1,-1,-1,-1
69965,12,1,1,1,0,-3,-1,-1,-1,-1
69966,8,1,2,4,0,-1,-1,-1,-1,-1
69967,8,1,2,4,0,-1,-1,-1,-1,-1
69968,9,3,2,1,0,-1,-1,-1,-1,-1
69969,9,3,2,1,0,-1,-1,-1,-1,-1
69970,9,3,2,4,0,-1,-1,-1,-1,-1
69971,4,4,2,1,5,60,4,-1,1,648
69972,4,4,2,-1,0,60,4,-1,1,648
69973,4,4,2,-1,0,60,4,-1,1,648
69974,4,4,2,-1,0,60,4,-1,1,648
69975,4,4,2,-1,0,60,4,-1,1,648
69976,-1,0,-1,-1,-1,-1,-1,-1,-1,-1
69977,3,7,2,4,0,-1,-1,-1,2,-1
69978,7,4,1,4,6,200,10,-1,2,-1
69979,7,4,1,-1,0,200,10,-1,2,-1
69980,7,4,1,-1,0,200,10,-1,2,-1
69981,16,1,1,4,0,50,-1,-1,-1,-1
69982,16,1,1,4,0,50,-1,-1,-1,-1
69983,12,1,7,4,8,260,70,100,2,-1
69984,12,1,7,1,8,260,70,100,2,-1
69985,12,1,7,1,0,260,70,100,2,-1
69986,12,1,7,-1,0,260,70,100,2,-1
69987,12,1,7,-1,0,260,70,100,2,-1
69988,12,1,7,-1,0,260,70,100,2,-1
69989,12,1,1,-1,0,260,70,100,2,-1
69990,12,1,7,-1,0,260,70,100,2,-1
69991,12,1,1,4,0,260,70,100,2,-1
69992,-1,0,-1,-1,-1,-1,-1,-1,-1,-1
69993,9,1,1,4,0,200,200,-1,-1,-1
69994,9,1,1,4,0,200,200,-1,-1,-1
69995,9,1,1,1,0,200,200,-1,-1,-1
69996,9,1,1,1,0,200,200,-1,-1,-1
69997,9,1,1,4,0,200,200,-1,-1,-1
69998,9,1,1,1,0,200,200,-1,-1,-1
69999,9,1,1,1,0,200,200,-1,-1,-1
70000,4,3,1,2,4,80,-1,-1,2,-1
70001,4,3,1,-1,0,80,-1,-1,2,-1
70002,13,1,1,1,4,350,100,-1,2,-1
70003,13,1,1,4,4,350,100,-1,2,-1
70004,13,1,1,4,0,350,100,-1,2,-1
70005,13,1,1,-1,0,350,100,-1,2,-1
70006,-1,0,-1,-1,-1,-1,-1,-1,-1,-1
70007,3,7,1,4,0,-1,-1,-1,-1,-1
70008,11,7,2,1,0,-1,-1,-1,-1,-1
70009,14,1,1,1,2,-1,-1,-1,-1,-1
70010,14,1,1,1,2,-1,-1,-1,-1,-1
70011,14,1,1,-1,0,-1,-1,-1,-1,-1
70012,6,7,2,4,0,-1,-1,-1,-1,-1
70013,10,7,2,1,0,-1,-1,-1,-1,-1
70014,13,4,2,4,1,-2,-1,-1,-1,-1
70015,13,4,2,-1,0,-2,-1,-1,-1,-1
70016,13,4,2,1,0,-2,-1,-1,-1,-1
70017,13,4,2,-1,0,-2,-1,-1,-1,-1
70018,5,6,2,4,0,-1,-1,-1,-1,-1
70019,7,1,1,4,0,120,20,-1,-1,-1
70020,7,1,1,4,0,120,20,-1,-1,-1
70021,12,6,1,4,0,-1,-1,-1,-1,-1
70022,-1,0,-1,-1,-1,-1,-1,-1,-1,-1
70023,-1,0,-1,-1,-1,-1,-1,-1,-1,-1
70024,1,7,2,4,0,40,-1,-1,1,30
70025,16,1,1,1,0,-2,-2,-1,-1,-1
70026,16,1,1,1,0,-2,-2,-1,-1,-1
70027,-1,0,-1,-1,-1,-1,-1,-1,-1,-1
70028,10,6,2,1,0,50,40,-1,-1,-1
70029,16,1,1,1,3,200,50,-1,-1,-1
70030,16,1,1,1,3,200,50,-1,-1,-1
70031,16,1,1,-1,0,200,50,-1,-1,-1
70032,-1,0,-1,-1,-1,-1,-1,-1,-1,-1
70033,10,1,2,4,6,150,60,-1,2,-1
70034,10,1,2,1,6,150,60,-1,2,-1
70035,10,1,2,4,0,150,60,-1,2,-1
70036,10,1,2,-1,0,150,60,-1,2,-1
70037,10,1,2,-1,0,150,60,-1,2,-1
70038,10,1,2,-1,0,150,60,-1,2,-1
73476,12,1,1,4,0,-1,-1,-1,-1,-1
73477,12,1,1,4,0,-1,-1,-1,-1,-1
73478,-1,0,-1,-1,-1,-1,-1,-1,-1,-1
73479,12,4,2,4,0,-1,-1,-1,-1,-1
73480,12,4,2,1,0,-1,-1,-1,-1,-1
73481,12,4,2,1,14,-1,-1,-1,-1,-1
73482,12,4,2,-1,0,-1,-1,-1,-1,-1
73483,12,4,2,-1,0,-1,-1,-1,-1,-1
73484,12,4,2,-1,0,-1,-1,-1,-1,-1
73485,7,6,1,4,0,-1,-1,-1,-1,-1
73486,16,1,1,4,0,-1,-1,-1,-1,-1
73487,16,1,4,1,0,-1,-1,-1,-1,-1
73488,2,7,2,4,0,200,20,-1,2,-1
73489,-1,0,-1,-1,-1,-1,-1,-1,-1,-1
73490,-1,0,-1,-1,-1,-1,-1,-1,-1,-1
73491,-1,0,-1,-1,-1,-1,-1,-1,-1,-1
73492,15,1,1,1,10,-1,-1,-1,-1,-1
73493,15,1,1,1,10,-1,-1,-1,-1,-1
73494,15,1,1,1,0,-1,-1,-1,-1,-1
73495,15,1,1,-1,0,-1,-1,-1,-1,-1
73496,15,1,1,-1,0,-1,-1,-1,-1,-1
73497,15,1,1,-1,0,-1,-1,-1,-1,-1
73498,-1,0,-1,-1,-1,-1,-1,-1,-1,-1
73499,5,4,2,4,0,100,-1,-1,1,-2
73500,5,4,2,4,3,100,-1,-1,1,-2
73501,5,4,2,-1,0,100,-1,-1,1,-2
73502,5,4,2,-1,0,100,-1,-1,1,-2
73503,2,7,2,4,0,270,-1,30,1,200
73504,15,7,1,1,0,100,-1,-1,-1,-1
73505,3,7,1,4,0,100,-1,-1,2,-1
73506,4,7,2,4,0,-1,-1,-1,-1,-1
73507,14,1,4,1,8,200,-1,-1,-1,-1
73508,14,1,4,1,8,200,-1,-1,-1,-1
73509,14,1,4,-1,0,200,-1,-1,-1,-1
73510,14,1,4,-1,0,200,-1,-1,-1,-1
73511,13,1,1,1,0,200,-1,-1,-1,-1
73512,13,1,1,4,0,200,-1,-1,-1,-1
73513,8,4,2,1,0,150,-1,-1,2,-1
73514,8,4,2,1,8,150,-1,-1,2,-1
73515,8,4,2,-1,0,150,-1,-1,2,-1
73516,8,4,2,-1,0,150,-1,-1,2,-1
73517,13,7,2,4,0,150,50,-1,-1,-1
73518,5,7,2,4,0,30,-1,30,2,-1
73519,15,1,1,4,10,150,-1,-1,2,-1
73520,15,1,1,1,10,150,-1,-1,2,-1
73521,15,1,1,-1,0,150,-1,-1,2,-1
73522,15,1,1,-1,0,150,-1,-1,2,-1
73523,16,1,1,1,0,-1,-1,-1,-1,-1
73524,16,1,1,1,0,-1,-1,-1,-1,-1
73525,11,1,1,1,0,-1,-1,-1,-1,-1
73526,11,1,1,4,0,-1,-1,-1,-1,-1
73527,11,7,1,1,0,50,-1,-1,-1,-1
73528,-1,0,-1,-1,-1,-1,-1,-1,-1,-1
73529,15,1,2,1,3,200,100,-1,-1,-1
73530,15,1,2,1,3,200,100,-1,-1,-1
73531,15,1,2,-1,0,200,100,-1,-1,-1
73532,13,1,2,1,0,80,-1,-1,-1,-1
73533,13,1,2,1,0,80,-1,-1,-1,-1
73534,10,1,1,1,0,-1,-1,40,2,-1
73535,10,1,1,1,0,-1,-1,40,2,-1
73536,10,1,1,4,0,-1,-1,40,2,-1
73537,11,1,1,1,0,150,-1,-1,-1,-1
73538,11,1,1,1,0,150,-1,-1,-1,-1
73539,10,7,2,2,0,80,-1,60,-1,-1
73540,12,1,2,4,10,-1,-1,-1,-1,-1
73541,12,1,2,1,10,-1,-1,-1,-1,-1
73542,12,1,2,4,0,-1,-1,-1,-1,-1
73543,12,1,2,4,0,-1,-1,-1,-1,-1
73544,12,1,2,-1,0,-1,-1,-1,-1,-1
73545,12,1,2,-1,0,-1,-1,-1,-1,-1
73546,6,6,2,1,0,50,-1,-1,1,400
73547,6,6,2,4,0,50,-1,-1,1,400
73548,10,4,1,1,4,150,50,-1,-1,-1
73549,10,4,1,-1,0,150,50,-1,-1,-1
73550,10,1,1,4,0,-1,-1,-1,-1,-1
73551,10,1,1,1,0,-1,-1,-1,-1,-1
73552,10,1,1,4,0,-1,-1,-1,-1,-1
73553,11,1,1,1,4,110,70,20,1,540
73554,11,1,1,1,4,110,70,20,1,540
73555,11,1,1,4,0,110,70,20,1,540
73556,11,1,1,-1,0,110,70,20,1,540
73557,15,4,1,1,0,210,40,-1,2,-1
73558,15,4,1,1,0,210,40,-1,2,-1
73559,15,4,1,1,0,210,40,-1,2,-1
73560,15,4,1,1,0,210,40,-1,2,-1
73561,-1,0,-1,-1,-1,-1,-1,-1,-1,-1
73562,11,7,1,4,0,90,-1,-1,-1,-1
73563,14,6,1,4,0,100,10,-1,-1,-1
73564,8,7,1,4,0,-1,30,20,2,-1
73565,8,7,1,4,0,50,-1,-1,-1,-1
73566,4,7,1,4,0,-1,-1,-1,-1,-1
73567,15,1,1,1,2,150,80,-1,-1,-1
73568,15,1,1,1,2,150,80,-1,-1,-1
73569,15,1,1,-1,0,150,80,-1,-1,-1
73570,14,1,1,1,0,-1,-1,-1,-1,-1
73571,14,1,1,1,0,-1,-1,-1,-1,-1
73572,14,1,1,4,0,-1,-1,-1,-1,-1
73573,14,1,1,1,0,-1,-1,-1,-1,-1
73574,14,1,1,1,0,-1,-1,-1,-1,-1
73575,14,1,1,4,0,-1,-1,-1,-1,-1
73576,13,1,1,4,0,-1,-1,-1,-3,-1
73577,13,1,1,1,0,-1,-1,-1,-3,-1
73578,10,1,1,4,0,110,-1,-1,-1,-1
73579,10,1,1,4,0,110,-1,-1,-1,-1
73580,12,1,1,4,0,250,20,-1,2,-1
73581,12,1,1,4,0,250,20,-1,2,-1
73582,11,6,1,1,0,110,-1,-1,-1,-1
73583,11,6,1,1,0,110,-1,-1,-1,-1
73584,16,1,1,4,0,100,-1,-1,-1,-1
73585,16,1,1,4,0,100,-1,-1,-1,-1
73586,14,1,2,1,0,80,-1,-1,-1,-1
73587,14,1,2,1,0,80,-1,-1,-1,-1
73588,5,4,2,1,4,80,-1,20,2,-1
73589,5,4,2,-1,0,80,-1,20,2,-1
73590,12,1,1,1,0,-1,-1,-1,-1,-1
73591,12,1,1,1,0,-1,-1,-1,-1,-1
73592,11,7,1,1,0,-1,-1,-1,-1,-1
73593,11,7,1,4,0,-2,-1,-1,-1,-1
73594,14,4,2,4,1,80,-1,-1,-1,-1
73595,14,4,2,1,1,80,-1,-1,-1,-1
73596,14,4,2,-1,0,80,-1,-1,-1,-1
73597,14,1,1,1,0,130,-1,-1,-1,-1
73598,14,1,1,1,0,130,-1,-1,-1,-1
73599,14,1,1,1,0,130,-1,-1,-1,-1
73600,14,1,1,4,0,130,-1,-1,-1,-1
73601,13,1,1,1,4,340,-1,-1,2,-1
73602,13,1,1,1,4,340,-1,-1,2,-1
73603,13,1,1,4,0,340,-1,-1,2,-1
73604,13,1,1,4,0,340,-1,-1,2,-1
73605,13,1,1,4,0,340,-1,-1,2,-1
73606,3,3,1,4,3,-1,4,-1,2,-1
73607,3,3,1,-1,0,-1,4,-1,2,-1
73608,6,4,2,4,4,100,50,-1,2,-1
73609,6,4,2,4,0,100,50,-1,2,-1
73610,6,4,2,4,0,100,50,-1,2,-1
73611,3,1,2,4,0,250,60,-1,2,-1
73612,3,1,2,4,0,250,60,-1,2,-1
73613,8,4,2,2,0,80,20,-1,2,-1
73614,8,4,2,1,0,80,20,-1,2,-1
73615,7,4,2,1,0,160,-1,50,2,-1
73616,7,4,2,4,0,160,-1,50,2,-1
73617,1,7,2,4,0,-1,-1,-1,1,100
73618,9,6,1,4,0,-1,-1,-1,-1,-1
74310,3,4,2,4,0,200,-1,-1,1,300
74311,3,4,2,4,0,200,-1,-1,1,300
74312,3,4,2,-1,0,200,-1,-1,1,300
74313,3,4,2,-1,0,200,-1,-1,1,300
74314,3,4,2,-1,0,200,-1,-1,1,300
74315,6,1,1,4,0,30,-1,40,2,-1
74316,6,1,1,4,0,30,-1,40,2,-1
74317,5,6,4,1,0,-1,-1,-1,-1,-1
74318,6,1,1,4,0,100,-1,-1,-1,-1
74319,6,1,1,4,0,100,-1,-1,-1,-1
74514,5,7,2,1,0,-1,-1,-1,2,-1
74515,10,6,1,1,0,120,50,-1,-1,-1
83788,-1,0,-1,-1,-1,-1,-1,-1,-1,-1
83789,8,1,2,1,0,80,10,30,2,-1
83790,8,1,2,4,0,80,10,30,2,-1
83791,15,1,1,1,8,-1,60,-1,-1,-1
83792,15,1,1,4,8,-1,60,-1,-1,-1
83793,15,1,1,-1,0,-1,60,-1,-1,-1
83794,15,1,1,-1,0,-1,60,-1,-1,-1
83795,13,7,1,1,0,-1,100,-1,-1,-1
83796,7,4,1,1,10,-1,-1,-1,2,-1
83797,7,4,1,-1,0,-1,-1,-1,2,-1
83798,7,4,1,-1,0,-1,-1,-1,2,-1
83799,13,7,2,4,0,-1,-1,-1,-1,-1
83800,4,4,2,4,2,-1,-1,-1,2,-1
83801,4,4,2,-1,0,-1,-1,-1,2,-1
83802,4,4,2,4,0,-1,-1,-1,2,-1
83803,10,4,2,1,2,-1,-1,-1,-1,-1
83804,10,4,2,-1,0,-1,-1,-1,-1,-1
83805,12,3,1,1,2,-1,-1,-1,-1,-1
83806,12,3,1,-1,0,-1,-1,-1,-1,-1
83807,3,3,2,4,10,200,-1,-1,1,400
83808,3,3,2,-1,0,200,-1,-1,1,400
83809,3,3,2,-1,0,200,-1,-1,1,400
83810,12,1,1,1,0,150,30,-1,-1,-1
83811,12,1,1,1,0,150,30,-1,-1,-1
83812,6,4,2,1,0,80,-1,50,2,-1
83813,6,4,2,4,0,80,-1,50,2,-1
83814,6,4,2,4,0,80,-1,50,2,-1
83815,2,4,2,1,15,-2,-1,-1,1,140
83816,2,4,2,4,0,-2,-1,-1,1,140
83817,2,4,2,-1,0,-2,-1,-1,1,140
83818,2,4,2,-1,0,-2,-1,-1,1,140
83819,2,4,2,-1,0,-2,-1,-1,1,140
83820,2,4,2,-1,0,-2,-1,-1,1,140
83821,2,4,2,-1,0,-2,-1,-1,1,140
83822,2,4,2,-1,0,-2,-1,-1,1,140
83823,2,4,2,-1,0,-2,-1,-1,1,140
83824,2,4,2,-1,0,-2,-1,-1,1,140
83825,10,2,1,-1,5,200,100,-1,2,-1
83826,10,2,1,4,5,200,100,-1,2,-1
83827,10,2,1,-1,0,200,100,-1,2,-1
83828,10,2,1,-1,0,200,100,-1,2,-1
83829,16,4,1,1,0,150,100,-1,-1,-1
83830,16,4,1,-1,0,150,100,-1,-1,-1
83831,16,4,1,4,0,150,100,-1,-1,-1
83832,16,1,1,1,4,300,-1,-1,-1,-1
83833,16,1,1,1,4,300,-1,-1,-1,-1
83834,16,1,1,4,0,300,-1,-1,-1,-1
83835,16,1,1,-1,0,300,-1,-1,-1,-1
83836,7,7,2,4,0,30,-1,-1,2,-1
83837,1,4,2,1,0,50,-1,-1,2,-1
83838,1,4,2,1,0,50,-1,-1,2,-1
83839,14,4,1,1,0,50,30,-1,-1,-1
83840,14,4,1,4,0,50,30,-1,-1,-1
83841,10,6,1,1,0,100,50,-1,-1,-1
83842,12,1,1,1,3,100,-1,-1,-1,-1
83843,12,1,1,4,3,100,-1,-1,-1,-1
83844,12,1,1,-1,0,100,-1,-1,-1,-1
83845,6,6,1,4,0,150,20,-1,2,-1
83846,-1,0,-1,-1,-1,-1,-1,-1,-1,-1
83847,-1,0,-1,-1,-1,-1,-1,-1,-1,-1
83848,15,1,1,1,0,-1,-1,-1,-1,-1
83849,15,1,1,1,0,-1,-1,-1,-1,-1
83850,15,1,1,1,0,-1,-1,-1,-1,-1
83851,16,4,1,4,0,-1,-1,-1,-1,-1
83852,16,4,1,1,0,-1,-1,-1,-1,-1
83853,16,4,1,4,0,-1,-1,-1,-1,-1
83854,14,6,2,1,0,80,20,-1,-1,-1
83855,12,6,2,4,0,50,-1,-1,-1,-1
83856,15,1,1,1,0,210,-1,-1,-1,-1
83857,15,1,1,1,0,210,-1,-1,-1,-1
83858,15,1,1,4,0,210,-1,-1,-1,-1
83859,15,1,1,1,0,210,-1,-1,-1,-1
83860,15,1,1,1,0,210,-1,-1,-1,-1
83861,14,4,1,4,4,100,-1,-1,2,-1
83862,14,4,1,4,0,100,-1,-1,2,-1
83863,13,1,1,1,3,80,60,-1,-1,-1
83864,13,1,4,4,3,80,60,-1,-1,-1
83865,13,1,4,4,0,80,60,-1,-1,-1
83866,13,1,1,-1,0,80,60,-1,-1,-1
83867,15,1,4,1,9,-1,20,-1,-1,-1
83868,15,1,4,1,9,-1,20,-1,-1,-1
83869,15,1,4,-1,0,-1,20,-1,-1,-1
83870,15,1,4,4,0,-1,20,-1,-1,-1
83871,13,1,2,1,0,-1,-1,-1,-1,-1
83872,13,1,2,1,0,-1,-1,-1,-1,-1
83873,13,1,2,1,0,-1,-1,-1,-1,-1
83874,13,1,2,1,0,-1,-1,-1,-1,-1
83875,15,1,1,4,4,-1,-1,-1,-1,-1
83876,15,1,1,1,4,-1,-1,-1,-1,-1
83877,15,1,1,4,0,-1,-1,-1,-1,-1
83878,6,1,1,4,8,90,-1,30,2,-1
83879,6,1,1,4,8,90,-1,30,2,-1
83880,6,1,1,-1,0,90,-1,30,2,-1
83881,6,1,1,-1,0,90,-1,30,2,-1
83882,9,1,1,4,0,-1,-1,-1,-1,-1
83883,9,1,1,4,0,-1,-1,-1,-1,-1
83884,9,1,1,1,0,-1,-1,-1,-1,-1
83885,13,1,1,4,0,120,10,-1,-1,-1
83886,13,1,1,1,0,120,10,-1,-1,-1
83887,13,1,1,1,0,120,10,-1,-1,-1
83888,13,1,1,4,0,120,10,-1,-1,-1
83889,-1,0,-1,-1,-1,-1,-1,-1,-1,-1
83890,13,1,1,1,10,230,80,-1,-1,-1
83891,13,1,1,1,10,230,80,-1,-1,-1
83892,13,1,1,4,0,230,80,-1,-1,-1
83893,13,1,1,-1,0,230,80,-1,-1,-1
83894,10,3,2,4,0,100,80,-1,2,-1
83895,10,3,2,1,0,100,80,-1,2,-1
83896,10,3,2,-1,0,100,80,-1,2,-1
83897,12,7,1,1,0,-1,-1,-1,-1,-1
83898,-1,0,-1,-1,-1,-1,-1,-1,-1,-1
83899,-1,0,-1,-1,-1,-1,-1,-1,-1,-1
83900,-1,0,-1,-1,-1,-1,-1,-1,-1,-1
83901,14,1,1,1,8,250,40,-1,-1,-1
83902,14,1,1,1,8,250,40,-1,-1,-1
83903,14,1,1,-1,0,250,40,-1,-1,-1
83904,14,1,1,-1,0,250,40,-1,-1,-1
86650,10,6,2,1,0,150,20,100,2,-1
86651,11,7,1,4,0,20,20,-1,-1,-1
86652,8,1,1,4,0,130,30,-1,2,-1
86653,8,1,1,4,0,130,30,-1,2,-1
86654,1,4,2,4,3,80,30,100,2,-1
86655,1,4,2,4,0,80,30,100,2,-1
86656,1,4,2,-1,0,80,30,100,2,-1
86657,1,4,2,-1,0,80,30,100,2,-1
86658,15,6,1,1,0,120,-1,-1,-1,-1
86659,15,6,1,1,0,120,-1,-1,-1,-1
86660,6,1,1,1,0,100,170,-1,-1,-1
86661,6,1,1,4,0,100,170,-1,-1,-1
86662,12,1,1,1,0,-1,-1,-1,-1,-1
86663,12,1,1,4,0,-1,-1,-1,-1,-1
86664,15,1,1,1,4,150,50,-1,-1,-1
86665,15,1,1,1,4,150,50,-1,-1,-1
86666,15,1,1,4,0,150,50,-1,-1,-1
86667,15,1,1,1,1,100,-1,-1,-1,-1
86668,15,1,1,1,1,100,-1,-1,-1,-1
86669,15,1,1,-1,0,100,-1,-1,-1,-1
86670,4,1,2,4,0,130,10,-1,2,-1
86671,4,1,2,4,0,130,10,-1,2,-1
86672,7,1,2,4,3,230,30,-1,1,200
86673,7,1,2,4,3,230,30,-1,1,200
86674,7,1,2,-1,0,230,30,-1,1,200
86675,7,1,1,1,3,-1,-1,-1,-1,-1
86676,7,1,1,1,3,-1,-1,-1,-1,-1
86677,7,1,1,-1,0,-1,-1,-1,-1,-1
86678,8,4,2,1,2,-1,40,-1,2,-1
86679,8,4,2,-1,0,-1,40,-1,2,-1
86680,15,1,1,1,0,120,-1,-1,-1,-1
86681,15,1,1,1,0,120,-1,-1,-1,-1
86682,15,2,1,-1,0,-1,-1,-1,-1,-1
86683,15,2,1,1,0,-1,-1,-1,-1,-1
86684,15,2,1,1,0,-1,-1,-1,-1,-1
86685,15,2,1,1,0,-1,-1,-1,-1,-1
86686,14,1,3,1,0,150,-1,-1,-1,-1
86687,14,1,1,4,0,150,-1,-1,-1,-1
86688,14,7,2,4,0,-1,-1,-1,-1,-1
86689,16,1,2,4,0,-1,-1,-1,-1,-1
86690,16,1,2,4,0,-1,-1,-1,-1,-1
86691,6,1,2,1,4,60,-1,-1,2,-1
86692,6,1,2,3,0,60,-1,-1,2,-1
86693,6,1,2,4,0,60,-1,-1,2,-1
86694,6,1,2,-1,0,60,-1,-1,2,-1
86695,6,1,2,1,4,60,-1,-1,2,-1
86696,11,4,2,4,0,100,-1,-1,-1,-1
86697,11,4,2,4,0,100,-1,-1,-1,-1
86698,15,1,1,1,0,-1,-1,-1,-1,-1
86699,15,1,1,1,0,-1,-1,-1,-1,-1
86700,5,4,1,4,4,150,-1,150,1,300
86701,5,4,1,-1,0,150,-1,150,1,300
86702,11,6,6,1,0,60,50,-1,-1,-1
86703,11,6,2,1,0,60,50,-1,-1,-1
86704,3,7,1,4,0,100,-1,50,1,170
86705,9,4,2,4,0,200,50,-1,2,-1
86706,9,4,2,4,0,200,50,-1,2,-1
86707,5,4,1,4,8,-1,-1,-1,-1,-1
86708,5,4,1,-1,0,-1,-1,-1,-1,-1
86709,5,4,1,-1,0,-1,-1,-1,-1,-1
86710,7,6,1,4,0,80,20,-1,-1,-1
86711,-1,0,-1,-1,-1,-1,-1,-1,-1,-1
86712,-1,0,-1,-1,-1,-1,-1,-1,-1,-1
86713,-1,0,-1,-1,-1,-1,-1,-1,-1,-1
86714,15,1,1,4,0,150,20,20,-1,-1
86715,15,1,1,4,0,150,20,20,-1,-1
86716,14,1,1,1,10,100,50,-1,-1,-1
86717,14,1,1,1,10,100,50,-1,-1,-1
86718,14,1,1,4,0,100,50,-1,-1,-1
86719,14,1,1,-1,0,100,50,-1,-1,-1
86720,14,1,1,-1,0,100,50,-1,-1,-1
86721,-1,0,-1,-1,-1,-1,-1,-1,-1,-1
86722,5,6,1,1,0,-1,-1,-1,-1,-1
86723,-1,0,-1,-1,-1,-1,-1,-1,-1,-1
86724,3,7,1,1,0,-1,-1,-1,2,-1
86725,13,4,2,1,3,180,60,-1,-1,-1
86726,13,4,2,-1,0,180,60,-1,-1,-1
86727,13,4,2,-1,0,180,60,-1,-1,-1
86728,14,1,1,1,4,250,30,-1,-1,-1
86729,14,1,1,1,4,250,30,-1,-1,-1
86730,14,1,1,1,0,250,30,-1,-1,-1
86731,14,1,1,4,0,250,30,-1,-1,-1
86732,14,1,1,4,0,250,30,-1,-1,-1
86733,-1,0,-1,-1,-1,-1,-1,-1,-1,-1
86734,8,3,1,4,10,-1,-1,-1,1,360
86735,8,3,1,4,0,-1,-1,-1,1,360
86736,8,3,1,-1,0,-1,-1,-1,1,360
86737,14,1,1,3,0,-1,-1,-1,-1,-1
86738,14,1,1,4,0,-1,-1,-1,-1,-1
86739,15,1,2,1,0,150,80,-1,-1,-1
86740,15,1,2,4,0,150,80,-1,-1,-1
86741,15,1,2,-1,0,150,80,-1,-1,-1
86742,6,7,1,1,0,-1,-1,-1,2,-1
86743,1,4,2,4,3,-1,-1,-1,-1,-1
86744,1,4,2,-1,0,-1,-1,-1,-1,-1
86745,1,4,2,4,0,-1,-1,-1,-1,-1
86746,6,4,2,1,0,-1,-1,-1,2,-1
86747,6,4,2,4,0,-1,-1,-1,2,-1
86748,6,4,2,4,0,-1,-1,-1,2,-1
96469,8,6,2,1,0,-1,-1,-1,-1,-1
96470,13,7,2,1,0,-1,-1,-1,-1,-1
96471,15,1,1,1,3,150,-1,-1,-1,-1
96472,15,1,1,1,3,150,-1,-1,-1,-1
96473,15,1,1,-1,0,150,-1,-1,-1,-1
96474,7,4,1,4,0,-1,-1,-1,-1,-1
96475,7,4,1,1,2,-1,-1,-1,-1,-1
96476,7,4,1,-1,0,-1,-1,-1,-1,-1
96477,-1,0,-1,-1,-1,-1,-1,-1,-1,-1
96478,-1,0,-1,-1,-1,-1,-1,-1,-1,-1
96479,-1,0,-1,-1,-1,-1,-1,-1,-1,-1
96480,8,4,2,1,5,-1,40,100,2,-1
96481,8,4,2,-1,0,-1,40,100,2,-1
96482,8,4,2,-1,0,-1,40,100,2,-1
96483,-1,0,-1,-1,-1,-1,-1,-1,-1,-1
96484,12,1,1,1,0,210,-1,-1,-1,-1
96485,12,1,1,1,0,210,-1,-1,-1,-1
96486,14,6,1,1,0,100,80,-1,-1,-1
96487,14,6,1,4,0,100,80,-1,-1,-1
96488,3,7,2,1,0,-1,-1,-1,-1,-1
96489,4,1,1,4,0,150,-1,-1,-1,-1
96490,4,1,1,4,0,150,-1,-1,-1,-1
96491,14,6,1,1,0,-1,-1,-1,-1,-1
96492,15,1,1,1,0,50,-1,-1,-1,-1
96493,15,1,1,4,0,50,-1,-1,-1,-1
96494,-1,0,-1,-1,-1,-1,-1,-1,-1,-1
96495,9,1,1,4,0,200,50,-1,2,-1
96496,9,1,1,1,0,200,50,-1,2,-1
96497,11,1,2,1,0,-1,-1,-1,-1,-1
96498,11,1,2,1,0,-1,-1,-1,-1,-1
96499,15,1,1,1,0,100,80,-1,-1,-1
96500,15,1,1,1,0,100,80,-1,-1,-1
96501,-1,0,-1,-1,-1,-1,-1,-1,-1,-1
96502,11,4,2,1,0,200,-1,-1,-1,-1
96503,11,4,2,1,0,200,-1,-1,-1,-1
96504,15,1,1,1,0,130,50,-1,-1,-1
96505,15,1,1,1,0,130,50,-1,-1,-1
96506,15,1,1,1,0,130,50,-1,-1,-1
96507,4,1,2,4,0,-1,-1,60,1,20
96508,4,1,2,4,0,-1,-1,60,1,20
96509,4,1,2,1,0,-1,-1,60,1,20
96510,4,1,2,-1,0,-1,-1,60,1,20
96511,4,1,2,4,0,-1,-1,60,1,20
96512,4,1,2,4,0,-1,-1,60,1,20
96513,6,4,2,1,0,150,-1,50,2,-1
96514,6,4,2,4,0,150,-1,50,2,-1
96515,-1,0,-1,-1,-1,-1,-1,-1,-1,-1
96516,12,1,1,4,0,-1,-1,-1,-1,-1
96517,12,1,1,4,0,-1,-1,-1,-1,-1
96518,9,6,1,1,0,100,-1,-1,2,-1
96519,9,6,1,1,0,100,-1,-1,2,-1
96520,9,6,1,-1,0,100,-1,-1,2,-1
96521,13,1,1,1,5,-1,-1,-1,-1,-1
96522,13,1,1,1,5,-1,-1,-1,-1,-1
96523,13,1,1,-1,0,-1,-1,-1,-1,-1
96524,13,1,1,-1,0,-1,-1,-1,-1,-1
96525,-1,0,-1,-1,-1,-1,-1,-1,-1,-1
96526,5,4,1,4,0,-1,-1,-1,-1,-1
96527,5,4,1,4,0,-1,-1,-1,-1,-1
96528,5,4,1,4,0,-1,-1,-1,-1,-1
96529,5,4,1,4,0,-1,-1,-1,-1,-1
96530,3,4,2,1,4,-1,-1,-1,-1,-1
96531,3,4,2,2,0,-1,-1,-1,-1,-1
96532,3,4,2,4,0,-1,-1,-1,-1,-1
96533,-1,0,-1,-1,-1,-1,-1,-1,-1,-1
96534,16,1,1,1,0,200,100,-1,-1,-1
96535,16,1,1,1,0,200,100,-1,-1,-1
96536,13,1,1,1,4,150,80,-1,-1,-1
96537,13,1,1,1,4,150,80,-1,-1,-1
96538,13,1,1,4,0,150,80,-1,-1,-1
96539,13,1,1,-1,0,150,80,-1,-1,-1
96540,3,6,1,4,0,70,-1,-1,1,130
96541,15,3,2,1,0,140,40,-1,2,-1
96542,15,3,2,4,0,140,40,-1,2,-1
96543,15,3,2,1,0,140,40,-1,2,-1
96544,15,4,1,1,0,-1,-1,-1,-1,-1
96545,15,4,1,1,0,-1,-1,-1,-1,-1
96546,7,7,1,4,0,-1,-1,-1,-1,-1
96547,-1,0,-1,-1,-1,-1,-1,-1,-1,-1
96548,13,1,1,1,3,300,200,-1,-1,-1
96549,13,1,1,1,3,300,200,-1,-1,-1
96550,13,1,1,-1,0,300,200,-1,-1,-1
96551,13,1,1,-1,0,300,200,-1,-1,-1
96552,-1,0,-1,-1,-1,-1,-1,-1,-1,-1
96553,-1,0,-1,-1,-1,-1,-1,-1,-1,-1
100456,6,4,2,1,0,80,-1,40,2,-1
100457,6,4,2,1,0,80,-1,40,2,-1
100458,6,4,2,1,0,80,-1,40,2,-1
100459,9,3,2,1,3,160,-1,100,1,260
100460,9,3,2,-1,0,160,-1,100,1,260
100461,16,4,2,1,8,200,-1,-1,-1,-1
100462,16,4,2,1,0,200,-1,-1,-1,-1
100463,16,4,2,1,0,200,-1,-1,-1,-1
100464,16,4,2,-1,0,200,-1,-1,-1,-1
100465,16,4,2,-1,0,200,-1,-1,-1,-1
100466,-1,0,-1,-1,-1,-1,-1,-1,-1,-1
100467,-1,0,-1,-1,-1,-1,-1,-1,-1,-1
100468,5,4,1,4,0,350,-1,-1,2,-1
100469,5,4,1,4,0,350,-1,-1,2,-1
100470,5,4,1,-1,0,350,-1,-1,2,-1
100471,5,4,1,-1,0,350,-1,-1,2,-1
100472,9,7,2,4,0,-1,-1,-1,-1,-1
100473,9,4,2,2,0,200,20,100,1,180
100474,9,4,2,1,0,200,20,100,1,180
100475,9,4,2,2,0,200,20,100,1,180
100476,15,1,1,1,0,100,60,-1,-1,-1
100477,15,1,1,1,0,100,60,-1,-1,-1
100478,4,1,1,4,0,-1,-1,-1,-1,-1
100479,4,1,1,4,0,-1,-1,-1,-1,-1
100480,4,1,1,1,0,-1,-1,-1,-1,-1
100481,9,6,2,1,0,130,30,-1,-1,-1
100482,13,1,2,1,3,80,-1,-1,-1,-1
100483,13,1,2,4,3,80,-1,-1,-1,-1
100484,13,1,2,-1,0,80,-1,-1,-1,-1
100485,13,1,1,4,0,150,-1,-1,-1,-1
100486,13,1,1,4,0,150,-1,-1,-1,-1
100487,16,2,1,-1,0,130,-1,-1,-1,-1
100488,16,2,1,1,0,130,-1,-1,-1,-1
100489,16,2,1,1,0,130,-1,-1,-1,-1
100490,14,1,2,1,0,100,-1,-1,-1,-1
100491,14,1,2,1,0,100,-1,-1,-1,-1
100492,-1,0,-1,-1,-1,-1,-1,-1,-1,-1
100493,12,4,1,1,3,160,50,-1,-1,-1
100494,12,4,1,-1,0,160,50,-1,-1,-1
100495,10,7,1,4,0,100,40,-1,-1,-1
100496,1,6,1,4,0,-1,-1,-1,-1,-1
100497,6,1,2,4,4,80,-1,30,2,-1
100498,6,1,2,4,4,80,-1,30,2,-1
100499,6,1,2,-1,0,80,-1,30,2,-1
100500,15,1,2,1,3,100,100,-1,-1,-1
100501,15,1,2,1,3,100,100,-1,-1,-1
100502,15,1,2,1,0,100,100,-1,-1,-1
100503,15,1,2,-1,0,100,100,-1,-1,-1
100504,16,1,1,4,0,200,50,-1,-1,-1
100505,16,1,1,1,0,200,50,-1,-1,-1
103751,4,6,2,4,0,190,-1,200,1,190
103752,4,7,2,4,0,30,30,-1,1,160
103753,4,6,2,1,0,100,50,50,2,-1
103754,10,7,2,1,0,-1,-1,-1,-1,-1
103755,13,1,1,4,0,200,50,-1,-1,-1
103756,13,1,1,1,0,200,50,-1,-1,-1
103757,13,1,1,1,3,200,50,-1,-1,-1
103758,13,1,1,-1,0,200,50,-1,-1,-1
103759,10,1,2,4,0,100,-1,-1,-1,-1
103760,10,1,2,4,0,100,-1,-1,-1,-1
103761,8,7,2,1,0,100,40,-1,2,-1
103762,8,6,2,4,0,80,10,-1,2,-1
103763,14,1,2,4,0,-1,-1,40,2,-1
103764,14,1,2,4,3,-1,-1,40,2,-1
103765,14,1,2,-1,0,-1,-1,40,2,-1
103766,14,1,2,-1,0,-1,-1,40,2,-1
103767,14,1,2,1,0,-1,-1,40,2,-1
103768,-1,0,-1,-1,-1,-1,-1,-1,-1,-1
103769,11,4,2,1,0,70,30,-1,-1,-1
103770,11,4,2,1,0,70,30,-1,-1,-1
103771,15,1,1,1,0,100,-1,-1,-1,-1
103772,15,1,1,1,0,100,-1,-1,-1,-1
103773,11,7,2,1,0,100,70,-1,-1,-1
103774,1,7,2,2,0,150,20,200,1,390
103775,-1,0,-1,-1,-1,-1,-1,-1,-1,-1
103776,3,7,1,4,0,60,-1,30,2,-1
103777,3,7,1,1,0,60,-1,30,2,-1
103778,-1,0,-1,-1,-1,-1,-1,-1,-1,-1
103779,8,7,1,1,0,-1,-1,-1,1,190
103780,8,7,1,1,0,-1,-1,-1,1,190
103781,8,1,1,4,0,-1,-1,-1,2,-1
103782,8,1,1,4,0,-1,-1,-1,2,-1
103783,-1,0,-1,-1,-1,-1,-1,-1,-1,-1
103784,8,7,2,1,0,150,40,-1,2,-1
103785,14,1,1,1,0,-1,-1,-1,-1,-1
103786,14,1,1,1,0,-1,-1,-1,-1,-1
103787,14,1,1,1,0,-1,-1,-1,-1,-1
103788,1,1,1,4,3,-1,-1,30,1,300
103789,1,1,1,4,3,-1,-1,30,1,300
103790,1,1,1,-1,0,-1,-1,30,1,300
103791,15,1,1,1,1,210,-1,-1,-1,-1
103792,15,1,1,4,1,210,-1,-1,-1,-1
103793,15,1,1,-1,0,210,-1,-1,-1,-1
103794,12,1,1,4,0,-1,-1,-1,-1,-1
103795,12,1,1,1,0,-1,-1,-1,-1,-1
103796,-1,0,-1,-1,-1,-1,-1,-1,-1,-1
103797,12,1,2,1,10,-1,-1,-1,2,-1
103798,12,1,2,1,10,-1,-1,-1,2,-1
103799,12,1,2,4,0,-1,-1,-1,2,-1
103800,12,1,2,-1,0,-1,-1,-1,2,-1
103801,12,4,2,1,1,-1,-1,-1,-1,-1
103802,12,4,2,-1,0,-1,-1,-1,-1,-1
103803,12,4,2,-1,0,-1,-1,-1,-1,-1
103804,14,1,1,1,0,-1,-1,-1,-1,-1
103805,14,1,1,1,0,-1,-1,-1,-1,-1
103806,14,1,1,1,2,100,-1,-1,-1,-1
103807,14,1,1,1,2,100,-1,-1,-1,-1
103808,14,1,1,-1,0,100,-1,-1,-1,-1
103809,4,1,1,4,0,350,150,-1,-1,-1
103810,4,1,1,1,0,350,150,-1,-1,-1
103811,4,1,1,1,0,350,150,-1,-1,-1
103812,4,1,1,1,0,350,150,-1,-1,-1
103813,4,1,1,1,0,350,150,-1,-1,-1
103814,14,7,1,1,0,50,30,-1,-1,-1
103815,-1,0,-1,-1,-1,-1,-1,-1,-1,-1
103816,4,7,2,4,0,-1,-1,-1,-1,-1
103817,7,7,1,4,0,-1,-1,-1,-1,-1
103818,6,1,1,1,2,200,-1,-1,-1,-1
103819,6,1,1,4,0,200,-1,-1,-1,-1
103820,6,1,1,4,0,200,-1,-1,-1,-1
103821,6,1,1,-1,0,200,-1,-1,-1,-1
103822,6,1,1,1,2,200,-1,-1,-1,-1
103823,15,1,2,1,0,40,20,-1,-1,-1
103824,15,1,2,1,0,40,20,-1,-1,-1
103825,15,1,2,-1,0,40,20,-1,-1,-1
103826,15,1,2,1,0,40,20,-1,-1,-1
103827,16,1,1,1,0,-1,-1,-1,-1,-1
103828,16,1,4,1,0,-1,-1,-1,-1,-1
103829,16,1,1,1,0,-1,-1,-1,-1,-1
103830,4,1,1,4,0,-1,-1,-1,-1,-1
103831,4,1,1,4,0,-1,-1,-1,-1,-1
103832,4,1,1,4,0,-1,-1,-1,-1,-1
107571,8,7,2,1,0,60,50,-1,2,-1
107572,1,4,1,1,10,100,50,-1,1,600
107573,1,4,1,4,0,100,50,-1,1,600
107574,1,4,1,-1,0,100,50,-1,1,600
107575,15,1,2,4,3,-1,-1,-1,-1,-1
107576,15,1,2,1,3,-1,-1,-1,-1,-1
107577,15,1,2,-1,0,-1,-1,-1,-1,-1
107578,15,1,2,-1,0,-1,-1,-1,-1,-1
107579,15,1,2,4,0,-1,-1,-1,-1,-1
107580,6,7,2,1,0,-1,-1,-1,-1,-1
107581,1,4,2,4,3,200,-1,-1,2,-1
107582,1,4,2,-1,0,200,-1,-1,2,-1
107583,1,4,2,-1,0,200,-1,-1,2,-1
107584,14,3,1,1,0,-1,-1,-1,-1,-1
107585,14,3,1,4,0,-1,-1,-1,-1,-1
107586,14,3,1,-1,0,-1,-1,-1,-1,-1
107587,5,7,2,4,0,-1,-1,-1,-1,-1
107588,5,6,2,4,0,-1,-1,-1,-1,-1
107589,11,4,2,1,4,60,30,-1,2,-1
107590,11,4,2,4,0,60,30,-1,2,-1
107591,14,4,1,4,0,-1,-1,-1,-1,-1
107592,14,4,1,1,0,-1,-1,-1,-1,-1
107593,14,4,1,4,0,-1,-1,-1,-1,-1
107594,3,6,1,4,0,-1,-1,80,2,-1
107595,13,1,1,1,4,220,-1,-1,-1,-1
107596,13,1,1,4,4,220,-1,-1,-1,-1
107597,13,1,1,4,0,220,-1,-1,-1,-1
107598,13,1,1,4,0,220,-1,-1,-1,-1
107599,5,4,2,1,8,60,40,-1,1,4
107600,5,4,2,-1,0,60,40,-1,1,4
107601,5,4,2,-1,0,60,40,-1,1,4
107602,7,3,1,1,0,-1,-1,-1,-1,-1
107603,7,3,1,1,0,-1,-1,-1,-1,-1
107604,7,3,1,-1,0,-1,-1,-1,-1,-1
107605,4,4,1,4,0,70,-1,30,2,-1
107606,4,4,1,4,0,70,-1,30,2,-1
107607,12,1,1,1,3,250,20,-1,-1,-1
107608,12,1,1,1,3,250,20,-1,-1,-1
107609,12,1,1,-1,0,250,20,-1,-1,-1
107610,15,4,1,1,0,150,-1,-1,-1,-1
107611,15,4,1,1,0,150,-1,-1,-1,-1
107612,-1,0,-1,-1,-1,-1,-1,-1,-1,-1
107613,9,1,1,1,0,-1,-1,-1,-1,-1
107614,9,1,1,4,0,-1,-1,-1,-1,-1
107615,9,4,2,4,0,200,40,-1,1,-2
107616,9,4,2,3,4,200,40,-1,1,-2
107617,9,4,2,4,0,200,40,-1,1,-2
107618,9,4,2,4,0,200,40,-1,1,-2
107619,9,4,2,4,0,200,40,-1,1,-2
107620,9,4,2,1,4,200,40,-1,1,-2
107621,11,6,2,1,0,-1,20,-1,-1,-1
107622,6,7,1,4,0,60,30,-1,-1,-1
107623,13,1,1,4,0,-1,-1,-1,-1,-1
107624,13,1,1,1,0,-1,-1,-1,-1,-1
107625,-1,0,-1,-1,-1,-1,-1,-1,-1,-1
107626,10,1,2,4,0,50,60,-1,-1,-1
107627,10,1,2,4,0,50,60,-1,-1,-1
107628,3,6,2,4,0,-1,-1,-1,2,-1
107629,4,7,2,4,0,-1,-1,-1,2,-1
107630,4,4,2,4,0,100,-1,-1,2,-1
107631,4,4,2,4,0,100,-1,-1,2,-1
107632,9,1,1,1,3,200,-1,-1,2,-1
107633,9,1,1,1,3,200,-1,-1,2,-1
107634,9,1,1,-1,0,200,-1,-1,2,-1
107635,9,1,1,-1,0,200,-1,-1,2,-1
107636,14,1,2,4,3,-1,-1,-1,-1,-1
107637,14,1,2,1,3,-1,-1,-1,-1,-1
107638,14,1,2,-1,0,-1,-1,-1,-1,-1
107639,14,1,2,1,0,-1,-1,-1,-1,-1
107640,15,1,1,4,0,230,20,-1,-1,-1
107641,15,1,1,1,0,230,20,-1,-1,-1
107642,8,3,1,1,0,-1,-1,-1,-1,-1
107643,8,3,1,1,0,-1,-1,-1,-1,-1
107644,11,1,1,4,0,70,-1,30,-1,-1
107645,11,1,1,4,0,70,-1,30,-1,-1
107646,16,1,1,1,0,130,100,-1,2,-1
107647,16,1,1,1,0,130,100,-1,2,-1
107648,14,6,1,1,0,80,-1,50,-1,-1
107649,14,6,1,4,0,80,-1,50,-1,-1
107650,-1,0,-1,-1,-1,-1,-1,-1,-1,-1
107651,15,1,1,1,3,100,200,-1,-1,-1
107652,15,1,1,1,3,100,200,-1,-1,-1
107653,15,1,1,-1,0,100,200,-1,-1,-1
107654,15,1,1,-1,0,100,200,-1,-1,-1
107655,15,4,1,1,0,300,20,-1,-1,-1
107656,15,4,1,1,0,300,20,-1,-1,-1
107657,-1,0,-1,-1,-1,-1,-1,-1,-1,-1
107658,11,6,1,4,0,-2,-1,-1,-1,-1
107659,-1,0,-1,-1,-1,-1,-1,-1,-1,-1
107660,8,6,2,1,0,50,40,-1,-1,-1
107661,10,7,1,1,0,100,40,-1,2,-1
107662,1,7,2,4,0,-1,-1,-1,-1,-1
109109,6,4,2,1,10,100,-1,-1,2,-1
109110,6,4,2,4,0,100,-1,-1,2,-1
109111,6,4,2,-1,0,100,-1,-1,2,-1
109112,6,4,2,-1,0,100,-1,-1,2,-1
109113,7,4,2,4,0,-1,-1,-1,-1,-1
109114,7,4,2,4,0,-1,-1,-1,-1,-1
109115,7,4,2,1,4,-1,-1,-1,-1,-1
109116,7,4,2,2,0,-1,-1,-1,-1,-1
109117,1,1,2,4,10,-1,-1,-1,-1,-1
109118,1,1,2,1,10,-1,-1,-1,-1,-1
109119,1,1,2,1,0,-1,-1,-1,-1,-1
109120,1,1,2,-1,0,-1,-1,-1,-1,-1
109121,8,4,2,1,0,-1,-1,-1,-1,-1
109122,8,4,2,2,0,-1,-1,-1,-1,-1
109123,8,4,2,1,0,-1,-1,-1,-1,-1
109124,10,4,2,1,3,60,-1,100,2,-1
109125,10,4,2,-1,0,60,-1,100,2,-1
109126,10,4,2,-1,0,60,-1,100,2,-1
109127,12,1,1,1,1,100,50,200,2,-1
109128,12,1,1,1,1,100,50,200,2,-1
109129,12,1,1,-1,0,100,50,200,2,-1
109130,13,6,2,1,0,60,-1,-1,-1,-1
109131,5,6,2,1,0,50,-1,-1,2,-1
109132,12,1,1,1,0,-1,-1,-1,-1,-1
109133,12,1,1,1,0,-1,-1,-1,-1,-1
109134,5,7,2,4,0,-1,-1,-1,-1,-1
109135,-1,0,-1,-1,-1,-1,-1,-1,-1,-1
109136,13,1,1,4,0,-1,-1,-1,-1,-1
109137,13,1,1,1,0,-1,-1,-1,-1,-1
109138,11,4,1,1,0,90,-1,-1,-1,-1
109139,11,4,1,1,0,90,-1,-1,-1,-1
109140,11,4,1,1,0,90,-1,-1,-1,-1
109141,8,4,2,4,0,130,-1,-1,-1,-1
109142,8,4,2,4,0,130,-1,-1,-1,-1
109143,6,7,2,1,0,120,30,-1,2,-1
109144,13,7,2,1,0,40,100,-1,-1,-1
109145,6,6,2,1,0,40,-1,-1,-1,-1
109146,-1,0,-1,-1,-1,-1,-1,-1,-1,-1
109147,13,7,1,1,0,150,-1,-1,-1,-1
109148,13,7,1,1,0,150,-1,-1,-1,-1
109149,15,1,1,1,6,150,100,-1,-1,-1
109150,15,1,1,1,6,150,100,-1,-1,-1
109151,15,1,6,-1,0,150,100,-1,-1,-1
109152,15,1,1,-1,0,150,100,-1,-1,-1
109153,14,1,1,1,0,-1,-1,-1,-1,-1
109154,14,1,1,1,0,-1,-1,-1,-1,-1
109155,3,6,1,1,0,50,10,-1,2,-1
109156,3,6,1,1,0,50,10,-1,2,-1
109157,13,1,1,4,0,100,50,-1,-1,-1
109158,13,1,1,4,0,100,50,-1,-1,-1
109159,11,7,1,4,0,-1,-1,-1,-1,-1
109160,13,4,2,1,2,-1,-1,-1,-1,-1
109161,13,4,2,1,2,-1,-1,-1,-1,-1
109162,13,4,2,-1,0,-1,-1,-1,-1,-1
109163,9,4,2,1,0,90,120,-1,-1,-1
109164,9,4,2,1,0,90,120,-1,-1,-1
109165,-1,0,-1,-1,-1,-1,-1,-1,-1,-1
110364,9,4,1,1,10,150,-1,-1,2,-1
110365,9,4,1,4,0,150,-1,-1,2,-1
110366,9,4,1,-1,0,150,-1,-1,2,-1
110367,9,4,1,-1,0,150,-1,-1,2,-1
110368,11,4,1,1,6,150,30,-1,2,-1
110369,11,4,1,-1,0,150,30,-1,2,-1
110370,11,4,1,-1,0,150,30,-1,2,-1
110371,11,4,1,-1,0,150,30,-1,2,-1
110372,4,1,6,4,11,200,50,-1,1,648
110373,4,1,1,1,11,200,50,-1,1,648
110374,4,1,6,-1,0,200,50,-1,1,648
110375,4,1,6,-1,0,200,50,-1,1,648
110376,4,1,6,-1,0,200,50,-1,1,648
110377,15,1,1,4,0,-1,-1,-1,-1,-1
110378,15,1,2,1,0,-1,-1,-1,-1,-1
110379,15,1,2,1,0,-1,-1,-1,-1,-1
110380,-1,0,-1,-1,-1,-1,-1,-1,-1,-1
110381,3,6,2,4,0,50,-1,-1,1,180
110382,16,1,1,1,6,150,100,-1,-1,-1
110383,16,1,1,1,6,150,100,-1,-1,-1
110384,16,1,1,-1,0,150,100,-1,-1,-1
110385,16,1,1,-1,0,150,100,-1,-1,-1
110386,7,4,1,4,4,-1,-1,-1,1,40
110387,7,4,1,1,0,-1,-1,-1,1,40
110388,7,4,1,4,0,-1,-1,-1,1,40
110389,7,4,1,4,0,-1,-1,-1,1,40
110390,16,1,1,1,0,300,80,-1,-1,-1
110391,16,1,1,1,0,300,80,-1,-1,-1
110392,16,1,1,1,0,300,80,-1,-1,-1
110393,16,1,1,1,0,300,80,-1,-1,-1
110394,16,6,1,1,0,100,-1,-1,-1,-1
110395,1,6,1,4,0,-1,150,-1,2,-1
110396,1,6,1,1,0,-1,150,-1,2,-1
110397,13,1,1,1,0,150,-1,-1,-1,-1
110398,13,1,1,1,0,150,-1,-1,-1,-1
110399,15,1,1,1,0,-1,-1,-1,-1,-1
110400,15,1,1,1,0,-1,-1,-1,-1,-1
110401,10,7,2,1,0,-1,100,-1,-1,-1
110402,7,4,2,4,0,100,-1,-1,-1,-1
110403,7,4,2,4,0,100,-1,-1,-1,-1
110404,7,4,2,1,3,100,-1,-1,-1,-1
110405,7,4,2,-1,0,100,-1,-1,-1,-1
110406,13,6,2,1,0,-1,-1,-1,-1,-1
110407,5,6,2,1,0,-1,-1,-1,-1,-1
114959,-1,0,-1,-1,-1,-1,-1,-1,-1,-1
114960,-1,0,-1,-1,-1,-1,-1,-1,-1,-1
114961,-1,0,-1,-1,-1,-1,-1,-1,-1,-1
114962,-1,0,-1,-1,-1,-1,-1,-1,-1,-1
114963,-1,0,-1,-1,-1,-1,-1,-1,-1,-1
114964,-1,0,-1,-1,-1,-1,-1,-1,-1,-1
114965,-1,0,-1,-1,-1,-1,-1,-1,-1,-1
114966,-1,0,-1,-1,-1,-1,-1,-1,-1,-1
114967,-1,0,-1,-1,-1,-1,-1,-1,-1,-1
114968,-1,0,-1,-1,-1,-1,-1,-1,-1,-1
114969,-1,0,-1,-1,-1,-1,-1,-1,-1,-1
114970,13,1,2,1,13,100,30,-1,-1,-1
114971,13,1,2,1,13,100,30,-1,-1,-1
114972,13,1,2,4,0,100,30,-1,-1,-1
114973,13,1,2,-1,0,100,30,-1,-1,-1
114974,13,1,2,-1,0,100,30,-1,-1,-1
114975,-1,0,-1,-1,-1,-1,-1,-1,-1,-1
114976,-1,0,-1,-1,-1,-1,-1,-1,-1,-1
114977,-1,0,-1,-1,-1,-1,-1,-1,-1,-1
114978,13,1,1,1,0,300,-1,-1,2,-1
114979,13,1,1,1,0,300,-1,-1,2,-1
114980,13,1,1,1,3,300,-1,-1,2,-1
114981,13,1,1,-1,0,300,-1,-1,2,-1
114982,10,7,1,1,0,-1,-1,-1,-1,-1
114983,11,1,2,1,0,330,-1,80,-1,-1
114984,11,1,2,4,0,330,-1,80,-1,-1
114985,16,6,1,1,0,-1,-1,-1,-1,-1
114986,8,4,2,2,10,150,-1,60,1,350
114987,8,4,2,-1,0,150,-1,60,1,350
114988,8,4,2,-1,0,150,-1,60,1,350
114989,8,1,1,4,4,-1,-1,-1,2,-1
114990,8,1,1,1,4,-1,-1,-1,2,-1
114991,8,1,1,-1,0,-1,-1,-1,2,-1
114992,-1,0,-1,-1,-1,-1,-1,-1,-1,-1
114993,-1,0,-1,-1,-1,-1,-1,-1,-1,-1
114994,-1,0,-1,-1,-1,-1,-1,-1,-1,-1
114995,-1,0,-1,-1,-1,-1,-1,-1,-1,-1
114996,-1,0,-1,-1,-1,-1,-1,-1,-1,-1
114997,-1,0,-1,-1,-1,-1,-1,-1,-1,-1
114998,-1,0,-1,-1,-1,-1,-1,-1,-1,-1
114999,-1,0,-1,-1,-1,-1,-1,-1,-1,-1
115000,-1,0,-1,-1,-1,-1,-1,-1,-1,-1
115001,-1,0,-1,-1,-1,-1,-1,-1,-1,-1
115002,-1,0,-1,-1,-1,-1,-1,-1,-1,-1
115003,-1,0,-1,-1,-1,-1,-1,-1,-1,-1
115004,16,1,1,1,0,100,90,-1,-1,-1
115005,16,1,1,1,0,100,90,-1,-1,-1
115006,-1,0,-1,-1,-1,-1,-1,-1,-1,-1
115007,-1,0,-1,-1,-1,-1,-1,-1,-1,-1
115008,-1,0,-1,-1,-1,-1,-1,-1,-1,-1
115009,-1,0,-1,-1,-1,-1,-1,-1,-1,-1
115010,-1,0,-1,-1,-1,-1,-1,-1,-1,-1
115011,-1,0,-1,-1,-1,-1,-1,-1,-1,-1
115012,-1,0,-1,-1,-1,-1,-1,-1,-1,-1
115013,-1,0,-1,-1,-1,-1,-1,-1,-1,-1
115014,-1,0,-1,-1,-1,-1,-1,-1,-1,-1
115015,-1,0,-1,-1,-1,-1,-1,-1,-1,-1
115016,-1,0,-1,-1,-1,-1,-1,-1,-1,-1
115017,-1,0,-1,-1,-1,-1,-1,-1,-1,-1
115018,-1,0,-1,-1,-1,-1,-1,-1,-1,-1
115019,14,1,1,4,13,330,110,-1,2,-1
115020,14,1,1,1,13,330,110,-1,2,-1
115021,14,1,1,-1,0,330,110,-1,2,-1
115022,14,1,1,-1,0,330,110,-1,2,-1
115023,14,1,1,-1,0,330,110,-1,2,-1
115024,14,1,1,-1,0,330,110,-1,2,-1
115025,14,1,1,-1,0,330,110,-1,2,-1
115026,14,1,1,-1,0,330,110,-1,2,-1
115027,-1,0,-1,-1,-1,-1,-1,-1,-1,-1
115028,-1,0,-1,-1,-1,-1,-1,-1,-1,-1
115029,-1,0,-1,-1,-1,-1,-1,-1,-1,-1
115030,-1,0,-1,-1,-1,-1,-1,-1,-1,-1
115031,16,1,1,4,2,-1,-1,-1,-1,-1
115032,16,1,1,1,2,-1,-1,-1,-1,-1
115033,16,1,1,-1,0,-1,-1,-1,-1,-1
115034,16,1,1,1,4,-1,-1,-1,-1,-1
115035,16,1,1,1,4,-1,-1,-1,-1,-1
115036,16,1,1,1,0,-1,-1,-1,-1,-1
115037,16,1,1,1,0,-1,-1,-1,-1,-1
115038,16,1,1,1,0,-1,-1,-1,-1,-1
115039,16,1,1,-1,0,-1,-1,-1,-1,-1
115040,-1,0,-1,-1,-1,-1,-1,-1,-1,-1
115041,-1,0,-1,-1,-1,-1,-1,-1,-1,-1
115042,12,7,2,2,0,-1,-1,-1,-1,-1
115043,12,7,2,2,0,-1,-1,-1,-1,-1
115044,-1,0,-1,-1,-1,-1,-1,-1,-1,-1
115045,11,6,2,4,0,-1,-1,-1,-1,-1
115046,-1,0,-1,-1,-1,-1,-1,-1,-1,-1
115047,-1,0,-1,-1,-1,-1,-1,-1,-1,-1
115048,-1,0,-1,-1,-1,-1,-1,-1,-1,-1
115049,-1,0,-1,-1,-1,-1,-1,-1,-1,-1
115050,-1,0,-1,-1,-1,-1,-1,-1,-1,-1
115051,-1,0,-1,-1,-1,-1,-1,-1,-1,-1
115052,-1,0,-1,-1,-1,-1,-1,-1,-1,-1
115053,15,1,1,1,4,150,40,-1,-1,-1
115054,15,1,1,1,4,150,40,-1,-1,-1
115055,15,1,1,-1,0,150,40,-1,-1,-1
115056,-1,0,-1,-1,-1,-1,-1,-1,-1,-1
115057,-1,0,-1,-1,-1,-1,-1,-1,-1,-1
115058,-1,0,-1,-1,-1,-1,-1,-1,-1,-1
115059,-1,0,-1,-1,-1,-1,-1,-1,-1,-1
115060,-1,0,-1,-1,-1,-1,-1,-1,-1,-1
115061,-1,0,-1,-1,-1,-1,-1,-1,-1,-1
115062,-1,0,-1,-1,-1,-1,-1,-1,-1,-1
115063,-1,0,-1,-1,-1,-1,-1,-1,-1,-1
115064,-1,0,-1,-1,-1,-1,-1,-1,-1,-1
115065,-1,0,-1,-1,-1,-1,-1,-1,-1,-1
115066,-1,0,-1,-1,-1,-1,-1,-1,-1,-1
115067,-1,0,-1,-1,-1,-1,-1,-1,-1,-1
115068,-1,0,-1,-1,-1,-1,-1,-1,-1,-1
115069,-1,0,-1,-1,-1,-1,-1,-1,-1,-1
115070,-1,0,-1,-1,-1,-1,-1,-1,-1,-1
115071,-1,0,-1,-1,-1,-1,-1,-1,-1,-1
115072,-1,0,-1,-1,-1,-1,-1,-1,-1,-1
115073,-1,0,-1,-1,-1,-1,-1,-1,-1,-1
115074,-1,0,-1,-1,-1,-1,-1,-1,-1,-1
115075,8,6,1,4,0,-1,-1,-1,-1,-1
115076,14,1,1,1,0,150,-1,-1,-1,-1
115077,14,1,1,1,0,150,-1,-1,-1,-1
115078,-1,0,-1,-1,-1,-1,-1,-1,-1,-1
115079,4,7,1,1,0,100,-1,-1,-1,-1
115080,-1,0,-1,-1,-1,-1,-1,-1,-1,-1
115081,11,7,2,1,0,80,50,-1,-1,-1
115082,7,1,2,1,1,200,-1,-1,2,-1
115083,7,1,2,1,1,200,-1,-1,2,-1
115084,7,1,2,-1,0,200,-1,-1,2,-1
115085,6,7,2,1,0,60,-1,-1,2,-1
115086,-1,0,-1,-1,-1,-1,-1,-1,-1,-1
115087,7,7,1,4,0,110,30,-1,-1,-1
115088,-1,0,-1,-1,-1,-1,-1,-1,-1,-1
115089,-1,0,-1,-1,-1,-1,-1,-1,-1,-1
115090,4,7,2,4,0,-1,-1,-1,1,100
115091,-1,0,-1,-1,-1,-1,-1,-1,-1,-1
115092,-1,0,-1,-1,-1,-1,-1,-1,-1,-1
115093,-1,0,-1,-1,-1,-1,-1,-1,-1,-1
115094,4,7,1,4,0,-1,-1,-1,-1,-1
115095,-1,0,-1,-1,-1,-1,-1,-1,-1,-1
118135,16,1,2,1,0,-1,200,-1,-1,-1
118136,16,1,2,1,0,-1,200,-1,-1,-1
118137,1,6,2,4,0,-1,-1,-1,-1,-1
118138,-1,0,-1,-1,-1,-1,-1,-1,-1,-1
118139,-1,0,-1,-1,-1,-1,-1,-1,-1,-1
118140,-1,0,-1,-1,-1,-1,-1,-1,-1,-1
118141,-1,0,-1,-1,-1,-1,-1,-1,-1,-1
118142,-1,0,-1,-1,-1,-1,-1,-1,-1,-1
118143,-1,0,-1,-1,-1,-1,-1,-1,-1,-1
118144,-1,0,-1,-1,-1,-1,-1,-1,-1,-1
118145,-1,0,-1,-1,-1,-1,-1,-1,-1,-1
118146,-1,0,-1,-1,-1,-1,-1,-1,-1,-1
118147,-1,0,-1,-1,-1,-1,-1,-1,-1,-1
118148,8,2,1,-1,4,150,30,-1,2,-1
118149,8,2,1,1,4,150,30,-1,2,-1
118150,8,2,1,4,0,150,30,-1,2,-1
118151,-1,0,-1,-1,-1,-1,-1,-1,-1,-1
118152,-1,0,-1,-1,-1,-1,-1,-1,-1,-1
118153,11,6,4,1,0,40,30,-1,-1,-1
118154,-1,0,-1,-1,-1,-1,-1,-1,-1,-1
118155,-1,0,-1,-1,-1,-1,-1,-1,-1,-1
118156,-1,0,-1,-1,-1,-1,-1,-1,-1,-1
118157,-1,0,-1,-1,-1,-1,-1,-1,-1,-1
118158,-1,0,-1,-1,-1,-1,-1,-1,-1,-1
118159,-1,0,-1,-1,-1,-1,-1,-1,-1,-1
118160,-1,0,-1,-1,-1,-1,-1,-1,-1,-1
118161,-1,0,-1,-1,-1,-1,-1,-1,-1,-1
118162,-1,0,-1,-1,-1,-1,-1,-1,-1,-1
118163,-1,0,-1,-1,-1,-1,-1,-1,-1,-1
118164,-1,0,-1,-1,-1,-1,-1,-1,-1,-1
118165,3,7,4,4,0,-1,-1,-1,-1,-1
118166,-1,0,-1,-1,-1,-1,-1,-1,-1,-1
118167,-1,0,-1,-1,-1,-1,-1,-1,-1,-1
118168,-1,0,-1,-1,-1,-1,-1,-1,-1,-1
118169,-1,0,-1,-1,-1,-1,-1,-1,-1,-1
118170,-1,0,-1,-1,-1,-1,-1,-1,-1,-1
118171,-1,0,-1,-1,-1,-1,-1,-1,-1,-1
118172,-1,0,-1,-1,-1,-1,-1,-1,-1,-1
118173,-1,0,-1,-1,-1,-1,-1,-1,-1,-1
118174,-1,0,-1,-1,-1,-1,-1,-1,-1,-1
118175,-1,0,-1,-1,-1,-1,-1,-1,-1,-1
118176,-1,0,-1,-1,-1,-1,-1,-1,-1,-1
118177,-1,0,-1,-1,-1,-1,-1,-1,-1,-1
118178,-1,0,-1,-1,-1,-1,-1,-1,-1,-1
118179,-1,0,-1,-1,-1,-1,-1,-1,-1,-1
118180,-1,0,-1,-1,-1,-1,-1,-1,-1,-1
118181,-1,0,-1,-1,-1,-1,-1,-1,-1,-1
118182,-1,0,-1,-1,-1,-1,-1,-1,-1,-1
118183,14,1,1,4,0,150,20,-1,-1,-1
118184,14,1,4,4,0,150,20,-1,-1,-1
118185,-1,0,-1,-1,-1,-1,-1,-1,-1,-1
118186,-1,0,-1,-1,-1,-1,-1,-1,-1,-1
118187,-1,0,-1,-1,-1,-1,-1,-1,-1,-1
118188,-1,0,-1,-1,-1,-1,-1,-1,-1,-1
118189,8,6,2,1,0,-1,20,-1,2,-1
118190,-1,0,-1,-1,-1,-1,-1,-1,-1,-1
118191,-1,0,-1,-1,-1,-1,-1,-1,-1,-1
118192,-1,0,-1,-1,-1,-1,-1,-1,-1,-1
118193,-1,0,-1,-1,-1,-1,-1,-1,-1,-1
118194,11,1,1,1,10,180,-1,-1,2,-1
118195,11,1,1,1,10,180,-1,-1,2,-1
118196,11,1,1,4,0,180,-1,-1,2,-1
118197,11,1,1,-1,0,180,-1,-1,2,-1
118198,11,1,1,-1,0,180,-1,-1,2,-1
118199,-1,0,-1,-1,-1,-1,-1,-1,-1,-1
118200,-1,0,-1,-1,-1,-1,-1,-1,-1,-1
118201,14,1,1,1,3,150,20,-1,-1,-1
118202,14,1,1,4,3,150,20,-1,-1,-1
118203,14,1,1,-1,0,150,20,-1,-1,-1
118204,14,1,1,-1,0,150,20,-1,-1,-1
118205,-1,0,-1,-1,-1,-1,-1,-1,-1,-1
118206,9,1,1,4,10,-1,-1,-1,-1,-1
118207,9,1,1,4,10,-1,-1,-1,-1,-1
118208,9,1,1,-1,0,-1,-1,-1,-1,-1
118209,9,1,1,-1,0,-1,-1,-1,-1,-1
118210,9,1,1,-1,0,-1,-1,-1,-1,-1
118211,-1,0,-1,-1,-1,-1,-1,-1,-1,-1
118212,-1,0,-1,-1,-1,-1,-1,-1,-1,-1
118213,-1,0,-1,-1,-1,-1,-1,-1,-1,-1
118214,-1,0,-1,-1,-1,-1,-1,-1,-1,-1
118215,-1,0,-1,-1,-1,-1,-1,-1,-1,-1
118216,-1,0,-1,-1,-1,-1,-1,-1,-1,-1
118217,-1,0,-1,-1,-1,-1,-1,-1,-1,-1
118218,9,1,1,2,14,150,4,30,1,360
118219,9,1,1,4,14,150,4,30,1,360
118220,9,1,1,-1,0,150,4,30,1,360
118221,9,1,1,-1,0,150,4,30,1,360
118222,9,1,1,4,0,150,4,30,1,360
118223,-1,0,-1,-1,-1,-1,-1,-1,-1,-1
118224,-1,0,-1,-1,-1,-1,-1,-1,-1,-1
118225,6,3,2,1,8,180,-1,-1,1,280
118226,6,3,2,-1,0,180,-1,-1,1,280
118227,6,3,2,-1,0,180,-1,-1,1,280
118228,6,3,2,-1,0,180,-1,-1,1,280
118229,-1,0,-1,-1,-1,-1,-1,-1,-1,-1
118230,16,1,1,1,0,-1,-1,-1,-1,-1
118231,16,1,1,1,0,-1,-1,-1,-1,-1
118232,7,7,2,4,0,-1,-1,-1,-1,-1
118233,-1,0,-1,-1,-1,-1,-1,-1,-1,-1
118234,-1,0,-1,-1,-1,-1,-1,-1,-1,-1
118235,11,1,1,4,5,130,20,-1,2,-1
118236,11,1,1,1,5,130,20,-1,2,-1
118237,11,1,1,-1,0,130,20,-1,2,-1
118238,11,1,1,-1,0,130,20,-1,2,-1
118239,-1,0,-1,-1,-1,-1,-1,-1,-1,-1
118240,1,7,2,4,0,100,-1,-1,-1,-1
118241,-1,0,-1,-1,-1,-1,-1,-1,-1,-1
118242,-1,0,-1,-1,-1,-1,-1,-1,-1,-1
118243,-1,0,-1,-1,-1,-1,-1,-1,-1,-1
118244,-1,0,-1,-1,-1,-1,-1,-1,-1,-1
118245,-1,0,-1,-1,-1,-1,-1,-1,-1,-1
118246,-1,0,-1,-1,-1,-1,-1,-1,-1,-1
118247,-1,0,-1,-1,-1,-1,-1,-1,-1,-1
118248,-1,0,-1,-1,-1,-1,-1,-1,-1,-1
118249,-1,0,-1,-1,-1,-1,-1,-1,-1,-1
118250,-1,0,-1,-1,-1,-1,-1,-1,-1,-1
118251,6,4,2,1,3,-1,-1,-1,-1,-1
118252,6,4,2,-1,0,-1,-1,-1,-1,-1
118253,6,4,2,-1,0,-1,-1,-1,-1,-1
118254,-1,0,-1,-1,-1,-1,-1,-1,-1,-1
118255,-1,0,-1,-1,-1,-1,-1,-1,-1,-1
118256,-1,0,-1,-1,-1,-1,-1,-1,-1,-1
125065,-1,0,-1,-1,-1,-1,-1,-1,-1,-1
125066,-1,0,-1,-1,-1,-1,-1,-1,-1,-1
125067,-1,0,-1,-1,-1,-1,-1,-1,-1,-1
126851,13,7,2,1,0,100,70,-1,-1,-1
126852,-1,0,-1,-1,-1,-1,-1,-1,-1,-1
126853,-1,0,-1,-1,-1,-1,-1,-1,-1,-1
126854,9,6,1,4,0,50,20,-1,-1,-1
126855,-1,0,-1,-1,-1,-1,-1,-1,-1,-1
126856,-1,0,-1,-1,-1,-1,-1,-1,-1,-1
126857,13,1,1,1,4,300,40,-1,2,-1
126858,13,1,1,4,4,300,40,-1,2,-1
126859,13,1,1,1,0,300,40,-1,2,-1
126860,13,1,1,4,0,300,40,-1,2,-1
126861,-1,0,-1,-1,-1,-1,-1,-1,-1,-1
126862,-1,0,-1,-1,-1,-1,-1,-1,-1,-1
126863,13,6,1,4,0,130,-1,-1,-1,-1
126864,-1,0,-1,-1,-1,-1,-1,-1,-1,-1
129426,-1,0,-1,-1,-1,-1,-1,-1,-1,-1
129427,-1,0,-1,-1,-1,-1,-1,-1,-1,-1
129428,16,1,1,1,0,-1,-1,-1,-1,-1
129429,16,1,1,1,0,-1,-1,-1,-1,-1
129430,1,4,2,1,1,-1,-1,-1,-1,-1
129431,1,4,2,-1,0,-1,-1,-1,-1,-1
129432,-1,0,-1,-1,-1,-1,-1,-1,-1,-1
129433,-1,0,-1,-1,-1,-1,-1,-1,-1,-1
129434,-1,0,-1,-1,-1,-1,-1,-1,-1,-1
129435,-1,0,-1,-1,-1,-1,-1,-1,-1,-1
129436,-1,0,-1,-1,-1,-1,-1,-1,-1,-1
129437,-1,0,-1,-1,-1,-1,-1,-1,-1,-1
129438,-1,0,-1,-1,-1,-1,-1,-1,-1,-1
129439,-1,0,-1,-1,-1,-1,-1,-1,-1,-1
129440,-1,0,-1,-1,-1,-1,-1,-1,-1,-1
129441,-1,0,-1,-1,-1,-1,-1,-1,-1,-1
129442,-1,0,-1,-1,-1,-1,-1,-1,-1,-1
129443,-1,0,-1,-1,-1,-1,-1,-1,-1,-1
129444,15,1,2,1,0,100,20,-1,-1,-1
129445,15,1,2,4,0,100,20,-1,-1,-1
131659,-1,0,-1,-1,-1,-1,-1,-1,-1,-1
131660,-1,0,-1,-1,-1,-1,-1,-1,-1,-1
131661,-1,0,-1,-1,-1,-1,-1,-1,-1,-1
131662,-1,0,-1,-1,-1,-1,-1,-1,-1,-1
131663,-1,0,-1,-1,-1,-1,-1,-1,-1,-1
131664,-1,0,-1,-1,-1,-1,-1,-1,-1,-1
131665,-1,0,-1,-1,-1,-1,-1,-1,-1,-1
131666,-1,0,-1,-1,-1,-1,-1,-1,-1,-1
131667,-1,0,-1,-1,-1,-1,-1,-1,-1,-1
131668,-1,0,-1,-1,-1,-1,-1,-1,-1,-1
131669,-1,0,-1,-1,-1,-1,-1,-1,-1,-1
131670,-1,0,-1,-1,-1,-1,-1,-1,-1,-1
131671,16,1,1,1,4,-1,-1,-1,-1,-1
131672,16,1,1,1,4,-1,-1,-1,-1,-1
131673,16,1,1,4,0,-1,-1,-1,-1,-1
131674,16,1,1,-1,0,-1,-1,-1,-1,-1
131675,-1,0,-1,-1,-1,-1,-1,-1,-1,-1
131676,-1,0,-1,-1,-1,-1,-1,-1,-1,-1
131677,-1,0,-1,-1,-1,-1,-1,-1,-1,-1
131678,-1,0,-1,-1,-1,-1,-1,-1,-1,-1
131679,-1,0,-1,-1,-1,-1,-1,-1,-1,-1
