,Unnamed: 0,FAMILY_INCOME,HOUSEHOLD_TYPE,RACE,EMPLOYMENT_STATUS,PRCHLD,HOUSEHOLD_PURCHASES_GROCERIES,HOUSEHOLD_PURCHASES_RESTAURANTS,AMOUNT_NEEDED_TO_MEET_HOUSEHOLD_FOOD_NEED,Y/N_RECEVIED_FOODBENEFITS_PAST12MONTHS,FOODSTAMPS_AMT_PERMONTH
0,2981,-1,0,-1,-1,-1,-1,-1,-1,-1,-1
1,2982,8,7,2,1,0,50,10,-1,2,-1
2,2983,5,1,2,4,0,90,30,-1,2,-1
3,2984,5,1,2,4,0,90,30,-1,2,-1
4,2985,-1,0,-1,-1,-1,-1,-1,-1,-1,-1
5,2986,11,3,2,4,0,100,-1,-1,-1,-1
6,2987,11,3,2,4,0,100,-1,-1,-1,-1
7,2988,2,4,2,4,0,130,60,180,2,-1
8,2989,2,4,2,1,0,130,60,180,2,-1
9,2990,5,7,2,1,0,-1,4,-1,2,-1
10,2991,4,4,2,1,8,100,60,-1,1,540
11,2992,4,4,2,-1,0,100,60,-1,1,540
12,2993,4,4,2,-1,0,100,60,-1,1,540
13,2994,4,4,2,1,2,-1,10,-1,2,-1
14,2995,4,4,2,-1,0,-1,10,-1,2,-1
15,2996,10,7,2,1,0,-1,-1,-1,-1,-1
16,2997,7,1,1,4,0,-1,-1,-1,-1,-1
17,2998,7,1,1,1,0,-1,-1,-1,-1,-1
18,2999,14,1,1,1,4,-1,-1,-1,-1,-1
19,3000,14,1,1,1,4,-1,-1,-1,-1,-1
20,3001,14,1,1,4,0,-1,-1,-1,-1,-1
21,3002,9,4,1,1,2,-1,-1,-1,-1,-1
22,3003,9,4,1,-1,0,-1,-1,-1,-1,-1
23,3004,4,6,1,4,0,-1,-1,-1,2,-1
24,3005,14,1,2,1,11,-1,-1,-1,-1,-1
25,3006,14,1,2,1,11,-1,-1,-1,-1,-1
26,3007,14,1,2,-1,0,-1,-1,-1,-1,-1
27,3008,14,1,2,-1,0,-1,-1,-1,-1,-1
28,3009,14,1,2,-1,0,-1,-1,-1,-1,-1
29,3010,14,1,2,-1,0,-1,-1,-1,-1,-1
30,3011,15,4,2,4,0,30,30,20,2,-1
31,3012,15,4,2,1,0,30,30,20,2,-1
32,3013,14,1,2,1,0,110,40,-1,-1,-1
33,3014,14,1,2,1,0,110,40,-1,-1,-1
34,3015,-1,0,-1,-1,-1,-1,-1,-1,-1,-1
35,3016,12,6,1,4,0,-1,-1,-1,-1,-1
36,3017,12,6,1,1,0,130,-1,-1,-1,-1
37,3018,-1,0,-1,-1,-1,-1,-1,-1,-1,-1
38,3019,-1,0,-1,-1,-1,-1,-1,-1,-1,-1
39,3020,-1,0,-1,-1,-1,-1,-1,-1,-1,-1
40,3021,11,6,1,1,0,60,60,-1,-1,-1
41,3022,7,7,1,1,0,20,-1,-1,2,-1
42,3023,15,1,1,4,0,100,30,-1,-1,-1
43,3024,15,1,1,4,0,100,30,-1,-1,-1
44,3025,-1,0,-1,-1,-1,-1,-1,-1,-1,-1
45,3026,9,6,1,4,0,150,-1,-1,-1,-1
46,3027,8,3,1,4,0,-1,-1,-1,-1,-1
47,3028,8,3,1,4,0,-1,-1,-1,-1,-1
48,3029,-1,0,-1,-1,-1,-1,-1,-1,-1,-1
49,3030,10,1,1,1,0,80,10,-1,-1,-1
50,3031,10,1,1,4,0,80,10,-1,-1,-1
51,3032,-1,0,-1,-1,-1,-1,-1,-1,-1,-1
52,3033,9,6,2,4,0,-1,10,-1,1,200
53,3034,9,6,2,4,0,-1,10,-1,1,200
54,3035,9,6,2,4,0,-1,10,-1,1,200
55,3036,5,3,1,4,0,150,-1,-1,2,-1
56,3037,5,3,1,4,0,150,-1,-1,2,-1
57,3038,-1,0,-1,-1,-1,-1,-1,-1,-1,-1
58,3039,-1,0,-1,-1,-1,-1,-1,-1,-1,-1
59,3040,-1,0,-1,-1,-1,-1,-1,-1,-1,-1
60,3041,-1,0,-1,-1,-1,-1,-1,-1,-1,-1
61,3042,5,7,2,4,0,-1,-1,100,2,-1
62,3043,6,7,1,4,0,-1,-1,-1,-1,-1
63,3044,6,7,1,4,0,-1,-1,-1,-1,-1
64,3045,8,6,1,4,0,-1,-1,-1,-1,-1
65,3046,14,4,1,1,0,-1,-1,-1,-1,-1
66,3047,14,4,1,1,0,-1,-1,-1,-1,-1
67,3048,8,7,1,4,0,-1,-1,-1,-1,-1
68,3049,-1,0,-1,-1,-1,-1,-1,-1,-1,-1
69,3050,10,1,1,4,0,-1,-1,-1,-1,-1
70,3051,10,1,1,4,0,-1,-1,-1,-1,-1
71,3052,8,1,1,4,0,80,-1,-1,-1,-1
72,3053,8,1,1,4,0,80,-1,-1,-1,-1
73,3054,5,7,1,1,0,-1,40,-1,2,-1
74,3055,-1,0,-1,-1,-1,-1,-1,-1,-1,-1
75,3056,15,1,1,4,0,150,150,-1,-1,-1
76,3057,15,1,1,1,0,150,150,-1,-1,-1
77,3058,-1,0,-1,-1,-1,-1,-1,-1,-1,-1
78,3059,12,1,2,4,3,150,-1,-1,2,-1
79,3060,12,1,2,4,3,150,-1,-1,2,-1
80,3061,12,1,2,-1,0,150,-1,-1,2,-1
81,3062,12,1,2,-1,0,150,-1,-1,2,-1
82,3063,16,1,2,1,0,70,50,-1,-1,-1
83,3064,16,1,2,1,0,70,50,-1,-1,-1
84,3065,13,1,1,4,0,80,-1,-1,-1,-1
85,3066,13,1,1,1,0,80,-1,-1,-1,-1
86,3067,-1,0,-1,-1,-1,-1,-1,-1,-1,-1
87,3068,-1,0,-1,-1,-1,-1,-1,-1,-1,-1
88,3069,7,1,1,4,0,200,20,-1,2,-1
89,3070,7,1,1,4,0,200,20,-1,2,-1
90,3071,7,1,1,4,0,200,20,-1,2,-1
91,3072,7,1,1,1,0,200,20,-1,2,-1
92,3073,14,3,1,1,1,-1,-1,-1,-1,-1
93,3074,14,3,1,1,0,-1,-1,-1,-1,-1
94,3075,14,3,1,-1,0,-1,-1,-1,-1,-1
95,3076,3,7,1,4,0,60,-1,-1,1,130
96,3077,3,6,2,4,0,-1,-1,-1,-1,-1
97,3078,9,1,1,1,0,130,-1,-1,2,-1
98,3079,9,1,1,1,0,130,-1,-1,2,-1
99,3080,-1,0,-1,-1,-1,-1,-1,-1,-1,-1
100,3081,10,4,2,1,4,120,50,-1,2,-1
101,3082,10,4,2,4,0,120,50,-1,2,-1
102,3083,10,4,2,1,0,120,50,-1,2,-1
103,3084,-1,0,-1,-1,-1,-1,-1,-1,-1,-1
104,3085,9,7,1,1,0,110,-1,-1,2,-1
105,3086,14,1,1,1,0,160,60,-1,-1,-1
106,3087,14,1,1,1,0,160,60,-1,-1,-1
107,3088,14,1,1,2,0,160,60,-1,-1,-1
108,3089,5,7,2,4,0,60,-1,20,1,20
109,3090,4,7,1,1,0,160,20,20,1,200
110,3091,7,7,1,1,0,-1,40,-1,2,-1
111,3092,5,7,1,4,0,60,-1,-1,2,-1
112,3093,-1,0,-1,-1,-1,-1,-1,-1,-1,-1
113,3094,11,1,1,4,0,100,-1,-1,-1,-1
114,3095,11,1,1,4,0,100,-1,-1,-1,-1
115,3096,8,6,1,1,0,-2,30,-1,2,-1
116,3097,-1,0,-1,-1,-1,-1,-1,-1,-1,-1
117,3098,3,6,2,4,0,-1,-1,-1,-1,-1
118,3099,9,7,2,1,0,-1,-1,-1,-1,-1
119,3100,-1,0,-1,-1,-1,-1,-1,-1,-1,-1
120,3101,14,1,1,4,0,-1,-1,-1,-1,-1
121,3102,14,1,1,1,0,-1,-1,-1,-1,-1
122,3103,-1,0,-1,-1,-1,-1,-1,-1,-1,-1
123,3104,-1,0,-1,-1,-1,-1,-1,-1,-1,-1
124,3105,11,1,1,1,5,-1,-1,-1,-1,-1
125,3106,11,1,1,1,5,-1,-1,-1,-1,-1
126,3107,11,1,1,-1,0,-1,-1,-1,-1,-1
127,3108,11,1,1,-1,0,-1,-1,-1,-1,-1
128,3109,14,7,1,1,0,250,30,-1,2,-1
129,3110,16,1,1,1,0,-1,-1,-1,-1,-1
130,3111,16,1,1,4,0,-1,-1,-1,-1,-1
131,3112,5,4,1,4,0,120,-1,-1,2,-1
132,3113,5,4,1,-1,0,120,-1,-1,2,-1
133,3114,13,1,1,1,0,120,-1,-1,-1,-1
134,3115,13,1,1,4,0,120,-1,-1,-1,-1
135,3116,-1,0,-1,-1,-1,-1,-1,-1,-1,-1
136,3117,-1,0,-1,-1,-1,-1,-1,-1,-1,-1
137,3118,10,4,2,1,1,220,50,-1,1,500
138,3119,10,4,2,1,1,220,50,-1,1,500
139,3120,10,4,2,-1,0,220,50,-1,1,500
140,3121,-1,0,-1,-1,-1,-1,-1,-1,-1,-1
141,3122,9,7,1,4,0,-1,-1,-1,2,-1
142,3123,14,7,1,1,0,130,50,-1,-1,-1
143,3124,16,1,1,4,0,-1,-1,-1,-1,-1
144,3125,16,1,1,4,0,-1,-1,-1,-1,-1
145,3126,15,1,7,1,3,120,70,60,2,-1
146,3127,15,1,1,1,3,120,70,60,2,-1
147,3128,15,1,7,-1,0,120,70,60,2,-1
148,3129,15,1,7,-1,0,120,70,60,2,-1
149,3130,6,7,1,4,0,110,20,-1,-1,-1
150,3131,8,6,2,1,0,50,20,-1,2,-1
151,3132,-1,0,-1,-1,-1,-1,-1,-1,-1,-1
152,3133,-1,0,-1,-1,-1,-1,-1,-1,-1,-1
153,3134,15,6,1,4,0,80,30,-1,-1,-1
154,3135,11,1,1,4,0,100,50,-1,-1,-1
155,3136,11,1,1,4,0,100,50,-1,-1,-1
156,3137,12,1,1,4,0,130,50,-1,-1,-1
157,3138,12,1,1,4,0,130,50,-1,-1,-1
158,3139,15,6,2,4,0,-1,-2,-1,-1,-1
159,3140,16,1,1,1,0,180,20,-1,-1,-1
160,3141,16,1,1,1,0,180,20,-1,-1,-1
161,3142,16,1,1,1,0,180,20,-1,-1,-1
162,3143,-1,0,-1,-1,-1,-1,-1,-1,-1,-1
163,3144,-1,0,-1,-1,-1,-1,-1,-1,-1,-1
164,3145,-1,0,-1,-1,-1,-1,-1,-1,-1,-1
165,3146,-1,0,-1,-1,-1,-1,-1,-1,-1,-1
166,3147,10,6,2,1,0,80,4,-1,2,-1
167,3148,-1,0,-1,-1,-1,-1,-1,-1,-1,-1
168,3149,-1,0,-1,-1,-1,-1,-1,-1,-1,-1
169,3150,6,7,1,4,0,40,-1,-1,2,-1
170,3151,13,1,2,1,0,-1,40,-1,-1,-1
171,3152,13,1,2,1,0,-1,40,-1,-1,-1
172,3153,13,1,2,4,0,-1,40,-1,-1,-1
173,3154,12,1,2,1,0,350,80,100,2,-1
174,3155,12,1,2,1,0,350,80,100,2,-1
175,3156,10,3,2,4,0,50,-1,-1,-1,-1
176,3157,10,3,2,4,0,50,-1,-1,-1,-1
177,3158,-1,0,-1,-1,-1,-1,-1,-1,-1,-1
178,3159,-1,0,-1,-1,-1,-1,-1,-1,-1,-1
179,3160,-1,0,-1,-1,-1,-1,-1,-1,-1,-1
180,3161,3,7,2,4,0,100,-1,30,1,190
181,3162,-1,0,-1,-1,-1,-1,-1,-1,-1,-1
182,3163,-1,0,-1,-1,-1,-1,-1,-1,-1,-1
183,3164,2,3,2,4,0,-2,-1,50,2,-1
184,3165,2,3,2,4,0,-2,-1,50,2,-1
185,3166,2,7,2,4,0,-1,-1,-1,1,100
186,3167,-1,0,-1,-1,-1,-1,-1,-1,-1,-1
187,3168,-1,0,-1,-1,-1,-1,-1,-1,-1,-1
188,3169,10,1,1,1,0,-1,-1,-1,-1,-1
189,3170,10,1,1,1,0,-1,-1,-1,-1,-1
190,3171,13,7,2,1,0,100,80,-1,-1,-1
191,3172,13,1,2,1,4,80,40,-1,-1,-1
192,3173,13,1,2,1,4,80,40,-1,-1,-1
193,3174,13,1,2,4,0,80,40,-1,-1,-1
194,7557,5,7,1,4,0,-1,-1,-1,-1,-1
195,7558,11,3,1,1,0,100,150,-1,-1,-1
196,7559,11,3,1,2,0,100,150,-1,-1,-1
197,7560,16,1,1,1,0,50,30,-1,-1,-1
198,7561,16,1,1,1,0,50,30,-1,-1,-1
199,7562,12,6,1,1,0,80,200,-1,-1,-1
200,7563,7,4,1,4,0,-1,-1,-1,-1,-1
201,7564,7,4,1,4,0,-1,-1,-1,-1,-1
202,7565,-1,0,-1,-1,-1,-1,-1,-1,-1,-1
203,7566,7,4,2,1,10,130,120,-1,1,500
204,7567,7,4,2,4,1,130,120,-1,1,500
205,7568,7,4,2,-1,0,130,120,-1,1,500
206,7569,7,4,2,-1,0,130,120,-1,1,500
207,7570,7,6,2,4,0,-1,-1,-1,-1,-1
208,7571,3,6,2,4,0,-1,-1,-1,-1,-1
209,7572,3,6,2,4,0,-1,-1,-1,-1,-1
210,7573,4,7,2,4,0,-1,-1,-1,1,180
211,7574,13,1,2,4,0,60,-1,-1,-1,-1
212,7575,13,1,4,1,0,60,-1,-1,-1,-1
213,7576,12,4,2,4,0,-1,-1,-1,-1,-1
214,7577,12,4,2,2,0,-1,-1,-1,-1,-1
215,7578,15,1,2,4,0,150,150,-1,-1,-1
216,7579,15,1,1,1,0,150,150,-1,-1,-1
217,7580,5,7,1,4,0,60,-1,-1,1,-3
218,7581,-1,0,-1,-1,-1,-1,-1,-1,-1,-1
219,7582,-1,0,-1,-1,-1,-1,-1,-1,-1,-1
220,7583,-1,0,-1,-1,-1,-1,-1,-1,-1,-1
221,7584,12,1,1,1,0,-1,40,-1,-1,-1
222,7585,12,1,1,1,0,-1,40,-1,-1,-1
223,7586,-1,0,-1,-1,-1,-1,-1,-1,-1,-1
224,7587,-1,0,-1,-1,-1,-1,-1,-1,-1,-1
225,7588,-1,0,-1,-1,-1,-1,-1,-1,-1,-1
226,7589,6,6,1,4,0,-1,-1,-1,-1,-1
227,7590,14,6,2,1,0,200,-1,-1,-1,-1
228,7591,5,7,1,4,0,-1,-1,-1,-1,-1
229,7592,10,3,2,1,0,-1,-1,-1,-1,-1
230,7593,10,3,2,4,0,-1,-1,-1,-1,-1
231,7594,9,6,1,1,0,30,20,-1,-1,-1
232,7595,-1,0,-1,-1,-1,-1,-1,-1,-1,-1
233,7596,-1,0,-1,-1,-1,-1,-1,-1,-1,-1
234,7597,14,1,2,1,0,-1,40,80,2,-1
235,7598,14,1,2,4,0,-1,40,80,2,-1
236,7599,14,1,2,2,0,-1,40,80,2,-1
237,7600,14,1,2,4,0,-1,40,80,2,-1
238,7601,14,1,2,1,0,-1,40,80,2,-1
239,7602,11,1,2,1,6,250,50,-1,-1,-1
240,7603,11,1,2,1,6,250,50,-1,-1,-1
241,7604,11,1,2,-1,0,250,50,-1,-1,-1
242,7605,11,1,2,-1,0,250,50,-1,-1,-1
243,7606,11,1,2,-1,0,250,50,-1,-1,-1
244,7607,7,1,1,4,0,100,-1,-1,2,-1
245,7608,7,1,1,4,0,100,-1,-1,2,-1
246,7609,15,1,1,1,0,-1,100,-1,-1,-1
247,7610,15,1,1,1,0,-1,100,-1,-1,-1
248,7611,15,1,1,2,0,-1,100,-1,-1,-1
249,7612,15,1,1,1,0,-1,100,-1,-1,-1
250,7613,7,1,2,4,13,100,50,200,1,600
251,7614,7,1,2,4,13,100,50,200,1,600
252,7615,7,1,2,4,0,100,50,200,1,600
253,7616,7,1,2,4,0,100,50,200,1,600
254,7617,7,1,2,-1,0,100,50,200,1,600
255,7618,7,1,2,-1,0,100,50,200,1,600
256,7619,12,6,1,1,0,-1,-1,-1,-1,-1
257,7620,-1,0,-1,-1,-1,-1,-1,-1,-1,-1
258,7621,6,1,2,1,0,-1,-1,-1,-1,-1
259,7622,6,1,2,2,0,-1,-1,-1,-1,-1
260,7623,6,4,2,1,4,80,60,-1,1,220
261,7624,6,4,2,2,0,80,60,-1,1,220
262,7625,6,4,2,2,0,80,60,-1,1,220
263,7626,12,1,1,1,0,250,-1,-1,-1,-1
264,7627,12,1,1,4,0,250,-1,-1,-1,-1
265,7628,7,1,1,4,0,200,-1,-1,-1,-1
266,7629,7,1,1,4,0,200,-1,-1,-1,-1
267,7630,-1,0,-1,-1,-1,-1,-1,-1,-1,-1
268,7631,16,1,2,1,4,180,-1,-1,-1,-1
269,7632,16,1,2,1,4,180,-1,-1,-1,-1
270,7633,16,1,2,4,0,180,-1,-1,-1,-1
271,7634,16,1,2,-1,0,180,-1,-1,-1,-1
272,7635,-1,0,-1,-1,-1,-1,-1,-1,-1,-1
273,7636,8,1,2,2,5,200,-1,80,-1,-1
274,7637,8,1,2,1,5,200,-1,80,-1,-1
275,7638,8,1,2,-1,0,200,-1,80,-1,-1
276,7639,8,1,2,-1,0,200,-1,80,-1,-1
277,7640,-1,0,-1,-1,-1,-1,-1,-1,-1,-1
278,7641,-1,0,-1,-1,-1,-1,-1,-1,-1,-1
279,7642,1,7,1,4,0,40,-1,20,2,-1
280,7643,-1,0,-1,-1,-1,-1,-1,-1,-1,-1
281,7644,12,6,1,1,0,-1,-1,-1,-1,-1
282,7645,12,4,2,1,0,150,20,-1,2,-1
283,7646,12,4,2,4,5,150,20,-1,2,-1
284,7647,12,4,2,-1,0,150,20,-1,2,-1
285,7648,12,4,2,-1,0,150,20,-1,2,-1
286,7649,11,1,2,4,0,-1,-1,-1,-1,-1
287,7650,11,1,2,4,0,-1,-1,-1,-1,-1
288,7651,9,7,1,4,0,200,-1,-1,-1,-1
289,7652,-1,0,-1,-1,-1,-1,-1,-1,-1,-1
290,7653,6,7,1,4,0,100,10,50,2,-1
291,7654,-1,0,-1,-1,-1,-1,-1,-1,-1,-1
292,7655,-1,0,-1,-1,-1,-1,-1,-1,-1,-1
293,7656,-1,0,-1,-1,-1,-1,-1,-1,-1,-1
294,7657,16,7,1,4,0,130,60,-1,-1,-1
295,7658,12,4,1,1,10,-1,80,100,2,-1
296,7659,12,4,1,4,0,-1,80,100,2,-1
297,7660,12,4,1,-1,0,-1,80,100,2,-1
298,7661,11,6,1,4,0,-2,-1,-1,-1,-1
299,7662,8,6,1,4,0,80,-1,-2,2,-1
300,7663,-1,0,-1,-1,-1,-1,-1,-1,-1,-1
301,7664,6,6,1,4,0,-1,-1,-1,-1,-1
302,7665,-1,0,-1,-1,-1,-1,-1,-1,-1,-1
303,7666,12,6,1,1,0,150,-1,-1,-1,-1
304,7667,-1,0,-1,-1,-1,-1,-1,-1,-1,-1
305,7668,5,1,2,1,0,250,-1,-1,2,-1
306,7669,5,1,2,1,0,250,-1,-1,2,-1
307,7670,5,1,2,1,1,250,-1,-1,2,-1
308,7671,5,1,2,-1,0,250,-1,-1,2,-1
309,7672,-1,0,-1,-1,-1,-1,-1,-1,-1,-1
310,7673,4,1,1,4,0,-1,-1,-1,-1,-1
311,7674,4,1,1,4,0,-1,-1,-1,-1,-1
312,7675,10,6,4,4,0,-1,-1,-1,-1,-1
313,7676,-1,0,-1,-1,-1,-1,-1,-1,-1,-1
314,7677,9,7,2,4,0,4,4,-1,-1,-1
315,7678,11,7,1,1,0,-1,-1,-1,-1,-1
316,7679,8,6,2,1,0,40,-1,-1,-1,-1
317,7680,-1,0,-1,-1,-1,-1,-1,-1,-1,-1
318,7681,-1,0,-1,-1,-1,-1,-1,-1,-1,-1
319,7682,-1,0,-1,-1,-1,-1,-1,-1,-1,-1
320,7683,-1,0,-1,-1,-1,-1,-1,-1,-1,-1
321,7684,-1,0,-1,-1,-1,-1,-1,-1,-1,-1
322,9612,14,1,1,1,10,200,4,-1,-1,-1
323,9613,14,1,1,4,10,200,4,-1,-1,-1
324,9614,14,1,1,-1,0,200,4,-1,-1,-1
325,9615,14,1,1,-1,0,200,4,-1,-1,-1
326,9616,10,1,2,1,0,150,-1,-1,2,-1
327,9617,10,1,2,4,0,150,-1,-1,2,-1
328,9618,3,7,2,4,0,30,4,40,1,-3
329,9619,4,1,1,4,0,60,40,-1,2,-1
330,9620,4,1,1,4,0,60,40,-1,2,-1
331,9621,12,6,1,4,0,150,-1,-1,2,-1
332,9622,12,6,1,4,0,150,-1,-1,2,-1
333,9623,13,7,2,4,0,-1,-1,-1,-1,-1
334,9624,6,3,2,4,0,100,-1,40,1,70
335,9625,6,3,1,4,0,100,-1,40,1,70
336,9626,6,3,1,4,0,100,-1,40,1,70
337,9627,15,1,1,1,3,-1,-1,-1,-1,-1
338,9628,15,1,1,1,3,-1,-1,-1,-1,-1
339,9629,15,1,1,4,0,-1,-1,-1,-1,-1
340,9630,15,1,1,-1,0,-1,-1,-1,-1,-1
341,9631,15,1,2,4,0,200,30,-1,2,-1
342,9632,15,1,2,1,0,200,30,-1,2,-1
343,9633,15,1,2,1,0,200,30,-1,2,-1
344,9634,14,1,1,2,0,150,50,-1,-1,-1
345,9635,14,1,1,1,0,150,50,-1,-1,-1
346,9636,14,1,1,4,0,150,50,-1,-1,-1
347,9637,10,1,1,1,0,100,20,-1,-1,-1
348,9638,10,1,1,4,0,100,20,-1,-1,-1
349,9639,10,1,1,4,0,-1,-1,-1,-1,-1
350,9640,10,1,1,4,0,-1,-1,-1,-1,-1
351,9641,15,7,1,4,0,300,20,-1,-1,-1
352,9642,8,1,2,4,0,180,-1,50,2,-1
353,9643,8,1,2,4,0,180,-1,50,2,-1
354,9644,8,1,2,4,0,180,-1,50,2,-1
355,9645,8,7,1,4,0,30,-1,10,2,-1
356,9646,3,6,2,4,0,-1,-1,-1,-1,-1
357,9647,13,7,2,1,0,-1,-1,-1,-1,-1
358,11360,12,4,2,4,0,-1,-1,-1,-1,-1
359,11361,12,4,2,1,0,-1,-1,-1,-1,-1
360,11362,12,4,2,1,0,-1,-1,-1,-1,-1
361,11363,13,1,1,4,0,50,20,-1,-1,-1
362,11364,13,1,1,4,0,50,20,-1,-1,-1
363,11365,10,1,1,4,0,-1,-1,-1,-1,-1
364,11366,10,1,1,4,0,-1,-1,-1,-1,-1
365,11367,10,1,1,4,0,-1,-1,-1,-1,-1
366,11368,16,1,1,1,0,130,150,-1,-1,-1
367,11369,16,1,1,1,0,130,150,-1,-1,-1
368,11370,8,1,1,4,0,110,-1,50,2,-1
369,11371,8,1,1,4,0,110,-1,50,2,-1
370,11372,8,6,1,4,0,50,30,-1,2,-1
371,11373,13,1,1,1,0,80,60,-1,-1,-1
372,11374,13,1,1,4,0,80,60,-1,-1,-1
373,11375,13,1,1,4,0,80,60,-1,-1,-1
374,11376,11,1,1,1,0,90,40,-1,-1,-1
375,11377,11,1,1,4,0,90,40,-1,-1,-1
376,11378,11,6,2,4,0,-1,-1,-1,-1,-1
377,11379,12,7,4,4,0,-1,-1,-1,-1,-1
378,11380,15,1,1,4,0,-2,-1,-1,-1,-1
379,11381,15,1,1,4,0,-2,-1,-1,-1,-1
380,11382,4,1,7,1,4,100,50,-1,2,-1
381,11383,4,1,7,4,4,100,50,-1,2,-1
382,11384,4,1,7,1,0,100,50,-1,2,-1
383,11385,10,1,1,4,0,150,-2,-1,2,-1
384,11386,10,1,1,1,0,150,-2,-1,2,-1
385,11387,10,1,1,1,0,150,-2,-1,2,-1
386,11388,10,6,1,1,0,30,4,-1,2,-1
387,11389,11,1,1,1,1,80,30,-1,-1,-1
388,11390,11,1,1,4,1,80,30,-1,-1,-1
389,11391,11,1,1,-1,0,80,30,-1,-1,-1
390,11392,12,1,1,1,0,120,-1,-1,2,-1
391,11393,12,1,1,4,0,120,-1,-1,2,-1
392,25641,15,7,2,4,0,-1,-1,-1,-1,-1
393,25642,11,1,1,4,10,-1,-1,-1,-1,-1
394,25643,11,1,1,1,10,-1,-1,-1,-1,-1
395,25644,11,1,1,4,0,-1,-1,-1,-1,-1
396,25645,11,1,1,-1,0,-1,-1,-1,-1,-1
397,25646,11,1,1,-1,0,-1,-1,-1,-1,-1
398,25647,11,1,1,-1,0,-1,-1,-1,-1,-1
399,25648,6,6,1,4,0,-1,-1,-1,-1,-1
400,25649,3,7,2,4,0,80,20,30,1,160
401,25650,11,4,1,4,0,150,-1,50,-1,-1
402,25651,11,4,1,4,0,150,-1,50,-1,-1
403,25652,-1,0,-1,-1,-1,-1,-1,-1,-1,-1
404,25653,10,4,2,4,0,40,20,-1,2,-1
405,25654,10,4,2,4,0,40,20,-1,2,-1
406,25655,16,1,2,1,0,50,-1,-1,-1,-1
407,25656,16,1,2,1,0,50,-1,-1,-1,-1
408,25657,15,7,1,1,0,130,-1,-1,-1,-1
409,25658,9,7,1,4,0,-1,-1,-1,-1,-1
410,25659,13,1,1,4,0,-1,-1,-1,-1,-1
411,25660,13,1,1,4,0,-1,-1,-1,-1,-1
412,25661,12,7,2,1,0,80,-1,-1,-1,-1
413,25662,16,1,1,1,3,120,60,-1,-1,-1
414,25663,16,1,1,1,3,120,60,-1,-1,-1
415,25664,16,1,1,-1,0,120,60,-1,-1,-1
416,25665,16,1,1,-1,0,120,60,-1,-1,-1
417,25666,1,7,1,4,0,-1,-1,-1,2,-1
418,25667,10,1,1,4,0,100,30,-1,-1,-1
419,25668,10,1,1,4,0,100,30,-1,-1,-1
420,25669,4,7,2,4,0,100,-1,-1,2,-1
421,25670,12,1,1,4,0,80,20,-1,-1,-1
422,25671,12,1,1,1,0,80,20,-1,-1,-1
423,25672,-1,0,-1,-1,-1,-1,-1,-1,-1,-1
424,25673,-1,0,-1,-1,-1,-1,-1,-1,-1,-1
425,25674,13,1,2,1,0,150,-1,-1,-1,-1
426,25675,13,1,2,1,0,150,-1,-1,-1,-1
427,25676,11,7,1,4,0,70,-1,-1,-1,-1
428,25677,14,1,1,1,0,80,60,-1,-1,-1
429,25678,14,1,1,1,0,80,60,-1,-1,-1
430,25679,14,1,1,4,0,100,50,-1,-1,-1
431,25680,14,1,1,4,0,100,50,-1,-1,-1
432,25681,10,6,1,4,0,60,30,-1,-1,-1
433,25682,7,4,1,4,0,60,-1,-1,2,-1
434,25683,7,4,1,1,0,60,-1,-1,2,-1
435,25684,14,7,2,4,0,60,-1,-1,-1,-1
436,25685,-1,0,-1,-1,-1,-1,-1,-1,-1,-1
437,25686,11,3,1,1,4,350,90,-1,-1,-1
438,25687,11,3,1,1,0,350,90,-1,-1,-1
439,25688,11,3,1,4,0,350,90,-1,-1,-1
440,25689,7,6,1,1,0,200,-1,30,2,-1
441,25690,7,6,1,4,0,200,-1,30,2,-1
442,25691,-1,0,-1,-1,-1,-1,-1,-1,-1,-1
443,25692,5,4,2,4,0,350,-1,-1,1,180
444,25693,5,4,2,4,0,350,-1,-1,1,180
445,25694,5,4,2,4,0,350,-1,-1,1,180
446,25695,5,4,2,-1,0,350,-1,-1,1,180
447,25696,-1,0,-1,-1,-1,-1,-1,-1,-1,-1
448,25697,12,1,1,4,0,300,-1,-1,-1,-1
449,25698,12,1,1,4,0,300,-1,-1,-1,-1
450,25699,-1,0,-1,-1,-1,-1,-1,-1,-1,-1
451,25700,-1,0,-1,-1,-1,-1,-1,-1,-1,-1
452,25701,-1,0,-1,-1,-1,-1,-1,-1,-1,-1
453,25702,9,7,1,4,0,140,-1,-1,-1,-1
454,25703,14,1,1,1,0,200,-1,-1,-1,-1
455,25704,14,1,1,1,0,200,-1,-1,-1,-1
456,25705,14,1,1,4,0,200,-1,-1,-1,-1
457,25706,14,1,1,4,0,50,-1,-1,-1,-1
458,25707,14,1,1,4,0,50,-1,-1,-1,-1
459,25708,12,6,1,1,0,90,-1,-1,-1,-1
460,25709,7,6,1,4,0,130,-1,-1,2,-1
461,25710,6,6,1,1,0,150,-1,-1,2,-1
462,25711,6,6,1,1,0,150,-1,-1,2,-1
463,25712,-1,0,-1,-1,-1,-1,-1,-1,-1,-1
464,25713,9,1,1,4,0,130,-1,-1,2,-1
465,25714,9,1,1,1,0,130,-1,-1,2,-1
466,25715,5,6,1,4,0,4,-1,30,2,-1
467,25716,-1,0,-1,-1,-1,-1,-1,-1,-1,-1
468,25717,-1,0,-1,-1,-1,-1,-1,-1,-1,-1
469,25718,-1,0,-1,-1,-1,-1,-1,-1,-1,-1
470,25719,11,4,1,4,0,100,20,150,2,-1
471,25720,11,4,1,1,0,100,20,150,2,-1
472,25721,11,4,1,4,0,100,20,150,2,-1
473,25722,2,7,2,4,0,-1,-1,-1,1,170
474,25723,5,7,2,4,0,220,-1,-1,1,120
475,25724,-1,0,-1,-1,-1,-1,-1,-1,-1,-1
476,25725,10,1,2,1,0,-2,60,-1,-1,-1
477,25726,10,1,2,1,0,-2,60,-1,-1,-1
478,25727,14,7,2,4,0,80,-1,-1,-1,-1
479,25728,9,6,2,1,0,-1,80,-1,-1,-1
480,25729,11,7,2,1,0,-1,100,-1,-1,-1
481,25730,4,6,2,1,0,80,10,100,2,-1
482,25731,8,7,2,1,0,150,-1,60,2,-1
483,25732,-1,0,-1,-1,-1,-1,-1,-1,-1,-1
484,25733,8,7,2,4,0,-1,30,-1,1,70
485,25734,11,1,1,4,0,-1,-1,20,-1,-1
486,25735,11,1,1,4,0,-1,-1,20,-1,-1
487,25736,6,6,1,1,0,30,30,-1,2,-1
488,25737,3,4,2,4,0,60,-1,-1,1,90
489,25738,3,4,2,4,0,60,-1,-1,1,90
490,25739,1,6,2,4,0,-1,-1,50,2,-1
491,25740,9,1,2,4,0,20,-1,50,2,-1
492,25741,9,1,2,4,0,20,-1,50,2,-1
493,25742,2,6,2,4,0,-1,-1,40,1,110
494,25743,10,6,2,4,0,-1,-1,-1,-1,-1
495,25744,12,1,1,1,0,-1,-1,-1,-1,-1
496,25745,12,1,1,1,0,-1,-1,-1,-1,-1
497,25746,-1,0,-1,-1,-1,-1,-1,-1,-1,-1
498,25747,13,1,1,4,0,100,70,-1,-1,-1
499,25748,13,1,1,4,0,100,70,-1,-1,-1
500,25749,13,4,1,1,8,-1,-1,-1,-1,-1
501,25750,13,4,1,1,0,-1,-1,-1,-1,-1
502,25751,13,4,1,-1,0,-1,-1,-1,-1,-1
503,25752,13,4,1,-1,0,-1,-1,-1,-1,-1
504,25753,-1,0,-1,-1,-1,-1,-1,-1,-1,-1
505,25754,-1,0,-1,-1,-1,-1,-1,-1,-1,-1
506,25755,3,3,1,4,0,100,30,-1,-1,-1
507,25756,3,3,1,4,0,100,30,-1,-1,-1
508,25757,10,1,1,4,0,-1,-1,-1,-1,-1
509,25758,10,1,1,4,0,-1,-1,-1,-1,-1
510,25759,-1,0,-1,-1,-1,-1,-1,-1,-1,-1
511,25760,16,2,2,-1,0,70,60,-1,-1,-1
512,25761,16,2,2,1,0,70,60,-1,-1,-1
513,25762,4,6,1,1,0,-1,30,-1,2,-1
514,25763,-1,0,-1,-1,-1,-1,-1,-1,-1,-1
515,25764,14,1,1,1,10,200,40,-1,-1,-1
516,25765,14,1,1,1,10,200,40,-1,-1,-1
517,25766,14,1,1,4,0,200,40,-1,-1,-1
518,25767,14,1,1,-1,0,200,40,-1,-1,-1
519,25768,-1,0,-1,-1,-1,-1,-1,-1,-1,-1
520,25769,-1,0,-1,-1,-1,-1,-1,-1,-1,-1
521,25770,14,1,2,1,0,140,60,-1,-1,-1
522,25771,14,1,2,4,0,140,60,-1,-1,-1
523,25772,-1,0,-1,-1,-1,-1,-1,-1,-1,-1
524,25773,4,6,2,4,0,40,-1,-1,1,20
525,25774,11,7,2,4,0,40,-1,-1,-1,-1
526,25775,-1,0,-1,-1,-1,-1,-1,-1,-1,-1
527,25776,-1,0,-1,-1,-1,-1,-1,-1,-1,-1
528,25777,-1,0,-1,-1,-1,-1,-1,-1,-1,-1
529,25778,-1,0,-1,-1,-1,-1,-1,-1,-1,-1
530,25779,9,7,1,4,0,-1,-1,-1,-1,-1
531,25780,-1,0,-1,-1,-1,-1,-1,-1,-1,-1
532,25781,11,4,1,1,0,-1,200,-1,-1,-1
533,25782,11,4,1,1,0,-1,200,-1,-1,-1
534,25783,6,1,2,4,0,-1,-1,-1,1,300
535,25784,6,1,2,4,0,-1,-1,-1,1,300
536,25785,6,1,2,4,0,-1,-1,-1,1,300
537,25786,14,6,1,4,0,50,-1,-1,-1,-1
538,25787,12,6,1,1,0,-1,-1,-1,-1,-1
539,25788,16,1,1,1,0,-1,-1,-1,-1,-1
540,25789,16,1,1,1,0,-1,-1,-1,-1,-1
541,25790,-1,0,-1,-1,-1,-1,-1,-1,-1,-1
542,25791,-1,0,-1,-1,-1,-1,-1,-1,-1,-1
543,25792,-1,0,-1,-1,-1,-1,-1,-1,-1,-1
544,25793,15,1,1,1,0,170,-1,-1,-1,-1
545,25794,15,1,1,1,0,170,-1,-1,-1,-1
546,25795,11,7,2,1,0,80,40,50,-1,-1
547,25796,11,7,2,1,0,80,40,50,-1,-1
548,25797,14,10,1,4,0,-1,-1,-1,-1,-1
549,25798,1,7,2,4,0,-1,-1,-1,-1,-1
550,25799,14,7,1,4,0,-1,-1,-1,-1,-1
551,25800,14,7,1,4,0,-1,-1,-1,-1,-1
552,25801,14,7,2,4,0,-1,-1,-1,-1,-1
553,25802,15,6,1,1,0,50,20,-1,-1,-1
554,25803,15,1,1,1,4,210,20,-1,-1,-1
555,25804,15,1,1,1,4,210,20,-1,-1,-1
556,25805,15,1,1,-1,0,210,20,-1,-1,-1
557,25806,5,7,1,4,0,-1,-1,-1,-1,-1
558,25807,-1,0,-1,-1,-1,-1,-1,-1,-1,-1
559,25808,15,1,1,1,8,-1,-1,-1,-1,-1
560,25809,15,1,1,1,8,-1,-1,-1,-1,-1
561,25810,15,1,1,4,0,-1,-1,-1,-1,-1
562,25811,15,1,1,-1,0,-1,-1,-1,-1,-1
563,25812,15,1,1,-1,0,-1,-1,-1,-1,-1
564,25813,15,1,1,-1,0,-1,-1,-1,-1,-1
565,25814,15,1,1,-1,0,-1,-1,-1,-1,-1
566,25815,15,1,1,4,0,-1,-1,-1,-1,-1
567,25816,4,7,1,4,0,30,-1,-1,2,-1
568,25817,-1,0,-1,-1,-1,-1,-1,-1,-1,-1
569,25818,13,1,1,1,0,100,100,-1,-1,-1
570,25819,13,1,1,1,0,100,100,-1,-1,-1
571,25820,5,6,2,4,0,60,-1,30,2,-1
572,25821,2,4,2,2,3,50,-1,100,1,200
573,25822,2,4,2,-1,0,50,-1,100,1,200
574,25823,-1,0,-1,-1,-1,-1,-1,-1,-1,-1
575,25824,13,1,1,1,11,-1,-1,-1,-1,-1
576,25825,13,1,1,1,11,-1,-1,-1,-1,-1
577,25826,13,1,1,-1,0,-1,-1,-1,-1,-1
578,25827,13,1,1,-1,0,-1,-1,-1,-1,-1
579,25828,13,1,1,-1,0,-1,-1,-1,-1,-1
580,25829,11,7,1,1,0,-1,-1,-1,-1,-1
581,25830,13,1,1,1,8,170,-1,-1,-1,-1
582,25831,13,1,1,4,8,170,-1,-1,-1,-1
583,25832,13,1,1,-1,0,170,-1,-1,-1,-1
584,25833,13,1,1,-1,0,170,-1,-1,-1,-1
585,25834,2,7,1,4,0,60,30,-1,-1,-1
586,25835,5,7,2,4,0,50,-1,50,2,-1
587,25836,-1,0,-1,-1,-1,-1,-1,-1,-1,-1
588,25837,15,1,1,1,0,150,100,-1,-1,-1
589,25838,15,1,1,1,0,150,100,-1,-1,-1
590,25839,13,1,1,1,0,120,-1,-1,-1,-1
591,25840,13,1,1,4,0,120,-1,-1,-1,-1
592,25841,5,4,2,4,0,100,20,100,1,170
593,25842,5,4,6,4,2,100,20,100,1,170
594,25843,5,4,6,1,0,100,20,100,1,170
595,25844,5,4,6,-1,0,100,20,100,1,170
596,25845,14,1,16,4,0,30,-1,10,-1,-1
597,25846,14,1,2,1,0,30,-1,10,-1,-1
598,25847,3,4,2,4,0,-1,-1,-1,1,260
599,25848,3,4,2,-1,0,-1,-1,-1,1,260
600,25849,3,4,3,4,0,-1,-1,-1,1,260
601,25850,5,4,1,4,0,-2,-1,-1,2,-1
602,25851,5,4,1,1,0,-2,-1,-1,2,-1
603,25852,15,1,1,4,0,80,-1,20,-1,-1
604,25853,15,1,1,4,0,80,-1,20,-1,-1
605,25854,15,1,1,1,4,250,50,-1,-1,-1
606,25855,15,1,1,1,4,250,50,-1,-1,-1
607,25856,15,1,1,4,0,250,50,-1,-1,-1
608,25857,-1,0,-1,-1,-1,-1,-1,-1,-1,-1
609,25858,-1,0,-1,-1,-1,-1,-1,-1,-1,-1
610,25859,-1,0,-1,-1,-1,-1,-1,-1,-1,-1
611,25860,11,1,2,1,0,80,-1,10,-1,-1
612,25861,11,1,2,1,0,80,-1,10,-1,-1
613,25862,6,6,2,4,0,150,20,-1,-1,-1
614,25863,11,4,1,1,0,-1,-1,-1,-1,-1
615,25864,11,4,1,1,0,-1,-1,-1,-1,-1
616,25865,14,1,2,1,0,70,-1,-1,2,-1
617,25866,14,1,2,1,0,70,-1,-1,2,-1
618,25867,12,3,2,3,0,60,-1,-1,2,-1
619,25868,12,3,2,4,0,60,-1,-1,2,-1
620,25869,13,1,1,4,0,-1,-1,-1,-1,-1
621,25870,13,1,1,4,0,-1,-1,-1,-1,-1
622,25871,7,7,1,4,0,100,-1,-1,2,-1
623,25872,13,6,1,4,0,-1,-1,-1,-1,-1
624,25873,9,6,1,4,0,-1,-1,-1,-1,-1
625,25874,13,1,1,1,1,200,-1,-1,-1,-1
626,25875,13,1,1,1,1,200,-1,-1,-1,-1
627,25876,13,1,1,-1,0,200,-1,-1,-1,-1
628,25877,-1,0,-1,-1,-1,-1,-1,-1,-1,-1
629,25878,-1,0,-1,-1,-1,-1,-1,-1,-1,-1
630,25879,13,4,1,4,0,150,70,-1,-1,-1
631,25880,13,4,1,1,0,150,70,-1,-1,-1
632,25881,13,4,1,4,0,150,70,-1,-1,-1
633,25882,13,4,1,1,0,150,70,-1,-1,-1
634,25883,7,6,1,4,0,80,-1,-1,2,-1
635,25884,15,6,2,1,0,100,-1,50,2,-1
636,25885,11,7,2,4,0,70,-1,-1,-1,-1
637,25886,1,7,2,4,0,120,50,30,1,30
638,25887,11,6,2,4,0,100,40,-1,-1,-1
639,25888,11,6,2,1,0,100,40,-1,-1,-1
640,25889,7,4,2,4,0,80,30,-1,2,-1
641,25890,7,4,2,1,0,80,30,-1,2,-1
642,25891,6,1,2,4,0,100,40,-1,1,350
643,25892,6,1,2,4,0,100,40,-1,1,350
644,25893,6,1,2,4,0,100,40,-1,1,350
645,25894,6,1,1,1,0,180,-1,-1,2,-1
646,25895,6,1,1,1,0,180,-1,-1,2,-1
647,25896,4,7,1,4,0,50,20,-1,2,-1
648,25897,16,7,1,1,0,150,-1,-1,-1,-1
649,25898,4,7,1,4,0,-1,-1,-1,-1,-1
650,25899,4,7,1,4,0,-1,-1,-1,-1,-1
651,32252,2,4,1,4,0,-1,-1,-1,-1,-1
652,32253,2,4,1,2,0,-1,-1,-1,-1,-1
653,32254,2,4,1,1,0,-1,-1,-1,-1,-1
654,32255,-1,0,-1,-1,-1,-1,-1,-1,-1,-1
655,32256,7,4,4,4,0,-1,-1,-1,-1,-1
656,32257,7,4,4,4,0,-1,-1,-1,-1,-1
657,32258,15,1,2,1,0,50,80,-1,-1,-1
658,32259,15,1,2,1,0,50,80,-1,-1,-1
659,32260,12,1,1,4,0,150,-1,-1,-1,-1
660,32261,12,1,1,1,0,150,-1,-1,-1,-1
661,32262,12,1,1,4,0,150,-1,-1,-1,-1
662,32263,8,1,1,1,8,100,50,-1,2,-1
663,32264,8,1,1,4,8,100,50,-1,2,-1
664,32265,8,1,1,-1,0,100,50,-1,2,-1
665,32266,8,1,1,-1,0,100,50,-1,2,-1
666,32267,12,1,1,4,0,100,-1,-1,-1,-1
667,32268,12,1,1,4,0,100,-1,-1,-1,-1
668,32269,5,1,1,4,1,150,100,-1,2,-1
669,32270,5,1,1,1,1,150,100,-1,2,-1
670,32271,5,1,1,-1,0,150,100,-1,2,-1
671,32272,-1,0,-1,-1,-1,-1,-1,-1,-1,-1
672,32273,13,7,1,4,0,-1,-1,-1,-1,-1
673,32274,-1,0,-1,-1,-1,-1,-1,-1,-1,-1
674,32275,3,7,2,4,0,190,-1,-1,1,190
675,32276,6,4,2,4,8,140,-1,-1,1,600
676,32277,6,4,2,-1,0,140,-1,-1,1,600
677,32278,6,4,2,-1,0,140,-1,-1,1,600
678,32279,6,4,2,-1,0,140,-1,-1,1,600
679,32280,15,1,1,4,0,200,80,-1,-1,-1
680,32281,15,1,1,4,0,200,80,-1,-1,-1
681,32282,15,1,1,4,0,200,80,-1,-1,-1
682,32283,5,1,1,1,3,250,50,-1,-1,-1
683,32284,5,1,21,4,3,250,50,-1,-1,-1
684,32285,5,1,21,-1,0,250,50,-1,-1,-1
685,32286,5,1,21,-1,0,250,50,-1,-1,-1
686,32287,5,1,21,-1,0,250,50,-1,-1,-1
687,32288,5,7,1,4,0,70,-1,60,2,-1
688,32289,15,1,1,1,3,-1,-1,-1,-1,-1
689,32290,15,1,1,1,3,-1,-1,-1,-1,-1
690,32291,15,1,1,-1,0,-1,-1,-1,-1,-1
691,32292,15,1,1,-1,0,-1,-1,-1,-1,-1
692,32293,6,3,1,4,0,-1,-1,-1,-1,-1
693,32294,6,3,1,4,0,-1,-1,-1,-1,-1
694,32295,16,1,1,1,3,350,100,-1,2,-1
695,32296,16,1,1,1,3,350,100,-1,2,-1
696,32297,16,1,1,-1,0,350,100,-1,2,-1
697,32298,16,1,1,-1,0,350,100,-1,2,-1
698,32299,4,7,1,1,0,50,-1,30,2,-1
699,32300,4,7,1,4,0,50,-1,30,2,-1
700,32301,-1,0,-1,-1,-1,-1,-1,-1,-1,-1
701,32302,15,6,1,1,0,60,20,-1,-1,-1
702,32303,-1,0,-1,-1,-1,-1,-1,-1,-1,-1
703,32304,13,1,1,4,0,100,-1,-1,-1,-1
704,32305,13,1,1,4,0,100,-1,-1,-1,-1
705,32306,15,1,2,2,0,150,-1,80,2,-1
706,32307,15,1,2,2,0,150,-1,80,2,-1
707,32308,13,1,2,1,4,130,-1,-1,-1,-1
708,32309,13,1,2,1,4,130,-1,-1,-1,-1
709,32310,13,1,2,-1,0,130,-1,-1,-1,-1
710,32311,7,1,2,1,3,100,-1,-1,2,-1
711,32312,7,1,2,4,3,100,-1,-1,2,-1
712,32313,7,1,2,-1,0,100,-1,-1,2,-1
713,32314,8,4,2,1,3,60,30,-1,1,200
714,32315,8,4,2,-1,0,60,30,-1,1,200
715,32316,-1,0,-1,-1,-1,-1,-1,-1,-1,-1
716,32317,12,1,1,1,0,150,20,-1,-1,-1
717,32318,12,1,1,1,0,150,20,-1,-1,-1
718,32319,7,3,2,1,0,100,-1,-1,2,-1
719,32320,7,3,2,1,0,100,-1,-1,2,-1
720,32321,10,1,1,4,0,-1,-1,-1,-1,-1
721,32322,10,1,1,4,0,-1,-1,-1,-1,-1
722,32323,14,6,1,1,0,80,30,-1,-1,-1
723,32324,5,7,1,4,0,-1,-1,-1,-1,-1
724,32325,9,3,1,1,9,200,4,-1,2,-1
725,32326,9,3,1,1,4,200,4,-1,2,-1
726,32327,9,3,1,-1,0,200,4,-1,2,-1
727,32328,9,3,1,-1,0,200,4,-1,2,-1
728,32329,-1,0,-1,-1,-1,-1,-1,-1,-1,-1
729,32330,12,1,1,1,0,50,-1,-1,-1,-1
730,32331,12,1,1,4,0,50,-1,-1,-1,-1
731,32332,12,1,1,1,0,50,-1,-1,-1,-1
732,32333,3,7,1,4,0,50,-1,-1,1,130
733,32334,-1,0,-1,-1,-1,-1,-1,-1,-1,-1
734,32335,-1,0,-1,-1,-1,-1,-1,-1,-1,-1
735,32336,-1,0,-1,-1,-1,-1,-1,-1,-1,-1
736,32337,-1,0,-1,-1,-1,-1,-1,-1,-1,-1
737,32338,-1,0,-1,-1,-1,-1,-1,-1,-1,-1
738,32339,4,1,2,4,0,-1,-1,-1,-1,-1
739,32340,4,1,2,4,0,-1,-1,-1,-1,-1
740,32341,12,6,1,1,0,110,20,-1,-1,-1
741,32342,9,1,1,4,0,-1,-1,-1,-1,-1
742,32343,9,1,1,4,0,-1,-1,-1,-1,-1
743,32344,10,7,1,4,0,110,20,-1,-1,-1
744,32345,10,7,1,1,0,110,20,-1,-1,-1
745,32346,8,6,1,1,0,110,-1,-1,2,-1
746,32347,8,6,1,1,0,110,-1,-1,2,-1
747,32348,1,6,2,4,0,-1,-1,-1,-1,-1
748,32349,8,4,2,4,1,150,-1,20,-1,-1
749,32350,8,4,2,-1,0,150,-1,20,-1,-1
750,32351,8,6,1,4,0,-1,-1,-1,2,-1
751,32352,16,1,1,1,0,200,-1,-1,-1,-1
752,32353,16,1,1,1,0,200,-1,-1,-1,-1
753,32354,7,3,2,1,0,-1,20,-1,-1,-1
754,32355,7,3,2,1,0,-1,20,-1,-1,-1
755,32356,11,1,1,1,0,150,-1,-1,-1,-1
756,32357,11,1,4,1,0,150,-1,-1,-1,-1
757,32358,14,1,1,1,0,170,-1,-1,-1,-1
758,32359,14,1,1,1,0,170,-1,-1,-1,-1
759,32360,14,1,1,1,2,170,-1,-1,-1,-1
760,32361,14,1,1,1,0,170,-1,-1,-1,-1
761,32362,14,1,1,-1,0,170,-1,-1,-1,-1
762,32363,4,7,6,4,0,-1,-1,-1,-1,-1
763,32364,13,4,1,1,0,-1,-1,-1,-1,-1
764,32365,13,4,1,4,0,-1,-1,-1,-1,-1
765,32366,13,4,1,1,0,-1,-1,-1,-1,-1
766,32367,14,1,1,1,0,-1,-1,-1,-1,-1
767,32368,14,1,1,4,0,-1,-1,-1,-1,-1
768,32369,-1,0,-1,-1,-1,-1,-1,-1,-1,-1
769,32370,15,1,1,1,0,200,30,-1,-1,-1
770,32371,15,1,1,1,0,200,30,-1,-1,-1
771,32372,15,1,1,1,1,200,30,-1,-1,-1
772,32373,15,1,1,-1,0,200,30,-1,-1,-1
773,32374,9,1,1,1,0,50,30,-1,2,-1
774,32375,9,1,1,4,0,50,30,-1,2,-1
775,32376,-1,0,-1,-1,-1,-1,-1,-1,-1,-1
776,32377,-1,0,-1,-1,-1,-1,-1,-1,-1,-1
777,32378,-1,0,-1,-1,-1,-1,-1,-1,-1,-1
778,32379,-1,0,-1,-1,-1,-1,-1,-1,-1,-1
779,32380,9,1,1,4,0,90,-1,-1,2,-1
780,32381,9,1,1,4,0,90,-1,-1,2,-1
781,32382,7,7,1,4,0,20,-1,-1,2,-1
782,32383,9,1,1,4,0,80,50,-1,2,-1
783,32384,9,1,1,4,0,80,50,-1,2,-1
784,32385,11,3,1,1,0,80,10,70,2,-1
785,32386,11,3,1,4,0,80,10,70,2,-1
786,32387,14,6,1,1,0,-1,50,-1,-1,-1
787,32388,-1,0,-1,-1,-1,-1,-1,-1,-1,-1
788,32389,3,1,1,4,0,100,-1,40,1,270
789,32390,3,1,1,2,0,100,-1,40,1,270
790,32391,-1,0,-1,-1,-1,-1,-1,-1,-1,-1
791,32392,-1,0,-1,-1,-1,-1,-1,-1,-1,-1
792,32393,-1,0,-1,-1,-1,-1,-1,-1,-1,-1
793,32394,7,1,2,1,0,90,-1,-1,-1,-1
794,32395,7,1,2,4,0,90,-1,-1,-1,-1
795,32396,14,1,2,4,0,100,40,30,-1,-1
796,32397,14,1,2,1,0,100,40,30,-1,-1
797,32398,6,6,2,1,0,80,-1,30,-1,-1
798,32399,5,4,2,1,0,50,20,20,-1,-1
799,32400,5,4,2,1,0,50,20,20,-1,-1
800,32401,5,4,2,4,0,50,20,20,-1,-1
801,32402,14,6,1,1,0,-1,-2,-1,-1,-1
802,32403,12,7,1,4,0,80,-1,-1,-1,-1
803,32404,11,6,1,4,0,-1,-1,-1,-1,-1
804,32405,14,1,2,1,0,200,200,-1,-1,-1
805,32406,14,1,2,1,0,200,200,-1,-1,-1
806,32407,-1,0,-1,-1,-1,-1,-1,-1,-1,-1
807,32408,-1,0,-1,-1,-1,-1,-1,-1,-1,-1
808,32409,15,1,1,1,0,80,90,-1,-1,-1
809,32410,15,1,1,1,0,80,90,-1,-1,-1
810,32411,1,6,1,2,0,30,-1,50,1,200
811,32412,13,7,1,4,0,80,30,-1,-1,-1
812,32413,1,7,2,4,0,90,-1,-1,2,-1
813,32414,-1,0,-1,-1,-1,-1,-1,-1,-1,-1
814,32415,-1,0,-1,-1,-1,-1,-1,-1,-1,-1
815,32416,-1,0,-1,-1,-1,-1,-1,-1,-1,-1
816,32417,-1,0,-1,-1,-1,-1,-1,-1,-1,-1
817,32418,11,4,2,1,4,70,-1,150,1,200
818,32419,11,4,2,4,0,70,-1,150,1,200
819,32420,4,3,2,4,0,-1,-1,-1,-1,-1
820,32421,4,3,2,4,0,-1,-1,-1,-1,-1
821,32422,13,6,2,1,0,-1,-1,-1,-1,-1
822,32423,3,6,2,4,0,50,-1,150,2,-1
823,32424,5,1,2,1,3,150,50,-1,-1,-1
824,32425,5,1,2,4,3,150,50,-1,-1,-1
825,32426,5,1,2,1,0,150,50,-1,-1,-1
826,32427,5,1,2,-1,0,150,50,-1,-1,-1
827,32428,-1,0,-1,-1,-1,-1,-1,-1,-1,-1
828,32429,13,1,1,1,10,180,200,-1,2,-1
829,32430,13,1,1,4,10,180,200,-1,2,-1
830,32431,13,1,1,4,0,180,200,-1,2,-1
831,32432,13,1,1,-1,0,180,200,-1,2,-1
832,32433,13,1,1,-1,0,180,200,-1,2,-1
833,32434,1,4,1,4,0,80,-1,100,2,-1
834,32435,1,4,1,2,0,80,-1,100,2,-1
835,32436,1,4,1,4,0,80,-1,100,2,-1
836,32437,8,7,1,1,0,70,20,-1,2,-1
837,34247,13,1,1,1,0,120,80,-1,-1,-1
838,34248,13,1,1,1,0,120,80,-1,-1,-1
839,34249,12,1,1,2,3,100,30,-1,-1,-1
840,34250,12,1,1,1,3,100,30,-1,-1,-1
841,34251,12,1,1,-1,0,100,30,-1,-1,-1
842,34252,13,1,1,1,2,200,80,-1,-1,-1
843,34253,13,1,1,1,2,200,80,-1,-1,-1
844,34254,13,1,1,-1,0,200,80,-1,-1,-1
845,34255,13,1,1,1,0,-1,-1,-1,-1,-1
846,34256,13,1,1,1,0,-1,-1,-1,-1,-1
847,34257,13,3,1,1,0,150,-1,-1,-1,-1
848,34258,13,3,1,1,0,150,-1,-1,-1,-1
849,34259,13,3,1,4,0,150,-1,-1,-1,-1
850,34260,9,1,1,4,0,200,30,-1,2,-1
851,34261,9,1,1,4,0,200,30,-1,2,-1
852,34262,5,6,2,4,0,50,20,50,2,-1
853,34263,16,1,1,1,0,280,70,-1,-1,-1
854,34264,16,1,1,1,0,280,70,-1,-1,-1
855,34265,16,1,1,4,0,280,70,-1,-1,-1
856,34266,16,1,1,1,0,280,70,-1,-1,-1
857,34267,8,1,1,4,0,200,-1,-1,-1,-1
858,34268,8,1,1,4,0,200,-1,-1,-1,-1
859,34269,8,4,1,4,0,150,40,50,1,100
860,34270,8,4,1,4,0,150,40,50,1,100
861,34271,8,4,1,2,0,150,40,50,1,100
862,34272,8,4,1,4,0,150,40,50,1,100
863,34273,15,7,2,4,0,20,-1,-1,-1,-1
864,34274,13,1,1,4,0,-1,-1,-1,-1,-1
865,34275,13,1,1,1,0,-1,-1,-1,-1,-1
866,34276,3,7,2,4,0,80,20,-1,1,90
867,35296,15,1,1,1,0,50,-1,-1,-1,-1
868,35297,15,1,1,1,0,50,-1,-1,-1,-1
869,35298,6,4,2,1,0,50,40,130,1,-2
870,35299,6,4,2,4,0,50,40,130,1,-2
871,35300,6,4,2,-1,0,50,40,130,1,-2
872,35301,6,7,1,4,0,50,-1,-1,2,-1
873,35302,8,3,2,4,0,100,-1,-1,2,-1
874,35303,8,3,2,4,0,100,-1,-1,2,-1
875,35304,11,7,2,4,0,100,50,100,1,10
876,35305,16,1,2,1,0,100,50,-1,-1,-1
877,35306,16,1,2,1,0,100,50,-1,-1,-1
878,35307,16,1,2,4,0,100,50,-1,-1,-1
879,35308,16,6,1,1,0,300,200,-1,-1,-1
880,35309,16,6,1,4,0,300,200,-1,-1,-1
881,35310,16,6,1,1,0,300,200,-1,-1,-1
882,35311,16,6,1,1,0,300,200,-1,-1,-1
883,35312,16,6,1,4,0,300,200,-1,-1,-1
884,35313,8,1,1,1,0,130,30,-1,2,-1
885,35314,8,1,1,4,0,130,30,-1,2,-1
886,35315,10,4,1,1,0,130,40,-1,-1,-1
887,35316,10,4,1,4,0,130,40,-1,-1,-1
888,35317,7,7,1,4,0,-1,-1,-1,2,-1
889,35318,14,1,1,1,4,200,-1,40,2,-1
890,35319,14,1,1,1,4,200,-1,40,2,-1
891,35320,14,1,1,4,0,200,-1,40,2,-1
892,50919,-1,0,-1,-1,-1,-1,-1,-1,-1,-1
893,50920,10,1,1,1,0,-1,-1,50,2,-1
894,50921,10,1,1,4,0,-1,-1,50,2,-1
895,50922,-1,0,-1,-1,-1,-1,-1,-1,-1,-1
896,50923,11,1,1,4,0,-1,-1,-1,-1,-1
897,50924,11,1,1,4,0,-1,-1,-1,-1,-1
898,50925,7,4,2,4,0,-1,-1,150,2,-1
899,50926,7,4,2,4,0,-1,-1,150,2,-1
900,50927,7,4,2,4,0,-1,-1,150,2,-1
901,50928,7,4,2,4,0,-1,-1,150,2,-1
902,50929,7,4,2,1,0,-1,-1,150,2,-1
903,50930,7,4,2,4,0,-1,-1,150,2,-1
904,50931,7,4,2,4,0,-1,-1,150,2,-1
905,50932,2,1,2,4,10,300,-1,50,1,300
906,50933,2,1,2,1,10,300,-1,50,1,300
907,50934,2,1,2,4,0,300,-1,50,1,300
908,50935,2,1,2,-1,0,300,-1,50,1,300
909,50936,2,1,2,-1,0,300,-1,50,1,300
910,50937,2,1,2,-1,0,300,-1,50,1,300
911,50938,11,7,1,1,0,180,60,-1,-1,-1
912,50939,14,1,1,1,2,80,100,50,2,-1
913,50940,14,1,1,1,2,80,100,50,2,-1
914,50941,14,1,1,-1,0,80,100,50,2,-1
915,50942,11,1,1,1,0,-1,-1,-1,-1,-1
916,50943,11,1,1,1,0,-1,-1,-1,-1,-1
917,50944,12,1,1,1,0,-1,-1,-1,-1,-1
918,50945,12,1,1,1,0,-1,-1,-1,-1,-1
919,50946,1,7,1,4,0,-1,60,-1,2,-1
920,50947,8,1,2,4,3,100,-1,-1,2,-1
921,50948,8,1,2,4,3,100,-1,-1,2,-1
922,50949,8,1,2,-1,0,100,-1,-1,2,-1
923,50950,9,1,2,4,0,250,-1,-1,2,-1
924,50951,9,1,2,4,0,250,-1,-1,2,-1
925,50952,2,6,1,4,0,50,-1,-1,2,-1
926,50953,16,4,2,4,0,80,-1,-1,-1,-1
927,50954,16,4,2,1,0,80,-1,-1,-1,-1
928,50955,4,7,2,2,0,100,40,-1,2,-1
929,50956,4,7,2,1,0,100,40,-1,2,-1
930,50957,9,1,2,1,4,200,-1,30,2,-1
931,50958,9,1,2,4,4,200,-1,30,2,-1
932,50959,9,1,2,4,0,200,-1,30,2,-1
933,50960,-1,0,-1,-1,-1,-1,-1,-1,-1,-1
934,50961,14,1,1,4,4,100,80,-1,-1,-1
935,50962,14,1,1,1,4,100,80,-1,-1,-1
936,50963,14,1,1,4,0,100,80,-1,-1,-1
937,50964,14,1,1,4,0,100,80,-1,-1,-1
938,50965,14,1,1,4,0,200,-1,-1,-1,-1
939,50966,14,1,1,4,0,200,-1,-1,-1,-1
940,50967,-1,0,-1,-1,-1,-1,-1,-1,-1,-1
941,50968,-1,0,-1,-1,-1,-1,-1,-1,-1,-1
942,50969,11,4,1,4,0,10,20,-1,-1,-1
943,50970,11,4,1,1,0,10,20,-1,-1,-1
944,50971,11,6,1,1,0,-3,-3,-1,2,-1
945,50972,14,1,1,1,2,100,50,-1,2,-1
946,50973,14,1,1,1,2,100,50,-1,2,-1
947,50974,14,1,1,-1,0,100,50,-1,2,-1
948,50975,14,1,1,-1,0,100,50,-1,2,-1
949,50976,14,1,1,1,0,200,60,-1,-1,-1
950,50977,14,1,1,1,0,200,60,-1,-1,-1
951,50978,12,7,2,4,0,-1,-1,-1,-1,-1
952,50979,12,4,2,4,0,60,-2,-1,-1,-1
953,50980,12,4,2,1,0,60,-2,-1,-1,-1
954,50981,13,1,1,4,0,80,-1,-1,-1,-1
955,50982,13,1,1,1,0,80,-1,-1,-1,-1
956,50983,10,3,2,1,0,100,30,-1,2,-1
957,50984,10,3,2,1,0,100,30,-1,2,-1
958,50985,10,3,2,4,0,100,30,-1,2,-1
959,50986,7,4,2,1,3,-1,-1,-1,-1,-1
960,50987,7,4,2,-1,0,-1,-1,-1,-1,-1
961,50988,10,1,1,4,0,-1,-1,-1,-1,-1
962,50989,10,1,1,4,0,-1,-1,-1,-1,-1
963,50990,10,6,1,4,0,200,50,30,2,-1
964,50991,-1,0,-1,-1,-1,-1,-1,-1,-1,-1
965,50992,-1,0,-1,-1,-1,-1,-1,-1,-1,-1
966,50993,-1,0,-1,-1,-1,-1,-1,-1,-1,-1
967,50994,4,1,2,4,0,-1,-1,-1,-1,-1
968,50995,4,1,2,1,0,-1,-1,-1,-1,-1
969,50996,10,4,1,4,0,-1,20,50,2,-1
970,50997,10,4,1,1,2,-1,20,50,2,-1
971,50998,10,4,1,1,2,-1,20,50,2,-1
972,50999,10,4,1,-1,0,-1,20,50,2,-1
973,51000,9,1,1,1,0,100,-1,-1,2,-1
974,51001,9,1,1,4,0,100,-1,-1,2,-1
975,51002,7,6,1,4,0,-1,20,-1,2,-1
976,51003,3,1,1,4,0,150,-1,-1,-1,-1
977,51004,3,1,1,4,0,150,-1,-1,-1,-1
978,51005,3,1,1,4,0,150,-1,-1,-1,-1
979,51006,-1,0,-1,-1,-1,-1,-1,-1,-1,-1
980,51007,-1,0,-1,-1,-1,-1,-1,-1,-1,-1
981,51008,14,1,1,1,10,250,60,-1,2,-1
982,51009,14,1,1,1,10,250,60,-1,2,-1
983,51010,14,1,1,-1,0,250,60,-1,2,-1
984,51011,14,1,1,4,0,250,60,-1,2,-1
985,51012,-1,0,-1,-1,-1,-1,-1,-1,-1,-1
986,51013,-1,0,-1,-1,-1,-1,-1,-1,-1,-1
987,51014,14,1,2,1,4,90,-1,30,2,-1
988,51015,14,1,2,1,4,90,-1,30,2,-1
989,51016,14,1,2,4,0,90,-1,30,2,-1
990,51017,13,6,1,1,0,-1,20,-1,-1,-1
991,51018,8,6,1,1,0,-1,30,-1,2,-1
992,51019,7,1,1,4,3,350,-1,-1,1,-3
993,51020,7,1,1,1,3,350,-1,-1,1,-3
994,51021,7,1,1,-1,0,350,-1,-1,1,-3
995,51022,7,1,1,-1,0,350,-1,-1,1,-3
996,51023,8,1,1,1,0,70,20,-1,2,-1
997,51024,8,1,1,1,0,70,20,-1,2,-1
998,51025,9,4,1,4,0,40,-1,-1,-1,-1
999,51026,9,4,1,1,0,40,-1,-1,-1,-1
1000,51027,-1,0,-1,-1,-1,-1,-1,-1,-1,-1
1001,51028,14,6,1,1,0,300,80,-1,1,280
1002,51029,14,6,1,1,4,300,80,-1,1,280
1003,51030,14,6,1,4,0,300,80,-1,1,280
1004,51031,9,3,1,1,3,200,150,-1,1,380
1005,51032,9,3,1,-1,0,200,150,-1,1,380
1006,51033,9,3,1,-1,0,200,150,-1,1,380
1007,51034,9,3,1,-1,0,200,150,-1,1,380
1008,51035,9,6,1,1,0,30,4,4,-1,-1
1009,51036,-1,0,-1,-1,-1,-1,-1,-1,-1,-1
1010,51037,7,1,1,4,0,250,30,20,2,-1
1011,51038,7,1,1,4,0,250,30,20,2,-1
1012,51039,7,1,1,2,0,250,30,20,2,-1
1013,51040,7,1,1,1,0,250,30,20,2,-1
1014,51041,10,1,2,1,0,90,-1,100,2,-1
1015,51042,10,1,2,1,0,90,-1,100,2,-1
1016,51043,15,1,1,1,10,-1,100,-1,-1,-1
1017,51044,15,1,1,1,10,-1,100,-1,-1,-1
1018,51045,15,1,1,-1,0,-1,100,-1,-1,-1
1019,51046,15,1,1,4,0,-1,100,-1,-1,-1
1020,51047,6,7,1,4,0,60,-1,-1,2,-1
1021,51048,9,3,2,2,3,200,100,200,2,-1
1022,51049,9,3,2,-1,0,200,100,200,2,-1
1023,51050,9,3,2,-1,0,200,100,200,2,-1
1024,51051,-1,0,-1,-1,-1,-1,-1,-1,-1,-1
1025,51052,5,7,1,4,0,-1,-1,-1,2,-1
1026,51053,-1,0,-1,-1,-1,-1,-1,-1,-1,-1
1027,51054,4,4,6,4,0,70,-1,-1,1,220
1028,51055,4,4,6,4,0,70,-1,-1,1,220
1029,51056,4,4,6,-1,0,70,-1,-1,1,220
1030,51057,6,1,1,1,0,-2,-2,-1,2,-1
1031,51058,6,1,1,1,0,-2,-2,-1,2,-1
1032,51059,5,1,1,4,0,90,-1,-1,-1,-1
1033,51060,5,1,1,4,0,90,-1,-1,-1,-1
1034,51061,13,1,2,1,4,50,-1,-1,1,220
1035,51062,13,1,2,1,4,50,-1,-1,1,220
1036,51063,13,1,2,4,0,50,-1,-1,1,220
1037,51064,6,4,2,1,4,-1,200,100,2,-1
1038,51065,6,4,2,1,0,-1,200,100,2,-1
1039,51066,6,4,2,4,0,-1,200,100,2,-1
1040,51067,6,4,2,4,0,-1,200,100,2,-1
1041,51068,13,1,2,1,3,60,30,-1,-1,-1
1042,51069,13,1,2,1,3,60,30,-1,-1,-1
1043,51070,13,1,2,-1,0,60,30,-1,-1,-1
1044,51071,13,1,2,-1,0,60,30,-1,-1,-1
1045,51072,3,7,2,4,0,-1,20,-1,-1,-1
1046,51073,-1,0,-1,-1,-1,-1,-1,-1,-1,-1
1047,51074,-1,0,-1,-1,-1,-1,-1,-1,-1,-1
1048,51075,8,1,1,4,0,-1,-1,-1,2,-1
1049,51076,8,1,1,4,0,-1,-1,-1,2,-1
1050,51077,-1,0,-1,-1,-1,-1,-1,-1,-1,-1
1051,51078,5,6,2,3,0,-1,-1,-1,-1,-1
1052,51079,1,6,1,1,0,-1,-1,-1,-1,-1
1053,51080,4,7,2,4,0,100,10,-1,1,200
1054,51081,6,7,1,4,0,70,10,-1,2,-1
1055,51082,8,4,2,1,4,80,50,-1,2,-1
1056,51083,8,4,2,4,0,80,50,-1,2,-1
1057,56043,6,1,2,4,0,80,-1,-1,2,-1
1058,56044,6,1,2,4,0,80,-1,-1,2,-1
1059,56045,5,4,2,1,4,-1,-1,-1,-1,-1
1060,56046,5,4,2,1,0,-1,-1,-1,-1,-1
1061,56047,5,4,2,1,0,-1,-1,-1,-1,-1
1062,56048,14,1,1,4,4,-1,-1,-1,-1,-1
1063,56049,14,1,1,1,4,-1,-1,-1,-1,-1
1064,56050,14,1,1,1,0,-1,-1,-1,-1,-1
1065,56051,14,1,1,4,0,-1,-1,-1,-1,-1
1066,56052,16,1,1,1,0,-1,-1,-1,-1,-1
1067,56053,16,1,1,1,0,-1,-1,-1,-1,-1
1068,56054,8,4,2,4,10,130,30,-1,1,200
1069,56055,8,4,2,4,0,130,30,-1,1,200
1070,56056,8,4,2,4,0,130,30,-1,1,200
1071,56057,8,4,2,4,0,130,30,-1,1,200
1072,56058,8,4,2,-1,0,130,30,-1,1,200
1073,56059,8,4,2,-1,0,130,30,-1,1,200
1074,56060,8,4,2,1,0,-1,-1,-1,-1,-1
1075,56061,8,4,2,1,0,-1,-1,-1,-1,-1
1076,56062,8,4,2,2,0,-1,-1,-1,-1,-1
1077,56063,6,4,2,1,14,-1,-1,-1,2,-1
1078,56064,6,4,2,4,0,-1,-1,-1,2,-1
1079,56065,6,4,2,-1,0,-1,-1,-1,2,-1
1080,56066,6,4,2,-1,0,-1,-1,-1,2,-1
1081,56067,6,4,2,1,8,-1,-1,-1,2,-1
1082,56068,-1,0,-1,-1,-1,-1,-1,-1,-1,-1
1083,56069,-1,0,-1,-1,-1,-1,-1,-1,-1,-1
1084,56070,12,1,2,4,0,60,-1,-1,-1,-1
1085,56071,12,1,2,4,0,60,-1,-1,-1,-1
1086,56072,3,4,2,4,13,40,-1,50,1,648
1087,56073,3,4,2,4,0,40,-1,50,1,648
1088,56074,3,4,2,-1,0,40,-1,50,1,648
1089,56075,3,4,2,-1,0,40,-1,50,1,648
1090,56076,13,1,2,1,0,100,100,-1,1,150
1091,56077,13,1,2,4,0,100,100,-1,1,150
1092,56078,13,1,2,1,6,100,100,-1,1,150
1093,56079,13,1,2,-1,0,100,100,-1,1,150
1094,56080,13,1,2,-1,0,100,100,-1,1,150
1095,56081,7,3,2,4,8,-1,-1,-1,2,-1
1096,56082,7,3,2,1,3,-1,-1,-1,2,-1
1097,56083,7,3,2,-1,0,-1,-1,-1,2,-1
1098,56084,7,3,2,-1,0,-1,-1,-1,2,-1
1099,56085,7,3,2,-1,0,-1,-1,-1,2,-1
1100,56086,10,7,1,4,0,300,-1,-1,-1,-1
1101,56087,14,1,1,1,0,-1,-1,-1,-1,-1
1102,56088,14,1,1,1,0,-1,-1,-1,-1,-1
1103,56089,14,1,1,1,0,-1,-1,-1,-1,-1
1104,56090,14,1,1,4,0,-1,-1,-1,-1,-1
1105,56091,12,3,1,1,11,300,-1,-1,-1,-1
1106,56092,12,3,1,4,0,300,-1,-1,-1,-1
1107,56093,12,3,1,-1,0,300,-1,-1,-1,-1
1108,56094,12,3,1,-1,0,300,-1,-1,-1,-1
1109,56095,12,3,1,-1,0,300,-1,-1,-1,-1
1110,56096,4,1,1,4,0,150,-1,-1,1,400
1111,56097,4,1,1,4,0,150,-1,-1,1,400
1112,56098,4,1,1,4,0,150,-1,-1,1,400
1113,56099,-1,0,-1,-1,-1,-1,-1,-1,-1,-1
1114,56100,13,1,1,4,0,60,-1,-1,-1,-1
1115,56101,13,1,1,1,0,60,-1,-1,-1,-1
1116,56102,8,1,1,4,0,260,10,-1,2,-1
1117,56103,8,1,1,4,0,260,10,-1,2,-1
1118,56104,-1,0,-1,-1,-1,-1,-1,-1,-1,-1
1119,56105,8,1,1,4,8,-1,-1,-1,-1,-1
1120,56106,8,1,1,1,8,-1,-1,-1,-1,-1
1121,56107,8,1,1,-1,0,-1,-1,-1,-1,-1
1122,56108,8,1,1,-1,0,-1,-1,-1,-1,-1
1123,56109,8,1,1,4,0,-1,-1,-1,-1,-1
1124,56110,8,1,1,1,0,-1,-1,-1,-1,-1
1125,56111,13,1,1,1,8,-2,-2,-1,2,-1
1126,56112,13,1,1,1,8,-2,-2,-1,2,-1
1127,56113,13,1,1,-1,0,-2,-2,-1,2,-1
1128,56114,13,1,1,-1,0,-2,-2,-1,2,-1
1129,56115,13,1,1,-1,0,-2,-2,-1,2,-1
1130,56116,12,4,1,4,0,-1,-1,-1,-1,-1
1131,56117,12,4,1,4,0,-1,-1,-1,-1,-1
1132,56118,3,7,2,4,0,60,-1,-1,2,-1
1133,56119,9,7,2,4,0,30,-1,-1,-1,-1
1134,56120,10,1,1,4,0,180,-1,-1,-1,-1
1135,56121,10,1,1,4,0,180,-1,-1,-1,-1
1136,56122,-1,0,-1,-1,-1,-1,-1,-1,-1,-1
1137,56123,-1,0,-1,-1,-1,-1,-1,-1,-1,-1
1138,56124,6,6,2,4,0,30,-1,-1,-1,-1
1139,56125,11,7,2,1,0,80,10,-1,-1,-1
1140,56126,6,4,1,1,10,120,-1,40,2,-1
1141,56127,6,4,1,4,0,120,-1,40,2,-1
1142,56128,6,4,1,-1,0,120,-1,40,2,-1
1143,56129,16,1,1,1,0,300,-1,-1,-1,-1
1144,56130,16,1,1,1,0,300,-1,-1,-1,-1
1145,56131,16,1,1,1,0,300,-1,-1,-1,-1
1146,56132,16,1,1,1,0,300,-1,-1,-1,-1
1147,56133,16,1,1,1,0,300,-1,-1,-1,-1
1148,56134,8,6,2,1,0,50,-1,-1,2,-1
1149,56135,5,6,2,4,0,-1,-1,-1,2,-1
1150,56136,2,4,2,4,0,50,20,40,2,-1
1151,56137,2,4,2,-1,0,50,20,40,2,-1
1152,56138,8,3,2,4,0,-1,-1,-1,-2,-1
1153,56139,8,3,2,4,0,-1,-1,-1,-2,-1
1154,56140,8,3,2,4,0,-1,-1,-1,-2,-1
1155,56141,8,6,2,1,0,-1,-1,-1,2,-1
1156,56142,4,4,2,4,0,50,10,30,2,-1
1157,56143,4,4,2,2,0,50,10,30,2,-1
1158,56144,15,7,2,1,0,250,-1,-1,-1,-1
1159,56145,14,7,2,1,0,350,100,-1,-1,-1
1160,56146,7,1,1,4,1,150,-1,-1,2,-1
1161,56147,7,1,1,1,1,150,-1,-1,2,-1
1162,56148,7,1,1,-1,0,150,-1,-1,2,-1
1163,56149,-1,0,-1,-1,-1,-1,-1,-1,-1,-1
1164,56150,15,4,2,1,0,100,30,-1,-1,-1
1165,56151,15,4,2,1,0,100,30,-1,-1,-1
1166,56152,5,1,1,2,0,150,-1,-1,1,190
1167,56153,5,1,1,1,0,150,-1,-1,1,190
1168,56154,-1,0,-1,-1,-1,-1,-1,-1,-1,-1
1169,56155,9,1,1,4,0,-1,-1,-2,2,-1
1170,56156,9,1,1,4,0,-1,-1,-2,2,-1
1171,56157,10,1,1,4,0,100,-1,-1,-1,-1
1172,56158,10,1,1,1,0,100,-1,-1,-1,-1
1173,56159,12,1,1,4,0,180,30,-1,-1,-1
1174,56160,12,1,1,4,0,180,30,-1,-1,-1
1175,56161,12,1,1,4,0,60,-1,-1,-1,-1
1176,56162,12,1,1,4,0,60,-1,-1,-1,-1
1177,56163,12,1,1,-1,0,60,-1,-1,-1,-1
1178,56164,13,1,1,1,2,150,-1,-1,-1,-1
1179,56165,13,1,1,4,2,150,-1,-1,-1,-1
1180,56166,13,1,1,-1,0,150,-1,-1,-1,-1
1181,56167,4,4,2,4,8,-1,-1,-1,2,-1
1182,56168,4,4,2,-1,0,-1,-1,-1,2,-1
1183,56169,4,4,2,-1,0,-1,-1,-1,2,-1
1184,56170,9,1,2,1,0,-1,-1,-1,-1,-1
1185,56171,9,1,2,1,0,-1,-1,-1,-1,-1
1186,56172,9,1,2,4,0,-1,-1,-1,-1,-1
1187,56173,9,1,2,4,0,-1,-1,-1,-1,-1
1188,56174,13,4,1,4,9,-1,-1,-1,-1,-1
1189,56175,13,4,1,1,0,-1,-1,-1,-1,-1
1190,56176,13,4,1,-1,0,-1,-1,-1,-1,-1
1191,56177,13,4,1,-1,0,-1,-1,-1,-1,-1
1192,56178,-1,0,-1,-1,-1,-1,-1,-1,-1,-1
1193,56179,-1,0,-1,-1,-1,-1,-1,-1,-1,-1
1194,56180,-1,0,-1,-1,-1,-1,-1,-1,-1,-1
1195,56181,7,3,2,4,0,80,30,60,2,-1
1196,56182,7,3,2,1,0,80,30,60,2,-1
1197,56183,-1,0,-1,-1,-1,-1,-1,-1,-1,-1
1198,56184,1,4,2,2,0,200,-1,100,1,360
1199,56185,1,4,2,4,0,200,-1,100,1,360
1200,56186,14,1,2,4,0,-1,-1,-1,-1,-1
1201,56187,14,1,2,4,0,-1,-1,-1,-1,-1
1202,56188,-1,0,-1,-1,-1,-1,-1,-1,-1,-1
1203,56189,4,6,1,4,0,-1,-1,-1,2,-1
1204,56190,8,4,1,1,4,150,20,-1,2,-1
1205,56191,8,4,1,4,0,150,20,-1,2,-1
1206,56192,8,4,1,-1,0,150,20,-1,2,-1
1207,56193,-1,0,-1,-1,-1,-1,-1,-1,-1,-1
1208,56194,-1,0,-1,-1,-1,-1,-1,-1,-1,-1
1209,56195,-1,0,-1,-1,-1,-1,-1,-1,-1,-1
1210,56196,-1,0,-1,-1,-1,-1,-1,-1,-1,-1
1211,56197,-1,0,-1,-1,-1,-1,-1,-1,-1,-1
1212,56198,5,4,1,1,4,-1,-1,-1,-1,-1
1213,56199,5,4,1,4,0,-1,-1,-1,-1,-1
1214,56200,5,4,1,4,0,-1,-1,-1,-1,-1
1215,56201,5,4,1,-1,0,-1,-1,-1,-1,-1
1216,56202,9,4,1,1,0,80,4,-1,2,-1
1217,56203,9,4,1,2,0,80,4,-1,2,-1
1218,56204,13,6,1,1,0,90,4,-1,-1,-1
1219,56205,5,1,1,4,0,100,-1,-1,1,90
1220,56206,5,1,1,4,0,100,-1,-1,1,90
1221,56207,13,1,2,4,0,-1,-1,-1,2,-1
1222,56208,13,1,2,1,0,-1,-1,-1,2,-1
1223,56209,13,1,2,1,1,-1,-1,-1,2,-1
1224,56210,13,1,2,-1,0,-1,-1,-1,2,-1
1225,56211,13,1,2,-1,0,-1,-1,-1,2,-1
1226,56212,13,1,2,2,0,-1,-1,-1,2,-1
1227,56213,-1,0,-1,-1,-1,-1,-1,-1,-1,-1
1228,56214,15,1,1,1,0,-1,40,-1,-1,-1
1229,56215,15,1,1,1,0,-1,40,-1,-1,-1
1230,56216,15,1,1,1,0,-1,40,-1,-1,-1
1231,56217,-1,0,-1,-1,-1,-1,-1,-1,-1,-1
1232,56218,7,1,2,4,0,80,30,-1,-1,-1
1233,56219,7,1,2,4,0,80,30,-1,-1,-1
1234,56220,8,4,2,4,0,100,40,-1,2,-1
1235,56221,8,4,2,1,0,100,40,-1,2,-1
1236,56222,8,4,2,4,0,100,40,-1,2,-1
1237,56223,5,4,3,1,0,-1,-1,-1,2,-1
1238,56224,5,4,3,4,0,-1,-1,-1,2,-1
1239,56225,1,4,1,4,0,-1,-1,-1,-1,-1
1240,56226,1,4,1,4,0,-1,-1,-1,-1,-1
1241,56227,1,4,1,4,0,-1,-1,-1,-1,-1
1242,56228,10,7,2,1,0,40,50,-1,-1,-1
1243,56229,-1,0,-1,-1,-1,-1,-1,-1,-1,-1
1244,56230,-1,0,-1,-1,-1,-1,-1,-1,-1,-1
1245,56231,8,7,2,4,0,40,-1,-1,2,-1
1246,57290,15,1,1,1,0,350,30,-1,-1,-1
1247,57291,15,1,1,4,0,350,30,-1,-1,-1
1248,57292,15,1,1,1,0,350,30,-1,-1,-1
1249,57293,15,1,1,4,3,300,-1,-1,-1,-1
1250,57294,15,1,1,1,3,300,-1,-1,-1,-1
1251,57295,15,1,1,-1,0,300,-1,-1,-1,-1
1252,57296,15,1,1,-1,0,300,-1,-1,-1,-1
1253,57297,15,1,1,-1,0,300,-1,-1,-1,-1
1254,57298,7,7,1,1,0,150,40,-1,2,-1
1255,57299,7,7,1,4,0,150,40,-1,2,-1
1256,57300,4,3,2,4,0,120,60,-1,2,-1
1257,57301,4,3,2,1,9,120,60,-1,2,-1
1258,57302,4,3,2,4,0,120,60,-1,2,-1
1259,57303,4,3,2,1,0,120,60,-1,2,-1
1260,57304,4,3,2,-1,0,120,60,-1,2,-1
1261,57305,10,7,2,4,0,-1,40,-1,-1,-1
1262,57306,11,1,1,4,0,-1,-1,-1,-1,-1
1263,57307,11,1,1,4,0,-1,-1,-1,-1,-1
1264,57729,15,3,1,1,8,150,100,-1,-1,-1
1265,57730,15,3,2,1,0,150,100,-1,-1,-1
1266,57731,15,3,2,-1,0,150,100,-1,-1,-1
1267,57732,15,3,2,-1,0,150,100,-1,-1,-1
1268,57733,8,3,1,2,0,240,-1,80,2,-1
1269,57734,8,3,1,4,0,240,-1,80,2,-1
1270,57735,8,3,1,1,0,240,-1,80,2,-1
1271,57736,3,6,2,4,0,50,-1,-1,2,-1
1272,57737,13,1,1,4,0,120,200,50,2,-1
1273,57738,13,1,1,1,0,120,200,50,2,-1
1274,57739,5,4,1,4,1,150,40,-1,1,500
1275,57740,5,4,1,1,1,150,40,-1,1,500
1276,57741,5,4,1,-1,0,150,40,-1,1,500
1277,57742,6,6,1,4,0,-1,-1,-1,-1,-1
1278,57743,12,1,1,4,0,150,30,-1,2,-1
1279,57744,12,1,1,4,0,150,30,-1,2,-1
1280,69882,5,7,2,4,0,40,10,-1,-1,-1
1281,69883,-1,0,-1,-1,-1,-1,-1,-1,-1,-1
1282,69884,3,6,2,4,0,140,-1,-1,1,190
1283,69885,7,4,2,4,0,-1,-1,-1,-1,-1
1284,69886,7,4,2,1,0,-1,-1,-1,-1,-1
1285,69887,7,4,2,1,0,-1,-1,-1,-1,-1
1286,69888,10,6,1,4,0,-1,-1,-1,-1,-1
1287,69889,14,4,2,1,3,60,-1,-1,-1,-1
1288,69890,14,4,2,-1,0,60,-1,-1,-1,-1
1289,69891,13,7,1,1,0,140,30,-1,-1,-1
1290,69892,8,4,1,1,3,150,40,-1,2,-1
1291,69893,8,4,1,4,0,150,40,-1,2,-1
1292,69894,8,4,1,-1,0,150,40,-1,2,-1
1293,69895,7,4,2,1,0,100,-1,50,1,50
1294,69896,7,4,2,2,0,100,-1,50,1,50
1295,69897,6,4,2,4,0,130,-1,-1,1,220
1296,69898,6,4,2,4,0,130,-1,-1,1,220
1297,69899,6,4,2,1,0,130,-1,-1,1,220
1298,69900,8,4,2,1,0,100,40,-1,2,-1
1299,69901,8,4,2,4,0,100,40,-1,2,-1
1300,69902,-1,0,-1,-1,-1,-1,-1,-1,-1,-1
1301,69903,7,1,2,1,4,-1,-1,-1,2,-1
1302,69904,7,1,2,1,4,-1,-1,-1,2,-1
1303,69905,7,1,2,-1,0,-1,-1,-1,2,-1
1304,69906,3,7,2,4,0,100,10,-1,2,-1
1305,69907,1,4,2,4,11,100,-1,30,1,648
1306,69908,1,4,2,-1,0,100,-1,30,1,648
1307,69909,1,4,2,-1,0,100,-1,30,1,648
1308,69910,1,4,2,-1,0,100,-1,30,1,648
1309,69911,1,4,2,-1,0,100,-1,30,1,648
1310,69912,1,4,2,-1,0,100,-1,30,1,648
1311,69913,1,7,1,1,0,-1,-1,-1,-1,-1
1312,69914,14,1,1,1,0,-1,-1,-1,-1,-1
1313,69915,14,1,1,1,0,-1,-1,-1,-1,-1
1314,69916,12,1,1,4,0,100,40,-1,-1,-1
1315,69917,12,1,1,4,0,100,40,-1,-1,-1
1316,69918,12,6,1,4,0,100,100,-1,-1,-1
1317,69919,13,4,1,1,0,150,70,20,-1,-1
1318,69920,13,4,1,1,0,150,70,20,-1,-1
1319,69921,14,1,1,4,0,200,-1,-1,-1,-1
1320,69922,14,1,1,1,0,200,-1,-1,-1,-1
1321,69923,13,7,2,4,0,150,-1,-1,-1,-1
1322,69924,12,1,2,1,0,150,40,-1,-1,-1
1323,69925,12,1,2,4,0,150,40,-1,-1,-1
1324,69926,16,1,2,1,0,50,-1,-1,-1,-1
1325,69927,16,1,2,4,0,50,-1,-1,-1,-1
1326,69928,16,1,2,4,0,50,-1,-1,-1,-1
1327,69929,6,4,2,1,4,200,-1,150,2,-1
1328,69930,6,4,2,2,0,200,-1,150,2,-1
1329,69931,6,4,2,1,0,200,-1,150,2,-1
1330,69932,6,4,2,4,0,200,-1,150,2,-1
1331,69933,2,4,2,4,14,300,-1,-1,2,-1
1332,69934,2,4,2,4,0,300,-1,-1,2,-1
1333,69935,2,4,2,4,0,300,-1,-1,2,-1
1334,69936,2,4,2,-1,0,300,-1,-1,2,-1
1335,69937,2,4,2,-1,0,300,-1,-1,2,-1
1336,69938,2,4,2,-1,0,300,-1,-1,2,-1
1337,69939,16,4,2,1,0,80,10,-1,-1,-1
1338,69940,16,4,2,4,0,80,10,-1,-1,-1
1339,69941,2,7,2,4,0,-1,-1,-1,-1,-1
1340,69942,-1,0,-1,-1,-1,-1,-1,-1,-1,-1
1341,69943,5,6,2,4,0,100,-1,50,2,-1
1342,69944,8,1,1,4,0,-1,-1,30,2,-1
1343,69945,8,1,1,4,0,-1,-1,30,2,-1
1344,69946,7,6,1,4,0,200,30,-1,1,20
1345,69947,7,6,1,1,0,200,30,-1,1,20
1346,69948,7,6,1,4,0,200,30,-1,1,20
1347,69949,-1,0,-1,-1,-1,-1,-1,-1,-1,-1
1348,69950,2,1,4,4,4,70,-1,-1,2,-1
1349,69951,2,1,4,4,4,70,-1,-1,2,-1
1350,69952,2,1,4,4,0,70,-1,-1,2,-1
1351,69953,-1,0,-1,-1,-1,-1,-1,-1,-1,-1
1352,69954,3,6,1,4,0,-1,-1,-1,-1,-1
1353,69955,15,4,1,1,4,180,30,-1,-1,-1
1354,69956,15,4,1,1,0,180,30,-1,-1,-1
1355,69957,15,4,1,4,0,180,30,-1,-1,-1
1356,69958,12,4,1,4,0,-1,140,-1,-1,-1
1357,69959,12,4,1,1,0,-1,140,-1,-1,-1
1358,69960,7,1,1,4,0,-1,-1,-1,-1,-1
1359,69961,7,1,1,4,0,-1,-1,-1,-1,-1
1360,69962,16,1,1,1,0,200,-1,-1,-1,-1
1361,69963,16,1,1,1,0,200,-1,-1,-1,-1
1362,69964,12,1,1,1,0,-3,-1,-1,-1,-1
1363,69965,12,1,1,1,0,-3,-1,-1,-1,-1
1364,69966,8,1,2,4,0,-1,-1,-1,-1,-1
1365,69967,8,1,2,4,0,-1,-1,-1,-1,-1
1366,69968,9,3,2,1,0,-1,-1,-1,-1,-1
1367,69969,9,3,2,1,0,-1,-1,-1,-1,-1
1368,69970,9,3,2,4,0,-1,-1,-1,-1,-1
1369,69971,4,4,2,1,5,60,4,-1,1,648
1370,69972,4,4,2,-1,0,60,4,-1,1,648
1371,69973,4,4,2,-1,0,60,4,-1,1,648
1372,69974,4,4,2,-1,0,60,4,-1,1,648
1373,69975,4,4,2,-1,0,60,4,-1,1,648
1374,69976,-1,0,-1,-1,-1,-1,-1,-1,-1,-1
1375,69977,3,7,2,4,0,-1,-1,-1,2,-1
1376,69978,7,4,1,4,6,200,10,-1,2,-1
1377,69979,7,4,1,-1,0,200,10,-1,2,-1
1378,69980,7,4,1,-1,0,200,10,-1,2,-1
1379,69981,16,1,1,4,0,50,-1,-1,-1,-1
1380,69982,16,1,1,4,0,50,-1,-1,-1,-1
1381,69983,12,1,7,4,8,260,70,100,2,-1
1382,69984,12,1,7,1,8,260,70,100,2,-1
1383,69985,12,1,7,1,0,260,70,100,2,-1
1384,69986,12,1,7,-1,0,260,70,100,2,-1
1385,69987,12,1,7,-1,0,260,70,100,2,-1
1386,69988,12,1,7,-1,0,260,70,100,2,-1
1387,69989,12,1,1,-1,0,260,70,100,2,-1
1388,69990,12,1,7,-1,0,260,70,100,2,-1
1389,69991,12,1,1,4,0,260,70,100,2,-1
1390,69992,-1,0,-1,-1,-1,-1,-1,-1,-1,-1
1391,69993,9,1,1,4,0,200,200,-1,-1,-1
1392,69994,9,1,1,4,0,200,200,-1,-1,-1
1393,69995,9,1,1,1,0,200,200,-1,-1,-1
1394,69996,9,1,1,1,0,200,200,-1,-1,-1
1395,69997,9,1,1,4,0,200,200,-1,-1,-1
1396,69998,9,1,1,1,0,200,200,-1,-1,-1
1397,69999,9,1,1,1,0,200,200,-1,-1,-1
1398,70000,4,3,1,2,4,80,-1,-1,2,-1
1399,70001,4,3,1,-1,0,80,-1,-1,2,-1
1400,70002,13,1,1,1,4,350,100,-1,2,-1
1401,70003,13,1,1,4,4,350,100,-1,2,-1
1402,70004,13,1,1,4,0,350,100,-1,2,-1
1403,70005,13,1,1,-1,0,350,100,-1,2,-1
1404,70006,-1,0,-1,-1,-1,-1,-1,-1,-1,-1
1405,70007,3,7,1,4,0,-1,-1,-1,-1,-1
1406,70008,11,7,2,1,0,-1,-1,-1,-1,-1
1407,70009,14,1,1,1,2,-1,-1,-1,-1,-1
1408,70010,14,1,1,1,2,-1,-1,-1,-1,-1
1409,70011,14,1,1,-1,0,-1,-1,-1,-1,-1
1410,70012,6,7,2,4,0,-1,-1,-1,-1,-1
1411,70013,10,7,2,1,0,-1,-1,-1,-1,-1
1412,70014,13,4,2,4,1,-2,-1,-1,-1,-1
1413,70015,13,4,2,-1,0,-2,-1,-1,-1,-1
1414,70016,13,4,2,1,0,-2,-1,-1,-1,-1
1415,70017,13,4,2,-1,0,-2,-1,-1,-1,-1
1416,70018,5,6,2,4,0,-1,-1,-1,-1,-1
1417,70019,7,1,1,4,0,120,20,-1,-1,-1
1418,70020,7,1,1,4,0,120,20,-1,-1,-1
1419,70021,12,6,1,4,0,-1,-1,-1,-1,-1
1420,70022,-1,0,-1,-1,-1,-1,-1,-1,-1,-1
1421,70023,-1,0,-1,-1,-1,-1,-1,-1,-1,-1
1422,70024,1,7,2,4,0,40,-1,-1,1,30
1423,70025,16,1,1,1,0,-2,-2,-1,-1,-1
1424,70026,16,1,1,1,0,-2,-2,-1,-1,-1
1425,70027,-1,0,-1,-1,-1,-1,-1,-1,-1,-1
1426,70028,10,6,2,1,0,50,40,-1,-1,-1
1427,70029,16,1,1,1,3,200,50,-1,-1,-1
1428,70030,16,1,1,1,3,200,50,-1,-1,-1
1429,70031,16,1,1,-1,0,200,50,-1,-1,-1
1430,70032,-1,0,-1,-1,-1,-1,-1,-1,-1,-1
1431,70033,10,1,2,4,6,150,60,-1,2,-1
1432,70034,10,1,2,1,6,150,60,-1,2,-1
1433,70035,10,1,2,4,0,150,60,-1,2,-1
1434,70036,10,1,2,-1,0,150,60,-1,2,-1
1435,70037,10,1,2,-1,0,150,60,-1,2,-1
1436,70038,10,1,2,-1,0,150,60,-1,2,-1
1437,73476,12,1,1,4,0,-1,-1,-1,-1,-1
1438,73477,12,1,1,4,0,-1,-1,-1,-1,-1
1439,73478,-1,0,-1,-1,-1,-1,-1,-1,-1,-1
1440,73479,12,4,2,4,0,-1,-1,-1,-1,-1
1441,73480,12,4,2,1,0,-1,-1,-1,-1,-1
1442,73481,12,4,2,1,14,-1,-1,-1,-1,-1
1443,73482,12,4,2,-1,0,-1,-1,-1,-1,-1
1444,73483,12,4,2,-1,0,-1,-1,-1,-1,-1
1445,73484,12,4,2,-1,0,-1,-1,-1,-1,-1
1446,73485,7,6,1,4,0,-1,-1,-1,-1,-1
1447,73486,16,1,1,4,0,-1,-1,-1,-1,-1
1448,73487,16,1,4,1,0,-1,-1,-1,-1,-1
1449,73488,2,7,2,4,0,200,20,-1,2,-1
1450,73489,-1,0,-1,-1,-1,-1,-1,-1,-1,-1
1451,73490,-1,0,-1,-1,-1,-1,-1,-1,-1,-1
1452,73491,-1,0,-1,-1,-1,-1,-1,-1,-1,-1
1453,73492,15,1,1,1,10,-1,-1,-1,-1,-1
1454,73493,15,1,1,1,10,-1,-1,-1,-1,-1
1455,73494,15,1,1,1,0,-1,-1,-1,-1,-1
1456,73495,15,1,1,-1,0,-1,-1,-1,-1,-1
1457,73496,15,1,1,-1,0,-1,-1,-1,-1,-1
1458,73497,15,1,1,-1,0,-1,-1,-1,-1,-1
1459,73498,-1,0,-1,-1,-1,-1,-1,-1,-1,-1
1460,73499,5,4,2,4,0,100,-1,-1,1,-2
1461,73500,5,4,2,4,3,100,-1,-1,1,-2
1462,73501,5,4,2,-1,0,100,-1,-1,1,-2
1463,73502,5,4,2,-1,0,100,-1,-1,1,-2
1464,73503,2,7,2,4,0,270,-1,30,1,200
1465,73504,15,7,1,1,0,100,-1,-1,-1,-1
1466,73505,3,7,1,4,0,100,-1,-1,2,-1
1467,73506,4,7,2,4,0,-1,-1,-1,-1,-1
1468,73507,14,1,4,1,8,200,-1,-1,-1,-1
1469,73508,14,1,4,1,8,200,-1,-1,-1,-1
1470,73509,14,1,4,-1,0,200,-1,-1,-1,-1
1471,73510,14,1,4,-1,0,200,-1,-1,-1,-1
1472,73511,13,1,1,1,0,200,-1,-1,-1,-1
1473,73512,13,1,1,4,0,200,-1,-1,-1,-1
1474,73513,8,4,2,1,0,150,-1,-1,2,-1
1475,73514,8,4,2,1,8,150,-1,-1,2,-1
1476,73515,8,4,2,-1,0,150,-1,-1,2,-1
1477,73516,8,4,2,-1,0,150,-1,-1,2,-1
1478,73517,13,7,2,4,0,150,50,-1,-1,-1
1479,73518,5,7,2,4,0,30,-1,30,2,-1
1480,73519,15,1,1,4,10,150,-1,-1,2,-1
1481,73520,15,1,1,1,10,150,-1,-1,2,-1
1482,73521,15,1,1,-1,0,150,-1,-1,2,-1
1483,73522,15,1,1,-1,0,150,-1,-1,2,-1
1484,73523,16,1,1,1,0,-1,-1,-1,-1,-1
1485,73524,16,1,1,1,0,-1,-1,-1,-1,-1
1486,73525,11,1,1,1,0,-1,-1,-1,-1,-1
1487,73526,11,1,1,4,0,-1,-1,-1,-1,-1
1488,73527,11,7,1,1,0,50,-1,-1,-1,-1
1489,73528,-1,0,-1,-1,-1,-1,-1,-1,-1,-1
1490,73529,15,1,2,1,3,200,100,-1,-1,-1
1491,73530,15,1,2,1,3,200,100,-1,-1,-1
1492,73531,15,1,2,-1,0,200,100,-1,-1,-1
1493,73532,13,1,2,1,0,80,-1,-1,-1,-1
1494,73533,13,1,2,1,0,80,-1,-1,-1,-1
1495,73534,10,1,1,1,0,-1,-1,40,2,-1
1496,73535,10,1,1,1,0,-1,-1,40,2,-1
1497,73536,10,1,1,4,0,-1,-1,40,2,-1
1498,73537,11,1,1,1,0,150,-1,-1,-1,-1
1499,73538,11,1,1,1,0,150,-1,-1,-1,-1
1500,73539,10,7,2,2,0,80,-1,60,-1,-1
1501,73540,12,1,2,4,10,-1,-1,-1,-1,-1
1502,73541,12,1,2,1,10,-1,-1,-1,-1,-1
1503,73542,12,1,2,4,0,-1,-1,-1,-1,-1
1504,73543,12,1,2,4,0,-1,-1,-1,-1,-1
1505,73544,12,1,2,-1,0,-1,-1,-1,-1,-1
1506,73545,12,1,2,-1,0,-1,-1,-1,-1,-1
1507,73546,6,6,2,1,0,50,-1,-1,1,400
1508,73547,6,6,2,4,0,50,-1,-1,1,400
1509,73548,10,4,1,1,4,150,50,-1,-1,-1
1510,73549,10,4,1,-1,0,150,50,-1,-1,-1
1511,73550,10,1,1,4,0,-1,-1,-1,-1,-1
1512,73551,10,1,1,1,0,-1,-1,-1,-1,-1
1513,73552,10,1,1,4,0,-1,-1,-1,-1,-1
1514,73553,11,1,1,1,4,110,70,20,1,540
1515,73554,11,1,1,1,4,110,70,20,1,540
1516,73555,11,1,1,4,0,110,70,20,1,540
1517,73556,11,1,1,-1,0,110,70,20,1,540
1518,73557,15,4,1,1,0,210,40,-1,2,-1
1519,73558,15,4,1,1,0,210,40,-1,2,-1
1520,73559,15,4,1,1,0,210,40,-1,2,-1
1521,73560,15,4,1,1,0,210,40,-1,2,-1
1522,73561,-1,0,-1,-1,-1,-1,-1,-1,-1,-1
1523,73562,11,7,1,4,0,90,-1,-1,-1,-1
1524,73563,14,6,1,4,0,100,10,-1,-1,-1
1525,73564,8,7,1,4,0,-1,30,20,2,-1
1526,73565,8,7,1,4,0,50,-1,-1,-1,-1
1527,73566,4,7,1,4,0,-1,-1,-1,-1,-1
1528,73567,15,1,1,1,2,150,80,-1,-1,-1
1529,73568,15,1,1,1,2,150,80,-1,-1,-1
1530,73569,15,1,1,-1,0,150,80,-1,-1,-1
1531,73570,14,1,1,1,0,-1,-1,-1,-1,-1
1532,73571,14,1,1,1,0,-1,-1,-1,-1,-1
1533,73572,14,1,1,4,0,-1,-1,-1,-1,-1
1534,73573,14,1,1,1,0,-1,-1,-1,-1,-1
1535,73574,14,1,1,1,0,-1,-1,-1,-1,-1
1536,73575,14,1,1,4,0,-1,-1,-1,-1,-1
1537,73576,13,1,1,4,0,-1,-1,-1,-3,-1
1538,73577,13,1,1,1,0,-1,-1,-1,-3,-1
1539,73578,10,1,1,4,0,110,-1,-1,-1,-1
1540,73579,10,1,1,4,0,110,-1,-1,-1,-1
1541,73580,12,1,1,4,0,250,20,-1,2,-1
1542,73581,12,1,1,4,0,250,20,-1,2,-1
1543,73582,11,6,1,1,0,110,-1,-1,-1,-1
1544,73583,11,6,1,1,0,110,-1,-1,-1,-1
1545,73584,16,1,1,4,0,100,-1,-1,-1,-1
1546,73585,16,1,1,4,0,100,-1,-1,-1,-1
1547,73586,14,1,2,1,0,80,-1,-1,-1,-1
1548,73587,14,1,2,1,0,80,-1,-1,-1,-1
1549,73588,5,4,2,1,4,80,-1,20,2,-1
1550,73589,5,4,2,-1,0,80,-1,20,2,-1
1551,73590,12,1,1,1,0,-1,-1,-1,-1,-1
1552,73591,12,1,1,1,0,-1,-1,-1,-1,-1
1553,73592,11,7,1,1,0,-1,-1,-1,-1,-1
1554,73593,11,7,1,4,0,-2,-1,-1,-1,-1
1555,73594,14,4,2,4,1,80,-1,-1,-1,-1
1556,73595,14,4,2,1,1,80,-1,-1,-1,-1
1557,73596,14,4,2,-1,0,80,-1,-1,-1,-1
1558,73597,14,1,1,1,0,130,-1,-1,-1,-1
1559,73598,14,1,1,1,0,130,-1,-1,-1,-1
1560,73599,14,1,1,1,0,130,-1,-1,-1,-1
1561,73600,14,1,1,4,0,130,-1,-1,-1,-1
1562,73601,13,1,1,1,4,340,-1,-1,2,-1
1563,73602,13,1,1,1,4,340,-1,-1,2,-1
1564,73603,13,1,1,4,0,340,-1,-1,2,-1
1565,73604,13,1,1,4,0,340,-1,-1,2,-1
1566,73605,13,1,1,4,0,340,-1,-1,2,-1
1567,73606,3,3,1,4,3,-1,4,-1,2,-1
1568,73607,3,3,1,-1,0,-1,4,-1,2,-1
1569,73608,6,4,2,4,4,100,50,-1,2,-1
1570,73609,6,4,2,4,0,100,50,-1,2,-1
1571,73610,6,4,2,4,0,100,50,-1,2,-1
1572,73611,3,1,2,4,0,250,60,-1,2,-1
1573,73612,3,1,2,4,0,250,60,-1,2,-1
1574,73613,8,4,2,2,0,80,20,-1,2,-1
1575,73614,8,4,2,1,0,80,20,-1,2,-1
1576,73615,7,4,2,1,0,160,-1,50,2,-1
1577,73616,7,4,2,4,0,160,-1,50,2,-1
1578,73617,1,7,2,4,0,-1,-1,-1,1,100
1579,73618,9,6,1,4,0,-1,-1,-1,-1,-1
1580,74310,3,4,2,4,0,200,-1,-1,1,300
1581,74311,3,4,2,4,0,200,-1,-1,1,300
1582,74312,3,4,2,-1,0,200,-1,-1,1,300
1583,74313,3,4,2,-1,0,200,-1,-1,1,300
1584,74314,3,4,2,-1,0,200,-1,-1,1,300
1585,74315,6,1,1,4,0,30,-1,40,2,-1
1586,74316,6,1,1,4,0,30,-1,40,2,-1
1587,74317,5,6,4,1,0,-1,-1,-1,-1,-1
1588,74318,6,1,1,4,0,100,-1,-1,-1,-1
1589,74319,6,1,1,4,0,100,-1,-1,-1,-1
1590,74514,5,7,2,1,0,-1,-1,-1,2,-1
1591,74515,10,6,1,1,0,120,50,-1,-1,-1
1592,83788,-1,0,-1,-1,-1,-1,-1,-1,-1,-1
1593,83789,8,1,2,1,0,80,10,30,2,-1
1594,83790,8,1,2,4,0,80,10,30,2,-1
1595,83791,15,1,1,1,8,-1,60,-1,-1,-1
1596,83792,15,1,1,4,8,-1,60,-1,-1,-1
1597,83793,15,1,1,-1,0,-1,60,-1,-1,-1
1598,83794,15,1,1,-1,0,-1,60,-1,-1,-1
1599,83795,13,7,1,1,0,-1,100,-1,-1,-1
1600,83796,7,4,1,1,10,-1,-1,-1,2,-1
1601,83797,7,4,1,-1,0,-1,-1,-1,2,-1
1602,83798,7,4,1,-1,0,-1,-1,-1,2,-1
1603,83799,13,7,2,4,0,-1,-1,-1,-1,-1
1604,83800,4,4,2,4,2,-1,-1,-1,2,-1
1605,83801,4,4,2,-1,0,-1,-1,-1,2,-1
1606,83802,4,4,2,4,0,-1,-1,-1,2,-1
1607,83803,10,4,2,1,2,-1,-1,-1,-1,-1
1608,83804,10,4,2,-1,0,-1,-1,-1,-1,-1
1609,83805,12,3,1,1,2,-1,-1,-1,-1,-1
1610,83806,12,3,1,-1,0,-1,-1,-1,-1,-1
1611,83807,3,3,2,4,10,200,-1,-1,1,400
1612,83808,3,3,2,-1,0,200,-1,-1,1,400
1613,83809,3,3,2,-1,0,200,-1,-1,1,400
1614,83810,12,1,1,1,0,150,30,-1,-1,-1
1615,83811,12,1,1,1,0,150,30,-1,-1,-1
1616,83812,6,4,2,1,0,80,-1,50,2,-1
1617,83813,6,4,2,4,0,80,-1,50,2,-1
1618,83814,6,4,2,4,0,80,-1,50,2,-1
1619,83815,2,4,2,1,15,-2,-1,-1,1,140
1620,83816,2,4,2,4,0,-2,-1,-1,1,140
1621,83817,2,4,2,-1,0,-2,-1,-1,1,140
1622,83818,2,4,2,-1,0,-2,-1,-1,1,140
1623,83819,2,4,2,-1,0,-2,-1,-1,1,140
1624,83820,2,4,2,-1,0,-2,-1,-1,1,140
1625,83821,2,4,2,-1,0,-2,-1,-1,1,140
1626,83822,2,4,2,-1,0,-2,-1,-1,1,140
1627,83823,2,4,2,-1,0,-2,-1,-1,1,140
1628,83824,2,4,2,-1,0,-2,-1,-1,1,140
1629,83825,10,2,1,-1,5,200,100,-1,2,-1
1630,83826,10,2,1,4,5,200,100,-1,2,-1
1631,83827,10,2,1,-1,0,200,100,-1,2,-1
1632,83828,10,2,1,-1,0,200,100,-1,2,-1
1633,83829,16,4,1,1,0,150,100,-1,-1,-1
1634,83830,16,4,1,-1,0,150,100,-1,-1,-1
1635,83831,16,4,1,4,0,150,100,-1,-1,-1
1636,83832,16,1,1,1,4,300,-1,-1,-1,-1
1637,83833,16,1,1,1,4,300,-1,-1,-1,-1
1638,83834,16,1,1,4,0,300,-1,-1,-1,-1
1639,83835,16,1,1,-1,0,300,-1,-1,-1,-1
1640,83836,7,7,2,4,0,30,-1,-1,2,-1
1641,83837,1,4,2,1,0,50,-1,-1,2,-1
1642,83838,1,4,2,1,0,50,-1,-1,2,-1
1643,83839,14,4,1,1,0,50,30,-1,-1,-1
1644,83840,14,4,1,4,0,50,30,-1,-1,-1
1645,83841,10,6,1,1,0,100,50,-1,-1,-1
1646,83842,12,1,1,1,3,100,-1,-1,-1,-1
1647,83843,12,1,1,4,3,100,-1,-1,-1,-1
1648,83844,12,1,1,-1,0,100,-1,-1,-1,-1
1649,83845,6,6,1,4,0,150,20,-1,2,-1
1650,83846,-1,0,-1,-1,-1,-1,-1,-1,-1,-1
1651,83847,-1,0,-1,-1,-1,-1,-1,-1,-1,-1
1652,83848,15,1,1,1,0,-1,-1,-1,-1,-1
1653,83849,15,1,1,1,0,-1,-1,-1,-1,-1
1654,83850,15,1,1,1,0,-1,-1,-1,-1,-1
1655,83851,16,4,1,4,0,-1,-1,-1,-1,-1
1656,83852,16,4,1,1,0,-1,-1,-1,-1,-1
1657,83853,16,4,1,4,0,-1,-1,-1,-1,-1
1658,83854,14,6,2,1,0,80,20,-1,-1,-1
1659,83855,12,6,2,4,0,50,-1,-1,-1,-1
1660,83856,15,1,1,1,0,210,-1,-1,-1,-1
1661,83857,15,1,1,1,0,210,-1,-1,-1,-1
1662,83858,15,1,1,4,0,210,-1,-1,-1,-1
1663,83859,15,1,1,1,0,210,-1,-1,-1,-1
1664,83860,15,1,1,1,0,210,-1,-1,-1,-1
1665,83861,14,4,1,4,4,100,-1,-1,2,-1
1666,83862,14,4,1,4,0,100,-1,-1,2,-1
1667,83863,13,1,1,1,3,80,60,-1,-1,-1
1668,83864,13,1,4,4,3,80,60,-1,-1,-1
1669,83865,13,1,4,4,0,80,60,-1,-1,-1
1670,83866,13,1,1,-1,0,80,60,-1,-1,-1
1671,83867,15,1,4,1,9,-1,20,-1,-1,-1
1672,83868,15,1,4,1,9,-1,20,-1,-1,-1
1673,83869,15,1,4,-1,0,-1,20,-1,-1,-1
1674,83870,15,1,4,4,0,-1,20,-1,-1,-1
1675,83871,13,1,2,1,0,-1,-1,-1,-1,-1
1676,83872,13,1,2,1,0,-1,-1,-1,-1,-1
1677,83873,13,1,2,1,0,-1,-1,-1,-1,-1
1678,83874,13,1,2,1,0,-1,-1,-1,-1,-1
1679,83875,15,1,1,4,4,-1,-1,-1,-1,-1
1680,83876,15,1,1,1,4,-1,-1,-1,-1,-1
1681,83877,15,1,1,4,0,-1,-1,-1,-1,-1
1682,83878,6,1,1,4,8,90,-1,30,2,-1
1683,83879,6,1,1,4,8,90,-1,30,2,-1
1684,83880,6,1,1,-1,0,90,-1,30,2,-1
1685,83881,6,1,1,-1,0,90,-1,30,2,-1
1686,83882,9,1,1,4,0,-1,-1,-1,-1,-1
1687,83883,9,1,1,4,0,-1,-1,-1,-1,-1
1688,83884,9,1,1,1,0,-1,-1,-1,-1,-1
1689,83885,13,1,1,4,0,120,10,-1,-1,-1
1690,83886,13,1,1,1,0,120,10,-1,-1,-1
1691,83887,13,1,1,1,0,120,10,-1,-1,-1
1692,83888,13,1,1,4,0,120,10,-1,-1,-1
1693,83889,-1,0,-1,-1,-1,-1,-1,-1,-1,-1
1694,83890,13,1,1,1,10,230,80,-1,-1,-1
1695,83891,13,1,1,1,10,230,80,-1,-1,-1
1696,83892,13,1,1,4,0,230,80,-1,-1,-1
1697,83893,13,1,1,-1,0,230,80,-1,-1,-1
1698,83894,10,3,2,4,0,100,80,-1,2,-1
1699,83895,10,3,2,1,0,100,80,-1,2,-1
1700,83896,10,3,2,-1,0,100,80,-1,2,-1
1701,83897,12,7,1,1,0,-1,-1,-1,-1,-1
1702,83898,-1,0,-1,-1,-1,-1,-1,-1,-1,-1
1703,83899,-1,0,-1,-1,-1,-1,-1,-1,-1,-1
1704,83900,-1,0,-1,-1,-1,-1,-1,-1,-1,-1
1705,83901,14,1,1,1,8,250,40,-1,-1,-1
1706,83902,14,1,1,1,8,250,40,-1,-1,-1
1707,83903,14,1,1,-1,0,250,40,-1,-1,-1
1708,83904,14,1,1,-1,0,250,40,-1,-1,-1
1709,86650,10,6,2,1,0,150,20,100,2,-1
1710,86651,11,7,1,4,0,20,20,-1,-1,-1
1711,86652,8,1,1,4,0,130,30,-1,2,-1
1712,86653,8,1,1,4,0,130,30,-1,2,-1
1713,86654,1,4,2,4,3,80,30,100,2,-1
1714,86655,1,4,2,4,0,80,30,100,2,-1
1715,86656,1,4,2,-1,0,80,30,100,2,-1
1716,86657,1,4,2,-1,0,80,30,100,2,-1
1717,86658,15,6,1,1,0,120,-1,-1,-1,-1
1718,86659,15,6,1,1,0,120,-1,-1,-1,-1
1719,86660,6,1,1,1,0,100,170,-1,-1,-1
1720,86661,6,1,1,4,0,100,170,-1,-1,-1
1721,86662,12,1,1,1,0,-1,-1,-1,-1,-1
1722,86663,12,1,1,4,0,-1,-1,-1,-1,-1
1723,86664,15,1,1,1,4,150,50,-1,-1,-1
1724,86665,15,1,1,1,4,150,50,-1,-1,-1
1725,86666,15,1,1,4,0,150,50,-1,-1,-1
1726,86667,15,1,1,1,1,100,-1,-1,-1,-1
1727,86668,15,1,1,1,1,100,-1,-1,-1,-1
1728,86669,15,1,1,-1,0,100,-1,-1,-1,-1
1729,86670,4,1,2,4,0,130,10,-1,2,-1
1730,86671,4,1,2,4,0,130,10,-1,2,-1
1731,86672,7,1,2,4,3,230,30,-1,1,200
1732,86673,7,1,2,4,3,230,30,-1,1,200
1733,86674,7,1,2,-1,0,230,30,-1,1,200
1734,86675,7,1,1,1,3,-1,-1,-1,-1,-1
1735,86676,7,1,1,1,3,-1,-1,-1,-1,-1
1736,86677,7,1,1,-1,0,-1,-1,-1,-1,-1
1737,86678,8,4,2,1,2,-1,40,-1,2,-1
1738,86679,8,4,2,-1,0,-1,40,-1,2,-1
1739,86680,15,1,1,1,0,120,-1,-1,-1,-1
1740,86681,15,1,1,1,0,120,-1,-1,-1,-1
1741,86682,15,2,1,-1,0,-1,-1,-1,-1,-1
1742,86683,15,2,1,1,0,-1,-1,-1,-1,-1
1743,86684,15,2,1,1,0,-1,-1,-1,-1,-1
1744,86685,15,2,1,1,0,-1,-1,-1,-1,-1
1745,86686,14,1,3,1,0,150,-1,-1,-1,-1
1746,86687,14,1,1,4,0,150,-1,-1,-1,-1
1747,86688,14,7,2,4,0,-1,-1,-1,-1,-1
1748,86689,16,1,2,4,0,-1,-1,-1,-1,-1
1749,86690,16,1,2,4,0,-1,-1,-1,-1,-1
1750,86691,6,1,2,1,4,60,-1,-1,2,-1
1751,86692,6,1,2,3,0,60,-1,-1,2,-1
1752,86693,6,1,2,4,0,60,-1,-1,2,-1
1753,86694,6,1,2,-1,0,60,-1,-1,2,-1
1754,86695,6,1,2,1,4,60,-1,-1,2,-1
1755,86696,11,4,2,4,0,100,-1,-1,-1,-1
1756,86697,11,4,2,4,0,100,-1,-1,-1,-1
1757,86698,15,1,1,1,0,-1,-1,-1,-1,-1
1758,86699,15,1,1,1,0,-1,-1,-1,-1,-1
1759,86700,5,4,1,4,4,150,-1,150,1,300
1760,86701,5,4,1,-1,0,150,-1,150,1,300
1761,86702,11,6,6,1,0,60,50,-1,-1,-1
1762,86703,11,6,2,1,0,60,50,-1,-1,-1
1763,86704,3,7,1,4,0,100,-1,50,1,170
1764,86705,9,4,2,4,0,200,50,-1,2,-1
1765,86706,9,4,2,4,0,200,50,-1,2,-1
1766,86707,5,4,1,4,8,-1,-1,-1,-1,-1
1767,86708,5,4,1,-1,0,-1,-1,-1,-1,-1
1768,86709,5,4,1,-1,0,-1,-1,-1,-1,-1
1769,86710,7,6,1,4,0,80,20,-1,-1,-1
1770,86711,-1,0,-1,-1,-1,-1,-1,-1,-1,-1
1771,86712,-1,0,-1,-1,-1,-1,-1,-1,-1,-1
1772,86713,-1,0,-1,-1,-1,-1,-1,-1,-1,-1
1773,86714,15,1,1,4,0,150,20,20,-1,-1
1774,86715,15,1,1,4,0,150,20,20,-1,-1
1775,86716,14,1,1,1,10,100,50,-1,-1,-1
1776,86717,14,1,1,1,10,100,50,-1,-1,-1
1777,86718,14,1,1,4,0,100,50,-1,-1,-1
1778,86719,14,1,1,-1,0,100,50,-1,-1,-1
1779,86720,14,1,1,-1,0,100,50,-1,-1,-1
1780,86721,-1,0,-1,-1,-1,-1,-1,-1,-1,-1
1781,86722,5,6,1,1,0,-1,-1,-1,-1,-1
1782,86723,-1,0,-1,-1,-1,-1,-1,-1,-1,-1
1783,86724,3,7,1,1,0,-1,-1,-1,2,-1
1784,86725,13,4,2,1,3,180,60,-1,-1,-1
1785,86726,13,4,2,-1,0,180,60,-1,-1,-1
1786,86727,13,4,2,-1,0,180,60,-1,-1,-1
1787,86728,14,1,1,1,4,250,30,-1,-1,-1
1788,86729,14,1,1,1,4,250,30,-1,-1,-1
1789,86730,14,1,1,1,0,250,30,-1,-1,-1
1790,86731,14,1,1,4,0,250,30,-1,-1,-1
1791,86732,14,1,1,4,0,250,30,-1,-1,-1
1792,86733,-1,0,-1,-1,-1,-1,-1,-1,-1,-1
1793,86734,8,3,1,4,10,-1,-1,-1,1,360
1794,86735,8,3,1,4,0,-1,-1,-1,1,360
1795,86736,8,3,1,-1,0,-1,-1,-1,1,360
1796,86737,14,1,1,3,0,-1,-1,-1,-1,-1
1797,86738,14,1,1,4,0,-1,-1,-1,-1,-1
1798,86739,15,1,2,1,0,150,80,-1,-1,-1
1799,86740,15,1,2,4,0,150,80,-1,-1,-1
1800,86741,15,1,2,-1,0,150,80,-1,-1,-1
1801,86742,6,7,1,1,0,-1,-1,-1,2,-1
1802,86743,1,4,2,4,3,-1,-1,-1,-1,-1
1803,86744,1,4,2,-1,0,-1,-1,-1,-1,-1
1804,86745,1,4,2,4,0,-1,-1,-1,-1,-1
1805,86746,6,4,2,1,0,-1,-1,-1,2,-1
1806,86747,6,4,2,4,0,-1,-1,-1,2,-1
1807,86748,6,4,2,4,0,-1,-1,-1,2,-1
1808,96469,8,6,2,1,0,-1,-1,-1,-1,-1
1809,96470,13,7,2,1,0,-1,-1,-1,-1,-1
1810,96471,15,1,1,1,3,150,-1,-1,-1,-1
1811,96472,15,1,1,1,3,150,-1,-1,-1,-1
1812,96473,15,1,1,-1,0,150,-1,-1,-1,-1
1813,96474,7,4,1,4,0,-1,-1,-1,-1,-1
1814,96475,7,4,1,1,2,-1,-1,-1,-1,-1
1815,96476,7,4,1,-1,0,-1,-1,-1,-1,-1
1816,96477,-1,0,-1,-1,-1,-1,-1,-1,-1,-1
1817,96478,-1,0,-1,-1,-1,-1,-1,-1,-1,-1
1818,96479,-1,0,-1,-1,-1,-1,-1,-1,-1,-1
1819,96480,8,4,2,1,5,-1,40,100,2,-1
1820,96481,8,4,2,-1,0,-1,40,100,2,-1
1821,96482,8,4,2,-1,0,-1,40,100,2,-1
1822,96483,-1,0,-1,-1,-1,-1,-1,-1,-1,-1
1823,96484,12,1,1,1,0,210,-1,-1,-1,-1
1824,96485,12,1,1,1,0,210,-1,-1,-1,-1
1825,96486,14,6,1,1,0,100,80,-1,-1,-1
1826,96487,14,6,1,4,0,100,80,-1,-1,-1
1827,96488,3,7,2,1,0,-1,-1,-1,-1,-1
1828,96489,4,1,1,4,0,150,-1,-1,-1,-1
1829,96490,4,1,1,4,0,150,-1,-1,-1,-1
1830,96491,14,6,1,1,0,-1,-1,-1,-1,-1
1831,96492,15,1,1,1,0,50,-1,-1,-1,-1
1832,96493,15,1,1,4,0,50,-1,-1,-1,-1
1833,96494,-1,0,-1,-1,-1,-1,-1,-1,-1,-1
1834,96495,9,1,1,4,0,200,50,-1,2,-1
1835,96496,9,1,1,1,0,200,50,-1,2,-1
1836,96497,11,1,2,1,0,-1,-1,-1,-1,-1
1837,96498,11,1,2,1,0,-1,-1,-1,-1,-1
1838,96499,15,1,1,1,0,100,80,-1,-1,-1
1839,96500,15,1,1,1,0,100,80,-1,-1,-1
1840,96501,-1,0,-1,-1,-1,-1,-1,-1,-1,-1
1841,96502,11,4,2,1,0,200,-1,-1,-1,-1
1842,96503,11,4,2,1,0,200,-1,-1,-1,-1
1843,96504,15,1,1,1,0,130,50,-1,-1,-1
1844,96505,15,1,1,1,0,130,50,-1,-1,-1
1845,96506,15,1,1,1,0,130,50,-1,-1,-1
1846,96507,4,1,2,4,0,-1,-1,60,1,20
1847,96508,4,1,2,4,0,-1,-1,60,1,20
1848,96509,4,1,2,1,0,-1,-1,60,1,20
1849,96510,4,1,2,-1,0,-1,-1,60,1,20
1850,96511,4,1,2,4,0,-1,-1,60,1,20
1851,96512,4,1,2,4,0,-1,-1,60,1,20
1852,96513,6,4,2,1,0,150,-1,50,2,-1
1853,96514,6,4,2,4,0,150,-1,50,2,-1
1854,96515,-1,0,-1,-1,-1,-1,-1,-1,-1,-1
1855,96516,12,1,1,4,0,-1,-1,-1,-1,-1
1856,96517,12,1,1,4,0,-1,-1,-1,-1,-1
1857,96518,9,6,1,1,0,100,-1,-1,2,-1
1858,96519,9,6,1,1,0,100,-1,-1,2,-1
1859,96520,9,6,1,-1,0,100,-1,-1,2,-1
1860,96521,13,1,1,1,5,-1,-1,-1,-1,-1
1861,96522,13,1,1,1,5,-1,-1,-1,-1,-1
1862,96523,13,1,1,-1,0,-1,-1,-1,-1,-1
1863,96524,13,1,1,-1,0,-1,-1,-1,-1,-1
1864,96525,-1,0,-1,-1,-1,-1,-1,-1,-1,-1
1865,96526,5,4,1,4,0,-1,-1,-1,-1,-1
1866,96527,5,4,1,4,0,-1,-1,-1,-1,-1
1867,96528,5,4,1,4,0,-1,-1,-1,-1,-1
1868,96529,5,4,1,4,0,-1,-1,-1,-1,-1
1869,96530,3,4,2,1,4,-1,-1,-1,-1,-1
1870,96531,3,4,2,2,0,-1,-1,-1,-1,-1
1871,96532,3,4,2,4,0,-1,-1,-1,-1,-1
1872,96533,-1,0,-1,-1,-1,-1,-1,-1,-1,-1
1873,96534,16,1,1,1,0,200,100,-1,-1,-1
1874,96535,16,1,1,1,0,200,100,-1,-1,-1
1875,96536,13,1,1,1,4,150,80,-1,-1,-1
1876,96537,13,1,1,1,4,150,80,-1,-1,-1
1877,96538,13,1,1,4,0,150,80,-1,-1,-1
1878,96539,13,1,1,-1,0,150,80,-1,-1,-1
1879,96540,3,6,1,4,0,70,-1,-1,1,130
1880,96541,15,3,2,1,0,140,40,-1,2,-1
1881,96542,15,3,2,4,0,140,40,-1,2,-1
1882,96543,15,3,2,1,0,140,40,-1,2,-1
1883,96544,15,4,1,1,0,-1,-1,-1,-1,-1
1884,96545,15,4,1,1,0,-1,-1,-1,-1,-1
1885,96546,7,7,1,4,0,-1,-1,-1,-1,-1
1886,96547,-1,0,-1,-1,-1,-1,-1,-1,-1,-1
1887,96548,13,1,1,1,3,300,200,-1,-1,-1
1888,96549,13,1,1,1,3,300,200,-1,-1,-1
1889,96550,13,1,1,-1,0,300,200,-1,-1,-1
1890,96551,13,1,1,-1,0,300,200,-1,-1,-1
1891,96552,-1,0,-1,-1,-1,-1,-1,-1,-1,-1
1892,96553,-1,0,-1,-1,-1,-1,-1,-1,-1,-1
1893,100456,6,4,2,1,0,80,-1,40,2,-1
1894,100457,6,4,2,1,0,80,-1,40,2,-1
1895,100458,6,4,2,1,0,80,-1,40,2,-1
1896,100459,9,3,2,1,3,160,-1,100,1,260
1897,100460,9,3,2,-1,0,160,-1,100,1,260
1898,100461,16,4,2,1,8,200,-1,-1,-1,-1
1899,100462,16,4,2,1,0,200,-1,-1,-1,-1
1900,100463,16,4,2,1,0,200,-1,-1,-1,-1
1901,100464,16,4,2,-1,0,200,-1,-1,-1,-1
1902,100465,16,4,2,-1,0,200,-1,-1,-1,-1
1903,100466,-1,0,-1,-1,-1,-1,-1,-1,-1,-1
1904,100467,-1,0,-1,-1,-1,-1,-1,-1,-1,-1
1905,100468,5,4,1,4,0,350,-1,-1,2,-1
1906,100469,5,4,1,4,0,350,-1,-1,2,-1
1907,100470,5,4,1,-1,0,350,-1,-1,2,-1
1908,100471,5,4,1,-1,0,350,-1,-1,2,-1
1909,100472,9,7,2,4,0,-1,-1,-1,-1,-1
1910,100473,9,4,2,2,0,200,20,100,1,180
1911,100474,9,4,2,1,0,200,20,100,1,180
1912,100475,9,4,2,2,0,200,20,100,1,180
1913,100476,15,1,1,1,0,100,60,-1,-1,-1
1914,100477,15,1,1,1,0,100,60,-1,-1,-1
1915,100478,4,1,1,4,0,-1,-1,-1,-1,-1
1916,100479,4,1,1,4,0,-1,-1,-1,-1,-1
1917,100480,4,1,1,1,0,-1,-1,-1,-1,-1
1918,100481,9,6,2,1,0,130,30,-1,-1,-1
1919,100482,13,1,2,1,3,80,-1,-1,-1,-1
1920,100483,13,1,2,4,3,80,-1,-1,-1,-1
1921,100484,13,1,2,-1,0,80,-1,-1,-1,-1
1922,100485,13,1,1,4,0,150,-1,-1,-1,-1
1923,100486,13,1,1,4,0,150,-1,-1,-1,-1
1924,100487,16,2,1,-1,0,130,-1,-1,-1,-1
1925,100488,16,2,1,1,0,130,-1,-1,-1,-1
1926,100489,16,2,1,1,0,130,-1,-1,-1,-1
1927,100490,14,1,2,1,0,100,-1,-1,-1,-1
1928,100491,14,1,2,1,0,100,-1,-1,-1,-1
1929,100492,-1,0,-1,-1,-1,-1,-1,-1,-1,-1
1930,100493,12,4,1,1,3,160,50,-1,-1,-1
1931,100494,12,4,1,-1,0,160,50,-1,-1,-1
1932,100495,10,7,1,4,0,100,40,-1,-1,-1
1933,100496,1,6,1,4,0,-1,-1,-1,-1,-1
1934,100497,6,1,2,4,4,80,-1,30,2,-1
1935,100498,6,1,2,4,4,80,-1,30,2,-1
1936,100499,6,1,2,-1,0,80,-1,30,2,-1
1937,100500,15,1,2,1,3,100,100,-1,-1,-1
1938,100501,15,1,2,1,3,100,100,-1,-1,-1
1939,100502,15,1,2,1,0,100,100,-1,-1,-1
1940,100503,15,1,2,-1,0,100,100,-1,-1,-1
1941,100504,16,1,1,4,0,200,50,-1,-1,-1
1942,100505,16,1,1,1,0,200,50,-1,-1,-1
1943,103751,4,6,2,4,0,190,-1,200,1,190
1944,103752,4,7,2,4,0,30,30,-1,1,160
1945,103753,4,6,2,1,0,100,50,50,2,-1
1946,103754,10,7,2,1,0,-1,-1,-1,-1,-1
1947,103755,13,1,1,4,0,200,50,-1,-1,-1
1948,103756,13,1,1,1,0,200,50,-1,-1,-1
1949,103757,13,1,1,1,3,200,50,-1,-1,-1
1950,103758,13,1,1,-1,0,200,50,-1,-1,-1
1951,103759,10,1,2,4,0,100,-1,-1,-1,-1
1952,103760,10,1,2,4,0,100,-1,-1,-1,-1
1953,103761,8,7,2,1,0,100,40,-1,2,-1
1954,103762,8,6,2,4,0,80,10,-1,2,-1
1955,103763,14,1,2,4,0,-1,-1,40,2,-1
1956,103764,14,1,2,4,3,-1,-1,40,2,-1
1957,103765,14,1,2,-1,0,-1,-1,40,2,-1
1958,103766,14,1,2,-1,0,-1,-1,40,2,-1
1959,103767,14,1,2,1,0,-1,-1,40,2,-1
1960,103768,-1,0,-1,-1,-1,-1,-1,-1,-1,-1
1961,103769,11,4,2,1,0,70,30,-1,-1,-1
1962,103770,11,4,2,1,0,70,30,-1,-1,-1
1963,103771,15,1,1,1,0,100,-1,-1,-1,-1
1964,103772,15,1,1,1,0,100,-1,-1,-1,-1
1965,103773,11,7,2,1,0,100,70,-1,-1,-1
1966,103774,1,7,2,2,0,150,20,200,1,390
1967,103775,-1,0,-1,-1,-1,-1,-1,-1,-1,-1
1968,103776,3,7,1,4,0,60,-1,30,2,-1
1969,103777,3,7,1,1,0,60,-1,30,2,-1
1970,103778,-1,0,-1,-1,-1,-1,-1,-1,-1,-1
1971,103779,8,7,1,1,0,-1,-1,-1,1,190
1972,103780,8,7,1,1,0,-1,-1,-1,1,190
1973,103781,8,1,1,4,0,-1,-1,-1,2,-1
1974,103782,8,1,1,4,0,-1,-1,-1,2,-1
1975,103783,-1,0,-1,-1,-1,-1,-1,-1,-1,-1
1976,103784,8,7,2,1,0,150,40,-1,2,-1
1977,103785,14,1,1,1,0,-1,-1,-1,-1,-1
1978,103786,14,1,1,1,0,-1,-1,-1,-1,-1
1979,103787,14,1,1,1,0,-1,-1,-1,-1,-1
1980,103788,1,1,1,4,3,-1,-1,30,1,300
1981,103789,1,1,1,4,3,-1,-1,30,1,300
1982,103790,1,1,1,-1,0,-1,-1,30,1,300
1983,103791,15,1,1,1,1,210,-1,-1,-1,-1
1984,103792,15,1,1,4,1,210,-1,-1,-1,-1
1985,103793,15,1,1,-1,0,210,-1,-1,-1,-1
1986,103794,12,1,1,4,0,-1,-1,-1,-1,-1
1987,103795,12,1,1,1,0,-1,-1,-1,-1,-1
1988,103796,-1,0,-1,-1,-1,-1,-1,-1,-1,-1
1989,103797,12,1,2,1,10,-1,-1,-1,2,-1
1990,103798,12,1,2,1,10,-1,-1,-1,2,-1
1991,103799,12,1,2,4,0,-1,-1,-1,2,-1
1992,103800,12,1,2,-1,0,-1,-1,-1,2,-1
1993,103801,12,4,2,1,1,-1,-1,-1,-1,-1
1994,103802,12,4,2,-1,0,-1,-1,-1,-1,-1
1995,103803,12,4,2,-1,0,-1,-1,-1,-1,-1
1996,103804,14,1,1,1,0,-1,-1,-1,-1,-1
1997,103805,14,1,1,1,0,-1,-1,-1,-1,-1
1998,103806,14,1,1,1,2,100,-1,-1,-1,-1
1999,103807,14,1,1,1,2,100,-1,-1,-1,-1
2000,103808,14,1,1,-1,0,100,-1,-1,-1,-1
2001,103809,4,1,1,4,0,350,150,-1,-1,-1
2002,103810,4,1,1,1,0,350,150,-1,-1,-1
2003,103811,4,1,1,1,0,350,150,-1,-1,-1
2004,103812,4,1,1,1,0,350,150,-1,-1,-1
2005,103813,4,1,1,1,0,350,150,-1,-1,-1
2006,103814,14,7,1,1,0,50,30,-1,-1,-1
2007,103815,-1,0,-1,-1,-1,-1,-1,-1,-1,-1
2008,103816,4,7,2,4,0,-1,-1,-1,-1,-1
2009,103817,7,7,1,4,0,-1,-1,-1,-1,-1
2010,103818,6,1,1,1,2,200,-1,-1,-1,-1
2011,103819,6,1,1,4,0,200,-1,-1,-1,-1
2012,103820,6,1,1,4,0,200,-1,-1,-1,-1
2013,103821,6,1,1,-1,0,200,-1,-1,-1,-1
2014,103822,6,1,1,1,2,200,-1,-1,-1,-1
2015,103823,15,1,2,1,0,40,20,-1,-1,-1
2016,103824,15,1,2,1,0,40,20,-1,-1,-1
2017,103825,15,1,2,-1,0,40,20,-1,-1,-1
2018,103826,15,1,2,1,0,40,20,-1,-1,-1
2019,103827,16,1,1,1,0,-1,-1,-1,-1,-1
2020,103828,16,1,4,1,0,-1,-1,-1,-1,-1
2021,103829,16,1,1,1,0,-1,-1,-1,-1,-1
2022,103830,4,1,1,4,0,-1,-1,-1,-1,-1
2023,103831,4,1,1,4,0,-1,-1,-1,-1,-1
2024,103832,4,1,1,4,0,-1,-1,-1,-1,-1
2025,107571,8,7,2,1,0,60,50,-1,2,-1
2026,107572,1,4,1,1,10,100,50,-1,1,600
2027,107573,1,4,1,4,0,100,50,-1,1,600
2028,107574,1,4,1,-1,0,100,50,-1,1,600
2029,107575,15,1,2,4,3,-1,-1,-1,-1,-1
2030,107576,15,1,2,1,3,-1,-1,-1,-1,-1
2031,107577,15,1,2,-1,0,-1,-1,-1,-1,-1
2032,107578,15,1,2,-1,0,-1,-1,-1,-1,-1
2033,107579,15,1,2,4,0,-1,-1,-1,-1,-1
2034,107580,6,7,2,1,0,-1,-1,-1,-1,-1
2035,107581,1,4,2,4,3,200,-1,-1,2,-1
2036,107582,1,4,2,-1,0,200,-1,-1,2,-1
2037,107583,1,4,2,-1,0,200,-1,-1,2,-1
2038,107584,14,3,1,1,0,-1,-1,-1,-1,-1
2039,107585,14,3,1,4,0,-1,-1,-1,-1,-1
2040,107586,14,3,1,-1,0,-1,-1,-1,-1,-1
2041,107587,5,7,2,4,0,-1,-1,-1,-1,-1
2042,107588,5,6,2,4,0,-1,-1,-1,-1,-1
2043,107589,11,4,2,1,4,60,30,-1,2,-1
2044,107590,11,4,2,4,0,60,30,-1,2,-1
2045,107591,14,4,1,4,0,-1,-1,-1,-1,-1
2046,107592,14,4,1,1,0,-1,-1,-1,-1,-1
2047,107593,14,4,1,4,0,-1,-1,-1,-1,-1
2048,107594,3,6,1,4,0,-1,-1,80,2,-1
2049,107595,13,1,1,1,4,220,-1,-1,-1,-1
2050,107596,13,1,1,4,4,220,-1,-1,-1,-1
2051,107597,13,1,1,4,0,220,-1,-1,-1,-1
2052,107598,13,1,1,4,0,220,-1,-1,-1,-1
2053,107599,5,4,2,1,8,60,40,-1,1,4
2054,107600,5,4,2,-1,0,60,40,-1,1,4
2055,107601,5,4,2,-1,0,60,40,-1,1,4
2056,107602,7,3,1,1,0,-1,-1,-1,-1,-1
2057,107603,7,3,1,1,0,-1,-1,-1,-1,-1
2058,107604,7,3,1,-1,0,-1,-1,-1,-1,-1
2059,107605,4,4,1,4,0,70,-1,30,2,-1
2060,107606,4,4,1,4,0,70,-1,30,2,-1
2061,107607,12,1,1,1,3,250,20,-1,-1,-1
2062,107608,12,1,1,1,3,250,20,-1,-1,-1
2063,107609,12,1,1,-1,0,250,20,-1,-1,-1
2064,107610,15,4,1,1,0,150,-1,-1,-1,-1
2065,107611,15,4,1,1,0,150,-1,-1,-1,-1
2066,107612,-1,0,-1,-1,-1,-1,-1,-1,-1,-1
2067,107613,9,1,1,1,0,-1,-1,-1,-1,-1
2068,107614,9,1,1,4,0,-1,-1,-1,-1,-1
2069,107615,9,4,2,4,0,200,40,-1,1,-2
2070,107616,9,4,2,3,4,200,40,-1,1,-2
2071,107617,9,4,2,4,0,200,40,-1,1,-2
2072,107618,9,4,2,4,0,200,40,-1,1,-2
2073,107619,9,4,2,4,0,200,40,-1,1,-2
2074,107620,9,4,2,1,4,200,40,-1,1,-2
2075,107621,11,6,2,1,0,-1,20,-1,-1,-1
2076,107622,6,7,1,4,0,60,30,-1,-1,-1
2077,107623,13,1,1,4,0,-1,-1,-1,-1,-1
2078,107624,13,1,1,1,0,-1,-1,-1,-1,-1
2079,107625,-1,0,-1,-1,-1,-1,-1,-1,-1,-1
2080,107626,10,1,2,4,0,50,60,-1,-1,-1
2081,107627,10,1,2,4,0,50,60,-1,-1,-1
2082,107628,3,6,2,4,0,-1,-1,-1,2,-1
2083,107629,4,7,2,4,0,-1,-1,-1,2,-1
2084,107630,4,4,2,4,0,100,-1,-1,2,-1
2085,107631,4,4,2,4,0,100,-1,-1,2,-1
2086,107632,9,1,1,1,3,200,-1,-1,2,-1
2087,107633,9,1,1,1,3,200,-1,-1,2,-1
2088,107634,9,1,1,-1,0,200,-1,-1,2,-1
2089,107635,9,1,1,-1,0,200,-1,-1,2,-1
2090,107636,14,1,2,4,3,-1,-1,-1,-1,-1
2091,107637,14,1,2,1,3,-1,-1,-1,-1,-1
2092,107638,14,1,2,-1,0,-1,-1,-1,-1,-1
2093,107639,14,1,2,1,0,-1,-1,-1,-1,-1
2094,107640,15,1,1,4,0,230,20,-1,-1,-1
2095,107641,15,1,1,1,0,230,20,-1,-1,-1
2096,107642,8,3,1,1,0,-1,-1,-1,-1,-1
2097,107643,8,3,1,1,0,-1,-1,-1,-1,-1
2098,107644,11,1,1,4,0,70,-1,30,-1,-1
2099,107645,11,1,1,4,0,70,-1,30,-1,-1
2100,107646,16,1,1,1,0,130,100,-1,2,-1
2101,107647,16,1,1,1,0,130,100,-1,2,-1
2102,107648,14,6,1,1,0,80,-1,50,-1,-1
2103,107649,14,6,1,4,0,80,-1,50,-1,-1
2104,107650,-1,0,-1,-1,-1,-1,-1,-1,-1,-1
2105,107651,15,1,1,1,3,100,200,-1,-1,-1
2106,107652,15,1,1,1,3,100,200,-1,-1,-1
2107,107653,15,1,1,-1,0,100,200,-1,-1,-1
2108,107654,15,1,1,-1,0,100,200,-1,-1,-1
2109,107655,15,4,1,1,0,300,20,-1,-1,-1
2110,107656,15,4,1,1,0,300,20,-1,-1,-1
2111,107657,-1,0,-1,-1,-1,-1,-1,-1,-1,-1
2112,107658,11,6,1,4,0,-2,-1,-1,-1,-1
2113,107659,-1,0,-1,-1,-1,-1,-1,-1,-1,-1
2114,107660,8,6,2,1,0,50,40,-1,-1,-1
2115,107661,10,7,1,1,0,100,40,-1,2,-1
2116,107662,1,7,2,4,0,-1,-1,-1,-1,-1
2117,109109,6,4,2,1,10,100,-1,-1,2,-1
2118,109110,6,4,2,4,0,100,-1,-1,2,-1
2119,109111,6,4,2,-1,0,100,-1,-1,2,-1
2120,109112,6,4,2,-1,0,100,-1,-1,2,-1
2121,109113,7,4,2,4,0,-1,-1,-1,-1,-1
2122,109114,7,4,2,4,0,-1,-1,-1,-1,-1
2123,109115,7,4,2,1,4,-1,-1,-1,-1,-1
2124,109116,7,4,2,2,0,-1,-1,-1,-1,-1
2125,109117,1,1,2,4,10,-1,-1,-1,-1,-1
2126,109118,1,1,2,1,10,-1,-1,-1,-1,-1
2127,109119,1,1,2,1,0,-1,-1,-1,-1,-1
2128,109120,1,1,2,-1,0,-1,-1,-1,-1,-1
2129,109121,8,4,2,1,0,-1,-1,-1,-1,-1
2130,109122,8,4,2,2,0,-1,-1,-1,-1,-1
2131,109123,8,4,2,1,0,-1,-1,-1,-1,-1
2132,109124,10,4,2,1,3,60,-1,100,2,-1
2133,109125,10,4,2,-1,0,60,-1,100,2,-1
2134,109126,10,4,2,-1,0,60,-1,100,2,-1
2135,109127,12,1,1,1,1,100,50,200,2,-1
2136,109128,12,1,1,1,1,100,50,200,2,-1
2137,109129,12,1,1,-1,0,100,50,200,2,-1
2138,109130,13,6,2,1,0,60,-1,-1,-1,-1
2139,109131,5,6,2,1,0,50,-1,-1,2,-1
2140,109132,12,1,1,1,0,-1,-1,-1,-1,-1
2141,109133,12,1,1,1,0,-1,-1,-1,-1,-1
2142,109134,5,7,2,4,0,-1,-1,-1,-1,-1
2143,109135,-1,0,-1,-1,-1,-1,-1,-1,-1,-1
2144,109136,13,1,1,4,0,-1,-1,-1,-1,-1
2145,109137,13,1,1,1,0,-1,-1,-1,-1,-1
2146,109138,11,4,1,1,0,90,-1,-1,-1,-1
2147,109139,11,4,1,1,0,90,-1,-1,-1,-1
2148,109140,11,4,1,1,0,90,-1,-1,-1,-1
2149,109141,8,4,2,4,0,130,-1,-1,-1,-1
2150,109142,8,4,2,4,0,130,-1,-1,-1,-1
2151,109143,6,7,2,1,0,120,30,-1,2,-1
2152,109144,13,7,2,1,0,40,100,-1,-1,-1
2153,109145,6,6,2,1,0,40,-1,-1,-1,-1
2154,109146,-1,0,-1,-1,-1,-1,-1,-1,-1,-1
2155,109147,13,7,1,1,0,150,-1,-1,-1,-1
2156,109148,13,7,1,1,0,150,-1,-1,-1,-1
2157,109149,15,1,1,1,6,150,100,-1,-1,-1
2158,109150,15,1,1,1,6,150,100,-1,-1,-1
2159,109151,15,1,6,-1,0,150,100,-1,-1,-1
2160,109152,15,1,1,-1,0,150,100,-1,-1,-1
2161,109153,14,1,1,1,0,-1,-1,-1,-1,-1
2162,109154,14,1,1,1,0,-1,-1,-1,-1,-1
2163,109155,3,6,1,1,0,50,10,-1,2,-1
2164,109156,3,6,1,1,0,50,10,-1,2,-1
2165,109157,13,1,1,4,0,100,50,-1,-1,-1
2166,109158,13,1,1,4,0,100,50,-1,-1,-1
2167,109159,11,7,1,4,0,-1,-1,-1,-1,-1
2168,109160,13,4,2,1,2,-1,-1,-1,-1,-1
2169,109161,13,4,2,1,2,-1,-1,-1,-1,-1
2170,109162,13,4,2,-1,0,-1,-1,-1,-1,-1
2171,109163,9,4,2,1,0,90,120,-1,-1,-1
2172,109164,9,4,2,1,0,90,120,-1,-1,-1
2173,109165,-1,0,-1,-1,-1,-1,-1,-1,-1,-1
2174,110364,9,4,1,1,10,150,-1,-1,2,-1
2175,110365,9,4,1,4,0,150,-1,-1,2,-1
2176,110366,9,4,1,-1,0,150,-1,-1,2,-1
2177,110367,9,4,1,-1,0,150,-1,-1,2,-1
2178,110368,11,4,1,1,6,150,30,-1,2,-1
2179,110369,11,4,1,-1,0,150,30,-1,2,-1
2180,110370,11,4,1,-1,0,150,30,-1,2,-1
2181,110371,11,4,1,-1,0,150,30,-1,2,-1
2182,110372,4,1,6,4,11,200,50,-1,1,648
2183,110373,4,1,1,1,11,200,50,-1,1,648
2184,110374,4,1,6,-1,0,200,50,-1,1,648
2185,110375,4,1,6,-1,0,200,50,-1,1,648
2186,110376,4,1,6,-1,0,200,50,-1,1,648
2187,110377,15,1,1,4,0,-1,-1,-1,-1,-1
2188,110378,15,1,2,1,0,-1,-1,-1,-1,-1
2189,110379,15,1,2,1,0,-1,-1,-1,-1,-1
2190,110380,-1,0,-1,-1,-1,-1,-1,-1,-1,-1
2191,110381,3,6,2,4,0,50,-1,-1,1,180
2192,110382,16,1,1,1,6,150,100,-1,-1,-1
2193,110383,16,1,1,1,6,150,100,-1,-1,-1
2194,110384,16,1,1,-1,0,150,100,-1,-1,-1
2195,110385,16,1,1,-1,0,150,100,-1,-1,-1
2196,110386,7,4,1,4,4,-1,-1,-1,1,40
2197,110387,7,4,1,1,0,-1,-1,-1,1,40
2198,110388,7,4,1,4,0,-1,-1,-1,1,40
2199,110389,7,4,1,4,0,-1,-1,-1,1,40
2200,110390,16,1,1,1,0,300,80,-1,-1,-1
2201,110391,16,1,1,1,0,300,80,-1,-1,-1
2202,110392,16,1,1,1,0,300,80,-1,-1,-1
2203,110393,16,1,1,1,0,300,80,-1,-1,-1
2204,110394,16,6,1,1,0,100,-1,-1,-1,-1
2205,110395,1,6,1,4,0,-1,150,-1,2,-1
2206,110396,1,6,1,1,0,-1,150,-1,2,-1
2207,110397,13,1,1,1,0,150,-1,-1,-1,-1
2208,110398,13,1,1,1,0,150,-1,-1,-1,-1
2209,110399,15,1,1,1,0,-1,-1,-1,-1,-1
2210,110400,15,1,1,1,0,-1,-1,-1,-1,-1
2211,110401,10,7,2,1,0,-1,100,-1,-1,-1
2212,110402,7,4,2,4,0,100,-1,-1,-1,-1
2213,110403,7,4,2,4,0,100,-1,-1,-1,-1
2214,110404,7,4,2,1,3,100,-1,-1,-1,-1
2215,110405,7,4,2,-1,0,100,-1,-1,-1,-1
2216,110406,13,6,2,1,0,-1,-1,-1,-1,-1
2217,110407,5,6,2,1,0,-1,-1,-1,-1,-1
2218,114959,-1,0,-1,-1,-1,-1,-1,-1,-1,-1
2219,114960,-1,0,-1,-1,-1,-1,-1,-1,-1,-1
2220,114961,-1,0,-1,-1,-1,-1,-1,-1,-1,-1
2221,114962,-1,0,-1,-1,-1,-1,-1,-1,-1,-1
2222,114963,-1,0,-1,-1,-1,-1,-1,-1,-1,-1
2223,114964,-1,0,-1,-1,-1,-1,-1,-1,-1,-1
2224,114965,-1,0,-1,-1,-1,-1,-1,-1,-1,-1
2225,114966,-1,0,-1,-1,-1,-1,-1,-1,-1,-1
2226,114967,-1,0,-1,-1,-1,-1,-1,-1,-1,-1
2227,114968,-1,0,-1,-1,-1,-1,-1,-1,-1,-1
2228,114969,-1,0,-1,-1,-1,-1,-1,-1,-1,-1
2229,114970,13,1,2,1,13,100,30,-1,-1,-1
2230,114971,13,1,2,1,13,100,30,-1,-1,-1
2231,114972,13,1,2,4,0,100,30,-1,-1,-1
2232,114973,13,1,2,-1,0,100,30,-1,-1,-1
2233,114974,13,1,2,-1,0,100,30,-1,-1,-1
2234,114975,-1,0,-1,-1,-1,-1,-1,-1,-1,-1
2235,114976,-1,0,-1,-1,-1,-1,-1,-1,-1,-1
2236,114977,-1,0,-1,-1,-1,-1,-1,-1,-1,-1
2237,114978,13,1,1,1,0,300,-1,-1,2,-1
2238,114979,13,1,1,1,0,300,-1,-1,2,-1
2239,114980,13,1,1,1,3,300,-1,-1,2,-1
2240,114981,13,1,1,-1,0,300,-1,-1,2,-1
2241,114982,10,7,1,1,0,-1,-1,-1,-1,-1
2242,114983,11,1,2,1,0,330,-1,80,-1,-1
2243,114984,11,1,2,4,0,330,-1,80,-1,-1
2244,114985,16,6,1,1,0,-1,-1,-1,-1,-1
2245,114986,8,4,2,2,10,150,-1,60,1,350
2246,114987,8,4,2,-1,0,150,-1,60,1,350
2247,114988,8,4,2,-1,0,150,-1,60,1,350
2248,114989,8,1,1,4,4,-1,-1,-1,2,-1
2249,114990,8,1,1,1,4,-1,-1,-1,2,-1
2250,114991,8,1,1,-1,0,-1,-1,-1,2,-1
2251,114992,-1,0,-1,-1,-1,-1,-1,-1,-1,-1
2252,114993,-1,0,-1,-1,-1,-1,-1,-1,-1,-1
2253,114994,-1,0,-1,-1,-1,-1,-1,-1,-1,-1
2254,114995,-1,0,-1,-1,-1,-1,-1,-1,-1,-1
2255,114996,-1,0,-1,-1,-1,-1,-1,-1,-1,-1
2256,114997,-1,0,-1,-1,-1,-1,-1,-1,-1,-1
2257,114998,-1,0,-1,-1,-1,-1,-1,-1,-1,-1
2258,114999,-1,0,-1,-1,-1,-1,-1,-1,-1,-1
2259,115000,-1,0,-1,-1,-1,-1,-1,-1,-1,-1
2260,115001,-1,0,-1,-1,-1,-1,-1,-1,-1,-1
2261,115002,-1,0,-1,-1,-1,-1,-1,-1,-1,-1
2262,115003,-1,0,-1,-1,-1,-1,-1,-1,-1,-1
2263,115004,16,1,1,1,0,100,90,-1,-1,-1
2264,115005,16,1,1,1,0,100,90,-1,-1,-1
2265,115006,-1,0,-1,-1,-1,-1,-1,-1,-1,-1
2266,115007,-1,0,-1,-1,-1,-1,-1,-1,-1,-1
2267,115008,-1,0,-1,-1,-1,-1,-1,-1,-1,-1
2268,115009,-1,0,-1,-1,-1,-1,-1,-1,-1,-1
2269,115010,-1,0,-1,-1,-1,-1,-1,-1,-1,-1
2270,115011,-1,0,-1,-1,-1,-1,-1,-1,-1,-1
2271,115012,-1,0,-1,-1,-1,-1,-1,-1,-1,-1
2272,115013,-1,0,-1,-1,-1,-1,-1,-1,-1,-1
2273,115014,-1,0,-1,-1,-1,-1,-1,-1,-1,-1
2274,115015,-1,0,-1,-1,-1,-1,-1,-1,-1,-1
2275,115016,-1,0,-1,-1,-1,-1,-1,-1,-1,-1
2276,115017,-1,0,-1,-1,-1,-1,-1,-1,-1,-1
2277,115018,-1,0,-1,-1,-1,-1,-1,-1,-1,-1
2278,115019,14,1,1,4,13,330,110,-1,2,-1
2279,115020,14,1,1,1,13,330,110,-1,2,-1
2280,115021,14,1,1,-1,0,330,110,-1,2,-1
2281,115022,14,1,1,-1,0,330,110,-1,2,-1
2282,115023,14,1,1,-1,0,330,110,-1,2,-1
2283,115024,14,1,1,-1,0,330,110,-1,2,-1
2284,115025,14,1,1,-1,0,330,110,-1,2,-1
2285,115026,14,1,1,-1,0,330,110,-1,2,-1
2286,115027,-1,0,-1,-1,-1,-1,-1,-1,-1,-1
2287,115028,-1,0,-1,-1,-1,-1,-1,-1,-1,-1
2288,115029,-1,0,-1,-1,-1,-1,-1,-1,-1,-1
2289,115030,-1,0,-1,-1,-1,-1,-1,-1,-1,-1
2290,115031,16,1,1,4,2,-1,-1,-1,-1,-1
2291,115032,16,1,1,1,2,-1,-1,-1,-1,-1
2292,115033,16,1,1,-1,0,-1,-1,-1,-1,-1
2293,115034,16,1,1,1,4,-1,-1,-1,-1,-1
2294,115035,16,1,1,1,4,-1,-1,-1,-1,-1
2295,115036,16,1,1,1,0,-1,-1,-1,-1,-1
2296,115037,16,1,1,1,0,-1,-1,-1,-1,-1
2297,115038,16,1,1,1,0,-1,-1,-1,-1,-1
2298,115039,16,1,1,-1,0,-1,-1,-1,-1,-1
2299,115040,-1,0,-1,-1,-1,-1,-1,-1,-1,-1
2300,115041,-1,0,-1,-1,-1,-1,-1,-1,-1,-1
2301,115042,12,7,2,2,0,-1,-1,-1,-1,-1
2302,115043,12,7,2,2,0,-1,-1,-1,-1,-1
2303,115044,-1,0,-1,-1,-1,-1,-1,-1,-1,-1
2304,115045,11,6,2,4,0,-1,-1,-1,-1,-1
2305,115046,-1,0,-1,-1,-1,-1,-1,-1,-1,-1
2306,115047,-1,0,-1,-1,-1,-1,-1,-1,-1,-1
2307,115048,-1,0,-1,-1,-1,-1,-1,-1,-1,-1
2308,115049,-1,0,-1,-1,-1,-1,-1,-1,-1,-1
2309,115050,-1,0,-1,-1,-1,-1,-1,-1,-1,-1
2310,115051,-1,0,-1,-1,-1,-1,-1,-1,-1,-1
2311,115052,-1,0,-1,-1,-1,-1,-1,-1,-1,-1
2312,115053,15,1,1,1,4,150,40,-1,-1,-1
2313,115054,15,1,1,1,4,150,40,-1,-1,-1
2314,115055,15,1,1,-1,0,150,40,-1,-1,-1
2315,115056,-1,0,-1,-1,-1,-1,-1,-1,-1,-1
2316,115057,-1,0,-1,-1,-1,-1,-1,-1,-1,-1
2317,115058,-1,0,-1,-1,-1,-1,-1,-1,-1,-1
2318,115059,-1,0,-1,-1,-1,-1,-1,-1,-1,-1
2319,115060,-1,0,-1,-1,-1,-1,-1,-1,-1,-1
2320,115061,-1,0,-1,-1,-1,-1,-1,-1,-1,-1
2321,115062,-1,0,-1,-1,-1,-1,-1,-1,-1,-1
2322,115063,-1,0,-1,-1,-1,-1,-1,-1,-1,-1
2323,115064,-1,0,-1,-1,-1,-1,-1,-1,-1,-1
2324,115065,-1,0,-1,-1,-1,-1,-1,-1,-1,-1
2325,115066,-1,0,-1,-1,-1,-1,-1,-1,-1,-1
2326,115067,-1,0,-1,-1,-1,-1,-1,-1,-1,-1
2327,115068,-1,0,-1,-1,-1,-1,-1,-1,-1,-1
2328,115069,-1,0,-1,-1,-1,-1,-1,-1,-1,-1
2329,115070,-1,0,-1,-1,-1,-1,-1,-1,-1,-1
2330,115071,-1,0,-1,-1,-1,-1,-1,-1,-1,-1
2331,115072,-1,0,-1,-1,-1,-1,-1,-1,-1,-1
2332,115073,-1,0,-1,-1,-1,-1,-1,-1,-1,-1
2333,115074,-1,0,-1,-1,-1,-1,-1,-1,-1,-1
2334,115075,8,6,1,4,0,-1,-1,-1,-1,-1
2335,115076,14,1,1,1,0,150,-1,-1,-1,-1
2336,115077,14,1,1,1,0,150,-1,-1,-1,-1
2337,115078,-1,0,-1,-1,-1,-1,-1,-1,-1,-1
2338,115079,4,7,1,1,0,100,-1,-1,-1,-1
2339,115080,-1,0,-1,-1,-1,-1,-1,-1,-1,-1
2340,115081,11,7,2,1,0,80,50,-1,-1,-1
2341,115082,7,1,2,1,1,200,-1,-1,2,-1
2342,115083,7,1,2,1,1,200,-1,-1,2,-1
2343,115084,7,1,2,-1,0,200,-1,-1,2,-1
2344,115085,6,7,2,1,0,60,-1,-1,2,-1
2345,115086,-1,0,-1,-1,-1,-1,-1,-1,-1,-1
2346,115087,7,7,1,4,0,110,30,-1,-1,-1
2347,115088,-1,0,-1,-1,-1,-1,-1,-1,-1,-1
2348,115089,-1,0,-1,-1,-1,-1,-1,-1,-1,-1
2349,115090,4,7,2,4,0,-1,-1,-1,1,100
2350,115091,-1,0,-1,-1,-1,-1,-1,-1,-1,-1
2351,115092,-1,0,-1,-1,-1,-1,-1,-1,-1,-1
2352,115093,-1,0,-1,-1,-1,-1,-1,-1,-1,-1
2353,115094,4,7,1,4,0,-1,-1,-1,-1,-1
2354,115095,-1,0,-1,-1,-1,-1,-1,-1,-1,-1
2355,118135,16,1,2,1,0,-1,200,-1,-1,-1
2356,118136,16,1,2,1,0,-1,200,-1,-1,-1
2357,118137,1,6,2,4,0,-1,-1,-1,-1,-1
2358,118138,-1,0,-1,-1,-1,-1,-1,-1,-1,-1
2359,118139,-1,0,-1,-1,-1,-1,-1,-1,-1,-1
2360,118140,-1,0,-1,-1,-1,-1,-1,-1,-1,-1
2361,118141,-1,0,-1,-1,-1,-1,-1,-1,-1,-1
2362,118142,-1,0,-1,-1,-1,-1,-1,-1,-1,-1
2363,118143,-1,0,-1,-1,-1,-1,-1,-1,-1,-1
2364,118144,-1,0,-1,-1,-1,-1,-1,-1,-1,-1
2365,118145,-1,0,-1,-1,-1,-1,-1,-1,-1,-1
2366,118146,-1,0,-1,-1,-1,-1,-1,-1,-1,-1
2367,118147,-1,0,-1,-1,-1,-1,-1,-1,-1,-1
2368,118148,8,2,1,-1,4,150,30,-1,2,-1
2369,118149,8,2,1,1,4,150,30,-1,2,-1
2370,118150,8,2,1,4,0,150,30,-1,2,-1
2371,118151,-1,0,-1,-1,-1,-1,-1,-1,-1,-1
2372,118152,-1,0,-1,-1,-1,-1,-1,-1,-1,-1
2373,118153,11,6,4,1,0,40,30,-1,-1,-1
2374,118154,-1,0,-1,-1,-1,-1,-1,-1,-1,-1
2375,118155,-1,0,-1,-1,-1,-1,-1,-1,-1,-1
2376,118156,-1,0,-1,-1,-1,-1,-1,-1,-1,-1
2377,118157,-1,0,-1,-1,-1,-1,-1,-1,-1,-1
2378,118158,-1,0,-1,-1,-1,-1,-1,-1,-1,-1
2379,118159,-1,0,-1,-1,-1,-1,-1,-1,-1,-1
2380,118160,-1,0,-1,-1,-1,-1,-1,-1,-1,-1
2381,118161,-1,0,-1,-1,-1,-1,-1,-1,-1,-1
2382,118162,-1,0,-1,-1,-1,-1,-1,-1,-1,-1
2383,118163,-1,0,-1,-1,-1,-1,-1,-1,-1,-1
2384,118164,-1,0,-1,-1,-1,-1,-1,-1,-1,-1
2385,118165,3,7,4,4,0,-1,-1,-1,-1,-1
2386,118166,-1,0,-1,-1,-1,-1,-1,-1,-1,-1
2387,118167,-1,0,-1,-1,-1,-1,-1,-1,-1,-1
2388,118168,-1,0,-1,-1,-1,-1,-1,-1,-1,-1
2389,118169,-1,0,-1,-1,-1,-1,-1,-1,-1,-1
2390,118170,-1,0,-1,-1,-1,-1,-1,-1,-1,-1
2391,118171,-1,0,-1,-1,-1,-1,-1,-1,-1,-1
2392,118172,-1,0,-1,-1,-1,-1,-1,-1,-1,-1
2393,118173,-1,0,-1,-1,-1,-1,-1,-1,-1,-1
2394,118174,-1,0,-1,-1,-1,-1,-1,-1,-1,-1
2395,118175,-1,0,-1,-1,-1,-1,-1,-1,-1,-1
2396,118176,-1,0,-1,-1,-1,-1,-1,-1,-1,-1
2397,118177,-1,0,-1,-1,-1,-1,-1,-1,-1,-1
2398,118178,-1,0,-1,-1,-1,-1,-1,-1,-1,-1
2399,118179,-1,0,-1,-1,-1,-1,-1,-1,-1,-1
2400,118180,-1,0,-1,-1,-1,-1,-1,-1,-1,-1
2401,118181,-1,0,-1,-1,-1,-1,-1,-1,-1,-1
2402,118182,-1,0,-1,-1,-1,-1,-1,-1,-1,-1
2403,118183,14,1,1,4,0,150,20,-1,-1,-1
2404,118184,14,1,4,4,0,150,20,-1,-1,-1
2405,118185,-1,0,-1,-1,-1,-1,-1,-1,-1,-1
2406,118186,-1,0,-1,-1,-1,-1,-1,-1,-1,-1
2407,118187,-1,0,-1,-1,-1,-1,-1,-1,-1,-1
2408,118188,-1,0,-1,-1,-1,-1,-1,-1,-1,-1
2409,118189,8,6,2,1,0,-1,20,-1,2,-1
2410,118190,-1,0,-1,-1,-1,-1,-1,-1,-1,-1
2411,118191,-1,0,-1,-1,-1,-1,-1,-1,-1,-1
2412,118192,-1,0,-1,-1,-1,-1,-1,-1,-1,-1
2413,118193,-1,0,-1,-1,-1,-1,-1,-1,-1,-1
2414,118194,11,1,1,1,10,180,-1,-1,2,-1
2415,118195,11,1,1,1,10,180,-1,-1,2,-1
2416,118196,11,1,1,4,0,180,-1,-1,2,-1
2417,118197,11,1,1,-1,0,180,-1,-1,2,-1
2418,118198,11,1,1,-1,0,180,-1,-1,2,-1
2419,118199,-1,0,-1,-1,-1,-1,-1,-1,-1,-1
2420,118200,-1,0,-1,-1,-1,-1,-1,-1,-1,-1
2421,118201,14,1,1,1,3,150,20,-1,-1,-1
2422,118202,14,1,1,4,3,150,20,-1,-1,-1
2423,118203,14,1,1,-1,0,150,20,-1,-1,-1
2424,118204,14,1,1,-1,0,150,20,-1,-1,-1
2425,118205,-1,0,-1,-1,-1,-1,-1,-1,-1,-1
2426,118206,9,1,1,4,10,-1,-1,-1,-1,-1
2427,118207,9,1,1,4,10,-1,-1,-1,-1,-1
2428,118208,9,1,1,-1,0,-1,-1,-1,-1,-1
2429,118209,9,1,1,-1,0,-1,-1,-1,-1,-1
2430,118210,9,1,1,-1,0,-1,-1,-1,-1,-1
2431,118211,-1,0,-1,-1,-1,-1,-1,-1,-1,-1
2432,118212,-1,0,-1,-1,-1,-1,-1,-1,-1,-1
2433,118213,-1,0,-1,-1,-1,-1,-1,-1,-1,-1
2434,118214,-1,0,-1,-1,-1,-1,-1,-1,-1,-1
2435,118215,-1,0,-1,-1,-1,-1,-1,-1,-1,-1
2436,118216,-1,0,-1,-1,-1,-1,-1,-1,-1,-1
2437,118217,-1,0,-1,-1,-1,-1,-1,-1,-1,-1
2438,118218,9,1,1,2,14,150,4,30,1,360
2439,118219,9,1,1,4,14,150,4,30,1,360
2440,118220,9,1,1,-1,0,150,4,30,1,360
2441,118221,9,1,1,-1,0,150,4,30,1,360
2442,118222,9,1,1,4,0,150,4,30,1,360
2443,118223,-1,0,-1,-1,-1,-1,-1,-1,-1,-1
2444,118224,-1,0,-1,-1,-1,-1,-1,-1,-1,-1
2445,118225,6,3,2,1,8,180,-1,-1,1,280
2446,118226,6,3,2,-1,0,180,-1,-1,1,280
2447,118227,6,3,2,-1,0,180,-1,-1,1,280
2448,118228,6,3,2,-1,0,180,-1,-1,1,280
2449,118229,-1,0,-1,-1,-1,-1,-1,-1,-1,-1
2450,118230,16,1,1,1,0,-1,-1,-1,-1,-1
2451,118231,16,1,1,1,0,-1,-1,-1,-1,-1
2452,118232,7,7,2,4,0,-1,-1,-1,-1,-1
2453,118233,-1,0,-1,-1,-1,-1,-1,-1,-1,-1
2454,118234,-1,0,-1,-1,-1,-1,-1,-1,-1,-1
2455,118235,11,1,1,4,5,130,20,-1,2,-1
2456,118236,11,1,1,1,5,130,20,-1,2,-1
2457,118237,11,1,1,-1,0,130,20,-1,2,-1
2458,118238,11,1,1,-1,0,130,20,-1,2,-1
2459,118239,-1,0,-1,-1,-1,-1,-1,-1,-1,-1
2460,118240,1,7,2,4,0,100,-1,-1,-1,-1
2461,118241,-1,0,-1,-1,-1,-1,-1,-1,-1,-1
2462,118242,-1,0,-1,-1,-1,-1,-1,-1,-1,-1
2463,118243,-1,0,-1,-1,-1,-1,-1,-1,-1,-1
2464,118244,-1,0,-1,-1,-1,-1,-1,-1,-1,-1
2465,118245,-1,0,-1,-1,-1,-1,-1,-1,-1,-1
2466,118246,-1,0,-1,-1,-1,-1,-1,-1,-1,-1
2467,118247,-1,0,-1,-1,-1,-1,-1,-1,-1,-1
2468,118248,-1,0,-1,-1,-1,-1,-1,-1,-1,-1
2469,118249,-1,0,-1,-1,-1,-1,-1,-1,-1,-1
2470,118250,-1,0,-1,-1,-1,-1,-1,-1,-1,-1
2471,118251,6,4,2,1,3,-1,-1,-1,-1,-1
2472,118252,6,4,2,-1,0,-1,-1,-1,-1,-1
2473,118253,6,4,2,-1,0,-1,-1,-1,-1,-1
2474,118254,-1,0,-1,-1,-1,-1,-1,-1,-1,-1
2475,118255,-1,0,-1,-1,-1,-1,-1,-1,-1,-1
2476,118256,-1,0,-1,-1,-1,-1,-1,-1,-1,-1
2477,125065,-1,0,-1,-1,-1,-1,-1,-1,-1,-1
2478,125066,-1,0,-1,-1,-1,-1,-1,-1,-1,-1
2479,125067,-1,0,-1,-1,-1,-1,-1,-1,-1,-1
2480,126851,13,7,2,1,0,100,70,-1,-1,-1
2481,126852,-1,0,-1,-1,-1,-1,-1,-1,-1,-1
2482,126853,-1,0,-1,-1,-1,-1,-1,-1,-1,-1
2483,126854,9,6,1,4,0,50,20,-1,-1,-1
2484,126855,-1,0,-1,-1,-1,-1,-1,-1,-1,-1
2485,126856,-1,0,-1,-1,-1,-1,-1,-1,-1,-1
2486,126857,13,1,1,1,4,300,40,-1,2,-1
2487,126858,13,1,1,4,4,300,40,-1,2,-1
2488,126859,13,1,1,1,0,300,40,-1,2,-1
2489,126860,13,1,1,4,0,300,40,-1,2,-1
2490,126861,-1,0,-1,-1,-1,-1,-1,-1,-1,-1
2491,126862,-1,0,-1,-1,-1,-1,-1,-1,-1,-1
2492,126863,13,6,1,4,0,130,-1,-1,-1,-1
2493,126864,-1,0,-1,-1,-1,-1,-1,-1,-1,-1
2494,129426,-1,0,-1,-1,-1,-1,-1,-1,-1,-1
2495,129427,-1,0,-1,-1,-1,-1,-1,-1,-1,-1
2496,129428,16,1,1,1,0,-1,-1,-1,-1,-1
2497,129429,16,1,1,1,0,-1,-1,-1,-1,-1
2498,129430,1,4,2,1,1,-1,-1,-1,-1,-1
2499,129431,1,4,2,-1,0,-1,-1,-1,-1,-1
2500,129432,-1,0,-1,-1,-1,-1,-1,-1,-1,-1
2501,129433,-1,0,-1,-1,-1,-1,-1,-1,-1,-1
2502,129434,-1,0,-1,-1,-1,-1,-1,-1,-1,-1
2503,129435,-1,0,-1,-1,-1,-1,-1,-1,-1,-1
2504,129436,-1,0,-1,-1,-1,-1,-1,-1,-1,-1
2505,129437,-1,0,-1,-1,-1,-1,-1,-1,-1,-1
2506,129438,-1,0,-1,-1,-1,-1,-1,-1,-1,-1
2507,129439,-1,0,-1,-1,-1,-1,-1,-1,-1,-1
2508,129440,-1,0,-1,-1,-1,-1,-1,-1,-1,-1
2509,129441,-1,0,-1,-1,-1,-1,-1,-1,-1,-1
2510,129442,-1,0,-1,-1,-1,-1,-1,-1,-1,-1
2511,129443,-1,0,-1,-1,-1,-1,-1,-1,-1,-1
2512,129444,15,1,2,1,0,100,20,-1,-1,-1
2513,129445,15,1,2,4,0,100,20,-1,-1,-1
2514,131659,-1,0,-1,-1,-1,-1,-1,-1,-1,-1
2515,131660,-1,0,-1,-1,-1,-1,-1,-1,-1,-1
2516,131661,-1,0,-1,-1,-1,-1,-1,-1,-1,-1
2517,131662,-1,0,-1,-1,-1,-1,-1,-1,-1,-1
2518,131663,-1,0,-1,-1,-1,-1,-1,-1,-1,-1
2519,131664,-1,0,-1,-1,-1,-1,-1,-1,-1,-1
2520,131665,-1,0,-1,-1,-1,-1,-1,-1,-1,-1
2521,131666,-1,0,-1,-1,-1,-1,-1,-1,-1,-1
2522,131667,-1,0,-1,-1,-1,-1,-1,-1,-1,-1
2523,131668,-1,0,-1,-1,-1,-1,-1,-1,-1,-1
2524,131669,-1,0,-1,-1,-1,-1,-1,-1,-1,-1
2525,131670,-1,0,-1,-1,-1,-1,-1,-1,-1,-1
2526,131671,16,1,1,1,4,-1,-1,-1,-1,-1
2527,131672,16,1,1,1,4,-1,-1,-1,-1,-1
2528,131673,16,1,1,4,0,-1,-1,-1,-1,-1
2529,131674,16,1,1,-1,0,-1,-1,-1,-1,-1
2530,131675,-1,0,-1,-1,-1,-1,-1,-1,-1,-1
2531,131676,-1,0,-1,-1,-1,-1,-1,-1,-1,-1
2532,131677,-1,0,-1,-1,-1,-1,-1,-1,-1,-1
2533,131678,-1,0,-1,-1,-1,-1,-1,-1,-1,-1
2534,131679,-1,0,-1,-1,-1,-1,-1,-1,-1,-1
